YHL004W,44.33333333333334
YPL192C,0.0
YLR382C,35.898809523809526
YPL014W,0.0
YLR061W,19.066666666666666
YER175C,0.0
YHR084W,0.0
YPL170W,0.0
YPR055W,3.0416666666666665
YAL055W,0.0
YCR002C,0.0
YGR262C,0.0
YOR110W,3.880952380952381
YJR064W,4.0
YGL244W,0.0
YPL091W,0.0
YNR017W,3.4000000000000004
YDR051C,6.0
YDL137W,0.0
YIR003W,0.0
YIL143C,30.268452380952382
YMR042W,7.119047619047619
YGR024C,0.0
YLR335W,12.555511155511155
YOR191W,0.0
YGL104C,0.0
YBR055C,4.0
YDR285W,0.5
YBR169C,0.0
YNL298W,25.279495504495504
YPR159W,0.0
YAL031C,0.0
YLR268W,53.73809523809525
YJL189W,19.066666666666666
YHR204W,0.0
YDR429C,21.580555555555556
YOL108C,0.0
YBR275C,0.0
YDR280W,17.944444444444443
YGR118W,54.327777777777776
YDL200C,0.0
YFL003C,0.0
YGR103W,0.0
YDR398W,0.0
YDL006W,0.0
YHR068W,0.0
YJL031C,1.6666666666666667
YJR053W,0.0
YLR170C,5.333333333333333
YBR084CA,19.066666666666666
YLR093C,15.166666666666668
YGR225W,0.0
YPL153C,0.0
YDR404C,51.64285714285714
YDR295C,5.916666666666666
YGR240C,0.0
YPR093C,0.0
YEL066W,0.0
YGR152C,0.0
YKR101W,2.1022727272727275
YBR130C,0.0
YML038C,0.0
YFR016C,0.0
YPR082C,0.0
YGL210W,0.0
YCR020CA,0.0
YGL234W,0.0
YKL144C,31.5
YKR055W,3.75
YPR171W,2.0075757575757573
YLR386W,0.0
YGR048W,0.45454545454545453
YNL317W,0.0
YHR047C,0.0
YFL035C,0.0
YOL113W,6.857142857142857
YNL044W,0.0
YOR344C,0.0
YLR267W,0.0
YBL007C,3.0416666666666665
YPR112C,0.0
YNL053W,0.0
YLR113W,2.166666666666667
YKL154W,0.0
YMR149W,4.583333333333334
YDR166C,1.875
YCR081W,2.321428571428571
YCR077C,17.125
YOR020C,5.333333333333333
YNL005C,78.66666666666667
YAL040C,0.0
YPL090C,54.327777777777776
YKR082W,2.0238095238095237
YKL105C,0.0
YPR187W,82.32460317460317
YJR123W,202.15000000000015
YPL065W,1.6666666666666667
YNL236W,127.79285714285717
YMR153W,0.5333333333333333
YOR279C,3.75
YJR073C,0.0
YGR148C,19.066666666666666
YPL169C,0.0
YFL036W,0.0
YBL063W,0.0
YJL151C,1.8
YDL175C,2.1333333333333333
YOR005C,0.0
YBR115C,0.0
YLR367W,54.327777777777776
YER158C,0.0
YBL051C,0.0
YMR271C,0.0
YGL078C,0.0
YLR333C,471.5
YDR259C,0.0
YJL099W,0.0
YFL029C,0.0
YLR132C,0.0
YKL109W,2.1142857142857143
YLR128W,0.0
YLR321C,29.248366013071895
YBL014C,11.5
YPL084W,0.0
YDR004W,20.22380952380952
YFR022W,0.0
YJL106W,0.0
YNL273W,0.0
YKL119C,1.0
YNL075W,0.0
YLR190W,0.0
YJL190C,317.1666666666667
YAL043C,3.9714285714285715
YNL189W,8.641666666666666
YEL015W,0.0
YFR027W,1.5714285714285714
YDR162C,0.0
YGR210C,0.0
YBL058W,0.0
YDR270W,0.0
YMR047C,9.350000000000001
YNL290W,22.25
YNL071W,21.333333333333336
YOR133W,0.0
YGR185C,0.0
YNL242W,0.0
YKR090W,0.0
YNL228W,0.0
YNL252C,107.5
YKR072C,0.0
YGL081W,0.0
YEL017W,0.0
YDR334W,0.0
YLR228C,0.0
YCL032W,3.0
YBL005W,0.0
YOL112W,0.0
YJR061W,0.0
YDR238C,51.666666666666664
YOR326W,0.0
YIL047C,0.0
YLR263W,2.5
YNL187W,0.0
YCR024CA,0.0
YIL071C,6.0
YDL105W,4.117857142857143
YMR172W,0.0
YLR086W,1.0
YGL183C,0.0
YAL014C,0.0
YDR064W,54.327777777777776
YPL016W,17.22222222222222
YGR032W,0.0
YGR074W,0.0
YJL138C,0.0
YCR042C,36.36480186480186
YPL232W,0.42857142857142855
YNL227C,0.0
YML029W,0.0
YPR132W,54.327777777777776
YDR025W,54.327777777777776
YPR163C,0.0
YGL060W,0.0
YDL029W,11.564935064935067
YGL236C,0.0
YMR104C,0.0
YKL142W,28.666666666666668
YHR129C,0.0
YMR167W,3.720238095238095
YJR115W,0.0
YLR229C,26.392282717282715
YDR108W,19.93015873015873
YNL014W,0.0
YDR410C,0.0
YLR060W,0.0
YOL094C,22.25
YGR095C,24.833333333333336
YKL007W,0.0
YDR427W,389.0499999999999
YDL179W,0.0
YBR214W,0.0
YPR072W,81.1984126984127
YDR365C,0.0
YER029C,0.0
YOL091W,0.0
YML112W,8.833333333333332
YDL192W,251.0
YNL261W,44.82269309637731
YDR028C,10.714285714285714
YNL106C,0.0
YIR011C,0.0
YBR044C,7.0
YMR287C,35.898809523809526
YPL121C,0.0
YMR213W,0.0
YBR135W,0.0
YER016W,0.0
YNL306W,44.33333333333334
YBR257W,11.333333333333334
YIL002C,0.0
YDL045WA,28.666666666666668
YHR195W,0.0
YER148W,24.409967320261437
YJL076W,0.0
YIL026C,0.0
YGR072W,0.0
YAR014C,0.0
YNL087W,0.0
YAL059W,0.0
YCL059C,0.0
YOR081C,0.0
YGL137W,46.3095238095238
YDL201W,0.0
YER074W,54.327777777777776
YML115C,0.0
YGL194C,0.0
YPL124W,16.583333333333336
YLR453C,0.0
YLR103C,38.946069719753936
YLR082C,0.0
YJR032W,2.9846153846153847
YLR010C,0.0
YMR192W,0.7142857142857143
YGR200C,0.0
YLR295C,49.06666666666666
YGR104C,126.90000000000002
YLR238W,0.0
YAL019W,0.0
YOL069W,29.666666666666668
YDR214W,0.0
YER118C,20.545454545454547
YLR197W,5.333333333333333
YNL121C,18.500000000000004
YOR111W,0.0
YHR196W,0.0
YBL025W,2.0
YGR067C,2.0238095238095237
YDL145C,46.464285714285715
YBL101C,0.0
YJL029C,0.0
YJR043C,33.85051834130782
YNL090W,14.583333333333332
YNL263C,0.0
YJL057C,0.0
YPL234C,81.85000000000001
YKL135C,4.75
YER164W,0.0
YMR060C,19.938095238095237
YMR190C,0.0
YMR311C,21.25
YDR150W,4.083333333333334
YBR128C,0.0
YBL099W,45.949999999999996
YBL079W,0.0
YGL213C,3.0
YMR022W,2.0
YGR180C,16.6
YBR034C,0.0
YER176W,0.0
YBL087C,19.066666666666666
YBR253W,192.41666666666669
YOR303W,0.0
YPL036W,0.0
YML015C,62.166666666666664
YDR195W,0.0
YJL112W,0.0
YCR034W,0.0
YLR310C,16.0
YIR017C,0.0
YJL061W,0.0
YHR113W,0.0
YKL023W,0.0
YER075C,0.0
YNL234W,0.0
YPR162C,173.7142857142857
YLR141W,2.0
YNL067W,19.066666666666666
YLR449W,0.0
YOL086C,0.0
YGR144W,6.285714285714286
YGL003C,11.333333333333334
YKR069W,0.0
YGR292W,0.0
YMR080C,0.0
YBR234C,0.0
YOR087W,0.0
YGL100W,24.142857142857142
YNL036W,0.0
YHR023W,0.0
YJL137C,0.0
YCR091W,0.0
YBR188C,0.0
YIL022W,0.0
YJL043W,0.0
YNL272C,0.0
YFL021W,0.0
YHR179W,0.0
YKL028W,0.75
YBR289W,17.22222222222222
YDL185W,85.90476190476191
YLR053C,0.0
YLR003C,0.0
YMR124W,6.0
YMR308C,12.967532467532468
YMR216C,0.0
YNL062C,35.666666666666664
YPL129W,917.0
YHR060W,1.0
YMR009W,0.0
YOL148C,111.19999999999999
YDR482C,0.0
YFR047C,0.0
YLR145W,0.0
YBR200W,22.25
YDL044C,35.898809523809526
YNL054W,0.0
YMR044W,0.0
YPL243W,11.7
YOR085W,4.583333333333334
YMR134W,0.0
YDR155C,0.0
YJR122W,139.33333333333334
YOR197W,0.0
YPL026C,1.1428571428571428
YNL086W,0.0
YOR386W,0.0
YFL039C,27.301900584795323
YDR309C,40.172402597402595
YPR161C,0.0
YDL226C,0.0
YOR101W,0.0
YHR108W,0.0
YHR182W,0.0
YPR191W,16.409523809523808
YHR164C,0.0
YGR274C,46.51278166278166
YKL173W,0.0
YER122C,0.0
YGR232W,506.91666666666663
YJR056C,0.0
YHR206W,6.181818181818182
YLR029C,19.066666666666666
YLR423C,14.62179487179487
YDL180W,0.0
YHR118C,44.82269309637731
YDR499W,0.0
YNR046W,0.0
YDR443C,45.0
YGR113W,1.1428571428571428
YJR089W,2.125
YDR007W,0.0
YMR121C,19.066666666666666
YGL115W,5.9071428571428575
YOR177C,0.0
YIL046W,2.5955882352941178
YLR191W,2.0
YCL061C,0.0
YMR131C,0.0
YER069W,0.0
YBL003C,12.6
YCL054W,0.0
YBR138C,0.0
YLR105C,2.2666666666666666
YDL106C,0.0
YKL020C,15.6
YFL060C,0.0
YFL005W,0.0
YFR037C,29.248366013071895
YHR024C,0.0
YPR111W,0.0
YMR076C,0.0
YMR194W,19.066666666666666
YOR132W,2.0
YAR044W,0.0
YJL034W,0.0
YLR178C,4.964285714285714
YNL214W,2.0
YER117W,19.066666666666666
YLR258W,4.0
YLR363C,0.0
YPL119C,0.0
YDL154W,0.0
YPL081W,54.327777777777776
YHR039CA,61.35194805194806
YHR184W,0.0
YBL061C,0.0
YDR511W,0.0
YGR146C,0.0
YLR337W,0.0
YFR033C,17.6
YOL131W,0.0
YCR033W,0.0
YIL007C,29.666666666666668
YLR452C,10.0
YLR118C,0.0
YJL110C,0.8571428571428571
YEL024W,20.666666666666668
YDR464W,0.0
YKL018W,5.314285714285714
YML073C,19.066666666666666
YIL018W,19.066666666666666
YOL034W,0.0
YBR136W,0.0
YGR261C,0.0
YHR056C,0.0
YDR289C,0.0
YDR020C,0.0
YNL245C,0.0
YLR177W,0.0
YNL301C,19.066666666666666
YKR052C,78.08333333333333
YDR480W,0.0
YEL003W,3.619047619047619
YML094W,3.619047619047619
YCR093W,62.10128205128205
YDR422C,5.885714285714286
YLR359W,0.0
YCLX08C,0.0
YGR246C,1.7
YER171W,25.250162784412012
YJL098W,0.0
YPL075W,0.0
YGL022W,4.583333333333334
YNL253W,0.0
YGL093W,0.0
YIR005W,0.0
YJL063C,78.66666666666667
YOL128C,0.0
YOR334W,35.898809523809526
YNR034W,0.0
YDR485C,0.0
YHR098C,0.0
YDL240W,0.0
YOR272W,0.0
YIL066C,20.133333333333333
YBR037C,0.0
YLR312WA,50.83333333333333
YPR166C,28.666666666666668
YCR024C,0.0
YEL036C,2.6666666666666665
YDR459C,0.0
YGR159C,0.0
YPR049C,0.0
YBR203W,0.0
YKR084C,7.833333333333334
YBR098W,0.0
YAL017W,0.0
YKL110C,0.0
YJL074C,11.541666666666666
YEL009C,13.28034188034188
YMR094W,2.0723981900452486
YDR385W,0.0
YJL026W,18.8
YMR218C,21.038095238095238
YDR086C,0.0
YML021C,0.0
YGL131C,0.0
YLR233C,0.0
YDL184WB,61.35194805194806
YOR069W,9.114285714285714
YBR173C,367.50000000000006
YJL183W,4.166666666666667
YOL040C,54.327777777777776
YGL095C,0.0
YJR104C,0.0
YMR071C,0.0
YLR167W,145.88333333333333
YER105C,2.1142857142857143
YGL092W,26.424908424908427
YER023W,11.0
YIL132C,0.0
YGL105W,0.0
YKL117W,8.628571428571428
YBR175W,0.0
YKR085C,107.5
YOR023C,0.0
YOR045W,22.9
YJL148W,25.261507936507936
YDR246W,29.923809523809524
YHR005CA,37.898809523809526
YOR231W,2.033333333333333
YJR048W,0.0
YLR291C,7.666666666666666
YNL013C,0.0
YMR065W,0.0
YGR192C,0.0
YJR145C,54.327777777777776
YDR337W,44.333333333333336
YKL150W,0.0
YLR153C,0.0
YAL051W,0.0
YGR238C,0.0
YGR193C,16.75
YLR347C,2.0238095238095237
YLR396C,4.041666666666666
YJL081C,4.023809523809524
YDL042C,0.0
YER028C,0.0
YMR012W,0.0
YLR287CA,54.327777777777776
YER104W,0.0
YKR059W,0.0
YMR270C,7.25
YIL150C,8.0
YDR277C,0.0
YIL021W,86.78571428571426
YDR409W,0.0
YMR199W,2.6666666666666665
YOR038C,0.0
YHR141C,19.066666666666666
YER123W,3.3333333333333335
YOL123W,2.083333333333333
YOR250C,4.0
YLR025W,0.0
YHL033C,19.066666666666666
YFL059W,2.0
YNL032W,2.6666666666666665
YER125W,4.918128654970761
YJL218W,0.0
YJL140W,58.017857142857146
YPR108W,273.34999999999997
YER161C,1.1111111111111112
YBL112C,0.0
YNR053C,8.0
YLR265C,0.0
YPL094C,5.083333333333334
YML042W,5.0
YKL188C,0.0
YEL017CA,0.0
YPR047W,0.0
YFR052W,425.63333333333355
YGL220W,0.0
YDR127W,0.0
YPR176C,2.2666666666666666
YFL009W,16.90277777777778
YJR060W,0.0
YBL052C,0.0
YGL153W,9.0
YDR097C,0.0
YHR041C,124.93095238095239
YJL111W,4.0
YJR062C,0.0
YMR230W,54.327777777777776
YDR377W,61.5
YDL028C,0.0
YLR406C,19.066666666666666
YMR038C,3.7142857142857144
YHR209W,0.0
YML064C,4.1
YPL001W,0.0
YMR312W,0.0
YDL067C,8.533333333333333
YIL122W,0.0
YPL135W,0.0
YER149C,0.16666666666666666
YMR228W,0.0
YPL173W,50.83333333333333
YBL002W,4.357142857142858
YLR131C,0.0
YCL009C,0.0
YGL249W,0.0
YGR054W,0.0
YMR108W,0.0
YML088W,2.6666666666666665
YDR227W,0.0
YKL113C,0.0
YKR104W,0.0
YOR179C,0.0
YDL165W,66.41428571428571
YDL230W,0.0
YPL191C,0.0
YOR109W,0.0
YNL230C,0.0
YDR395W,3.3333333333333335
YPL070W,0.0
YGL147C,19.066666666666666
YOR043W,0.0
YGL096W,0.0
YLR213C,0.0
YHR170W,0.0
YPR185W,0.0
YNL191W,0.0
YJR090C,4.48844537815126
YPR134W,106.00000000000001
YDR369C,0.6666666666666666
YOL127W,123.79999999999998
YKL048C,0.6153846153846154
YJL180C,0.0
YNL188W,0.0
YBR154C,110.15396825396824
YMR032W,2.0404040404040407
YER173W,5.428571428571429
YHR105W,0.0
YIL050W,0.0
YKR080W,0.0
YJR007W,4.125
YDR469W,0.0
YDL077C,0.0
YLR324W,0.0
YPL210C,14.833333333333332
YDR407C,21.974603174603175
YER021W,663.3333333333334
YPL112C,0.0
YGL071W,0.0
YFR034C,28.000000000000004
YDL003W,0.0
YNL118C,3.482456140350877
YBR222C,0.0
YLR357W,31.241666666666664
YDL155W,0.0
YLR212C,0.8181818181818182
YGR047C,4.023809523809524
YBR079C,24.069444444444446
YLR032W,0.0
YDR267C,1.6
YKL156W,54.327777777777776
YDR274C,0.0
YJR159W,0.0
YOR188W,0.0
YML058W,16.75
YER066CA,0.0
YNL293W,0.0
YLR076C,0.0
YKR030W,0.0
YOR310C,3.0416666666666665
YHR012W,4.8
YML124C,0.0
YPR023C,0.0
YHR015W,0.0
YHR143WA,76.75555555555556
YIL106W,60.742857142857154
YER018C,0.0
YGL206C,0.0
YPL140C,0.0
YDR164C,2.761904761904762
YML098W,71.0
YER022W,114.55317460317461
YPL031C,0.0
YNL258C,0.0
YHR161C,0.0
YDR145W,100.85454545454543
YNL050C,0.0
YDR237W,78.66666666666667
YJR086W,8.5
YGR135W,278.4095238095238
YMR253C,0.0
YLR440C,0.0
YLL050C,0.0
YKR083C,0.0
YER177W,0.0
YDR082W,0.0
YDR390C,2.6545454545454548
YKL075C,0.0
YDL195W,7.75
YML035C,0.0
YKL050C,0.0
YMR203W,34.83333333333333
YNL182C,0.0
YML075C,0.0
YPL164C,0.0
YHR156C,0.0
YMR112C,227.66666666666666
YPR181C,9.813492063492063
YAL033W,7.870707070707071
YPL022W,8.68421052631579
YDL108W,17.76904761904762
YNL218W,0.0
YJL054W,4.675
YBL066C,0.0
YKL052C,0.0
YGR243W,0.0
YBR221C,12.277777777777779
YBR213W,0.0
YNL094W,0.0
YBL036C,0.0
YGL035C,4.714285714285714
YNL066W,0.0
YIR008C,7.0
YIL117C,0.0
YGL154C,0.0
YOL004W,28.485
YHR178W,0.0
YCL052C,0.0
YDR316W,0.0
YLR429W,0.0
YNL302C,54.327777777777776
YER032W,2.2403846153846154
YER112W,18.0
YNL035C,0.0
YLR206W,0.0
YBR094W,0.0
YDL074C,7.208333333333333
YAR009C,0.0
YKR064W,0.0
YNL093W,1.1428571428571428
YDR320C,0.0
YKL059C,0.0
YJL024C,0.0
YDL017W,10.188311688311687
YMR019W,0.0
YLR309C,0.0
YOL133W,5.2
YBR270C,0.0
YDR477W,5.885714285714286
YOL110W,0.0
YFR021W,0.0
YER131W,54.327777777777776
YHR158C,2.6666666666666665
YBR081C,45.76175520386047
YGL149W,0.0
YCL011C,0.0
YMR056C,0.0
YOR202W,0.0
YDL184C,19.066666666666666
YER070W,87.0
YDL143W,4.0
YAR008W,1.2
YER094C,379.93333333333334
YGR052W,0.0
YCR088W,37.33333333333333
YNL084C,1.0
YPL115C,8.149999999999999
YGR041W,0.0
YHR216W,0.0
YFL014W,0.0
YHR099W,45.761755203860474
YDR363W,0.0
YHR086W,0.0
YHL025W,16.88888888888889
YDR118W,24.6
YDR378C,0.0
YJL085W,3.0416666666666665
YNL096C,54.327777777777776
YHR169W,0.0
YDR130C,6.461538461538462
YDR229W,0.0
YLL024C,4.26419413919414
YPR104C,0.0
YCR087W,0.0
YOR370C,0.6
YKR094C,19.066666666666666
YDL112W,0.0
YLL045C,19.066666666666666
YKR086W,0.0
YNR016C,0.0
YHR073W,0.6153846153846154
YPR071W,0.0
YMR246W,0.0
YDR244W,2.0
YAL018C,0.0
YCL063W,0.0
YDL025C,0.0
YDR339C,0.0
YCL037C,0.0
YNR001C,0.0
YHR147C,69.83333333333333
YKL122C,20.0
YIR038C,0.0
YDR100W,0.0
YJL143W,3.666666666666667
YER179W,90.10515873015875
YLR094C,0.0
YKL078W,0.0
YNL027W,0.0
YGL180W,0.0
YOL120C,19.066666666666666
YOL121C,54.327777777777776
YMR237W,0.0
YML104C,0.0
YMR089C,0.625
YDL082W,19.066666666666666
YDR235W,0.0
YBR048W,54.327777777777776
YHR026W,61.35194805194806
YGR082W,19.542857142857144
YPR051W,0.0
YHL002W,2.6666666666666665
YOR142W,0.0
YOR063W,19.066666666666666
YLR371W,0.0
YPL079W,19.066666666666666
YDL156W,0.0
YDL181W,63.66666666666666
YDR183W,0.0
YIL115C,2.033333333333333
YPR101W,1.0
YGR010W,0.0
YLL049W,0.0
YOL100W,0.0
YDL146W,0.0
YOR361C,45.833333333333336
YDR129C,5.961988304093567
YIL118W,3.625
YNL329C,0.0
YHR115C,0.0
YEL005C,0.0
YMR117C,23.400000000000002
YOL077WA,43.47380952380952
YGL143C,0.0
YMR106C,2.1538461538461537
YEL021W,0.0
YOR076C,0.0
YKL148C,3.7857142857142856
YJR010CA,0.0
YOR227W,0.0
YHR014W,0.0
YKL138C,78.66666666666667
YHR117W,42.5
YDR450W,54.327777777777776
YKR025W,0.0
YHR119W,1.1818181818181819
YDL153C,0.0
YOL090W,4.2894736842105265
YIL061C,0.0
YLR160C,0.0
YOL068C,2.571428571428571
YDL087C,0.0
YNL167C,12.600000000000001
YDR027C,0.0
YKL021C,0.0
YKR008W,49.166666666666664
YPL064C,0.0
YPL095C,0.0
YGR178C,0.0
YJR023C,0.0
YPL143W,19.066666666666666
YFL037W,0.35714285714285715
YJR068W,15.125
YLR019W,0.0
YBR217W,2.4
YGR214W,54.327777777777776
YOR217W,14.850000000000001
YLR293C,21.195454545454545
YNL178W,103.77222222222217
YPL005W,0.0
YMR239C,0.0
YDL132W,24.4
YKL041W,0.0
YLR246W,0.0
YMR048W,0.0
YIL113W,0.0
YGL238W,0.0
YDR490C,0.0
YGL116W,5.2
YHR071W,0.0
YER127W,0.0
YDL014W,3.0416666666666665
YGL094C,0.0
YDR113C,16.0
YPL139C,0.0
YGR040W,15.6
YER040W,0.0
YGL086W,7.428571428571429
YKL092C,0.0
YNL259C,0.0
YGR162W,1.25
YNL006W,2.0
YER007W,3.3333333333333335
YOR140W,4.321428571428571
YNL138W,0.75
YLR045C,0.0
YHR103W,0.0
YDL043C,18.0
YFR015C,0.0
YDR224C,19.914285714285715
YPL218W,9.813492063492063
YHR079CA,0.0
YKR092C,0.0
YDR080W,0.0
YER011W,0.0
YIL009CA,0.0
YCR009C,3.3333333333333335
YER031C,0.0
YBL017C,0.0
YBR050C,0.0
YJL139C,0.0
YNL078W,0.0
YKL082C,4.6886363636363635
YKL176C,0.0
YBR258C,0.0
YKL019W,0.0
YIL156W,0.0
YLR120C,0.0
YPL029W,45.1595238095238
YBR117C,0.0
YER009W,18.833333333333332
YBL054W,0.0
YJL090C,2.6
YKR029C,0.0
YBR039W,54.949999999999996
YDR054C,5.625816993464053
YLR234W,0.0
YHR079C,0.0
YNL225C,1.0
YCR023C,0.0
YCR014C,0.0
YOR182C,54.327777777777776
YOR207C,19.410714285714285
YMR186W,12.846428571428572
YMR227C,36.36480186480186
YAL011W,0.0
YCR057C,0.0
YBL045C,15.514285714285714
YOR167C,201.95000000000016
YPR172W,0.0
YHR144C,0.0
YAL047C,0.0
YLR370C,10.014285714285714
YDL102W,33.85051834130782
YJL164C,12.5
YOR017W,0.0
YOR324C,0.0
YMR286W,50.83333333333333
YGR060W,0.0
YOL149W,0.0
YBR066C,0.0
YFR028C,2.5
YBR276C,0.0
YBR087W,18.375
YML121W,0.0
YOL144W,0.0
YGR222W,44.23452380952381
YJL042W,0.0
YKL189W,0.0
YER143W,0.0
YKL210W,0.0
YIL159W,0.0
YDL090C,0.0
YOR125C,0.0
YBL085W,9.75151515151515
YCR001W,0.0
YIL072W,6.0
YBR109C,9.09090909090909
YHR207C,0.0
YPR182W,0.0
YDL126C,0.0
YAL035W,0.0
YDR266C,0.0
YGR233C,0.0
YGL173C,0.631578947368421
YGL061C,2.0
YPR173C,0.0
YPL240C,16.81758241758242
YMR323W,0.0
YLR447C,61.35194805194806
YNL148C,0.0
YMR035W,0.0
YPR103W,389.2999999999999
YKL130C,0.0
YLR015W,0.0
YKL133C,0.0
YEL026W,0.0
YER111C,4.587301587301587
YNL314W,7.5
YDL056W,0.0
YCR005C,0.0
YBR143C,0.0
YOL065C,0.0
YNL049C,0.0
YHL027W,0.0
YML099C,8.666666666666666
YCR048W,0.0
YDL213C,0.0
YJR047C,0.0
YNL248C,25.261507936507936
YOL051W,114.02698412698413
YCL040W,4.75
YBR031W,19.066666666666666
YOL145C,0.2608695652173913
YJR092W,0.0
YOR327C,0.0
YDR172W,0.0
YHL018W,0.0
YGR089W,0.0
YFL017C,0.0
YKR036C,110.01666666666667
YLL038C,0.0
YER068W,44.142857142857146
YBL021C,2.857142857142857
YOR285W,0.0
YJL025W,16.25
YFL016C,0.0
YDL101C,6.0
YPR010C,25.261507936507936
YBR195C,3.2
YNL153C,4.023809523809524
YHR051W,15.66666666666667
YMR096W,0.0
YDR303C,0.0
YOL038W,331.2404761904762
YHR200W,425.8333333333335
YDR181C,22.2
YDR311W,19.21989962651727
YDR076W,29.5
YJL177W,19.066666666666666
YBL077W,0.0
YDR510W,0.7272727272727273
YKR026C,3.5
YER153C,0.0
YPL167C,0.0
YKL134C,0.0
YPR180W,0.0
YBL026W,0.0
YDR515W,0.0
YCRX16C,0.0
YFL034CA,19.066666666666666
YGL174W,0.0
YIL144W,3.3333333333333335
YBR059C,0.0
YMR052W,0.0
YDL225W,0.0
YNR045W,0.0
YBR043C,0.0
YJR045C,2.05
YJL155C,0.0
YER124C,4.4
YEL060C,0.0
YLR200W,4.761904761904762
YFR031CA,19.066666666666666
YDR416W,2.2857142857142856
YBR193C,115.92738095238094
YLR332W,0.0
YPL253C,0.0
YLR182W,3.0
YER110C,2.0238095238095237
YDR213W,0.0
YOR008C,0.0
YMR261C,1.6666666666666667
YMR235C,1.3333333333333333
YMR257C,0.0
YDR174W,0.0
YGL185C,0.0
YLR388W,54.327777777777776
YER146W,0.0
YER172C,5.357142857142857
YML069W,0.0
YNL139C,0.0
YGL145W,0.0
YGR173W,0.0
YGR070W,0.0
YPR088C,10.533333333333333
YBL030C,0.0
YBR235W,0.0
YPR141C,1.9
YKL153W,0.0
YKL022C,21.599999999999998
YKR054C,0.0
YER114C,27.25
YLL010C,0.0
YJL141C,2.8
YOL132W,0.0
YNR037C,0.0
YMR297W,0.0
YIR039C,0.0
YBR072W,0.0
YIL162W,0.0
YGR195W,13.044488844488844
YOR103C,17.0
YGL172W,39.595238095238095
YLR316C,0.0
YBL106C,4.564102564102564
YOR353C,0.0
YOR128C,0.0
YKL017C,0.0
YOL067C,0.0
YNL103W,0.0
YDR122W,0.0
YKL213C,0.0
YOR061W,11.155555555555555
YLR325C,19.066666666666666
YJR076C,3.705882352941176
YLR306W,0.0
YMR116C,54.327777777777776
YKL141W,0.5714285714285714
YDL217C,6.6
YLL036C,2.0
YLR320W,0.0
YOR181W,18.375
YDR201W,12.666666666666668
YLR456W,0.0
YKR099W,0.0
YLR259C,0.0
YGR268C,0.0
YHR027C,291.2904761904762
YEL032W,41.654403053087265
YDL088C,0.0
YIL069C,54.327777777777776
YBR202W,41.654403053087265
YLR240W,0.0
YLR352W,0.0
YNR058W,0.0
YLR373C,0.0
YLR222C,0.0
YOR029W,0.0
YBR254C,38.6
YMR053C,50.0
YBR097W,0.0
YKL112W,5.055555555555555
YLR418C,38.19761904761904
YKL002W,0.0
YOR124C,0.0
YPR029C,3.416666666666666
YLR048W,54.327777777777776
YDR292C,0.0
YGL032C,0.0
YDL161W,0.0
YLR148W,4.3999999999999995
YML109W,37.90714285714286
YDL089W,0.0
YDR418W,19.066666666666666
YIL048W,0.0
YLR454W,0.0
YMR154C,0.0
YLR289W,0.0
YJR140C,0.0
YDR440W,0.0
YCR096C,2.192513368983957
YGR018C,0.0
YIL142W,9.0
YLR133W,0.0
YGL063W,0.0
YGL006W,0.0
YAL028W,0.0
YJL080C,0.0
YBR133C,7.0
YCL024W,0.0
YLR427W,0.0
YPR102C,19.066666666666666
YOL115W,0.0
YNL124W,0.6666666666666666
YJR058C,2.5
YPL209C,3.2857142857142856
YML051W,4.666666666666666
YBL084C,16.795238095238098
YLR135W,0.0
YLR466W,0.0
YPL237W,2.1022727272727275
YER081W,0.0
YDR488C,0.0
YAL021C,54.96666666666667
YMR291W,0.0
YGL221C,0.0
YKL209C,0.0
YDR169C,0.0
YNR019W,0.0
YGR191W,0.0
YER142C,0.0
YLR292C,6.666666666666668
YML095C,11.5
YOR320C,0.0
YPL246C,0.0
YPL174C,52.66666666666667
YFL066C,0.0
YLR256W,0.0
YNL163C,0.0
YMR036C,0.0
YHR090C,0.0
YKL081W,16.333333333333336
YKL170W,78.66666666666667
YNL244C,54.595238095238095
YDR472W,34.266666666666666
YPL086C,0.0
YGL189C,190.34999999999982
YLR127C,7.314285714285715
YDL207W,9.075
YBR172C,0.0
YGL014W,0.0
YDR188W,4.0
YDR484W,0.0
YKL166C,11.145454545454545
YMR159C,1.5384615384615385
YDL134C,2.0
YDR247W,0.0
YPR152C,0.0
YGL208W,5.885714285714286
YJR127C,0.0
YNL264C,0.0
YOR047C,0.0
YJR035W,0.0
YER095W,13.209523809523809
YAL056W,12.142857142857142
YPR019W,50.983874458874446
YDR216W,13.196618242438676
YPL122C,25.533053221288515
YBR140C,0.0
YMR142C,19.066666666666666
YIL063C,15.916666666666666
YNL098C,2.5555555555555554
YGR092W,44.142857142857146
YOL117W,0.0
YKL129C,2.0404040404040407
YJR103W,0.0
YOR195W,8.25
YGL073W,0.0
YLR175W,0.0
YML092C,380.1
YHR055C,0.0
YDR128W,0.0
YOL039W,219.91666666666666
YDL008W,16.795238095238098
YOR260W,3.416666666666666
YJL165C,0.0
YGR136W,0.0
YJR022W,47.833333333333336
YIR004W,0.0
YPL194W,0.0
YIL139C,0.0
YLR144C,1.6666666666666667
YDR436W,0.0
YMR240C,2.207792207792208
YOR051C,0.0
YML007W,0.0
YDL040C,0.0
YLR039C,0.0
YPL235W,0.0
YOR358W,2.1142857142857143
YPR184W,0.0
RRP13,0.0
YIR023W,0.4
YHR191C,0.0
YOR080W,0.0
YJL184W,0.0
YKR048C,0.0
YBR113W,0.0
YHR021C,54.327777777777776
YPL149W,0.0
YGR179C,0.0
YDR179C,0.0
YBR114W,0.0
YDR288W,0.0
YPR158WA,0.0
YKR062W,1.3333333333333333
YJR033C,5.843137254901961
YDR394W,345.94047619047626
YGL001C,0.0
YLL014W,0.0
YNR012W,0.0
YLR117C,0.0
YOR122C,0.0
YPL023C,0.0
YFR039C,0.0
YNL102W,2.761904761904762
YLR119W,0.0
YOR281C,0.0
YDL229W,0.0
YIL075C,286.75178571428575
YNL311C,0.0
YKL205W,5.9
YGL040C,0.0
YOR033C,0.0
YDR405W,78.66666666666667
YLR403W,0.0
YOL070C,0.0
YFL034CB,0.0
YPL181W,12.0
YDR189W,4.646825396825397
YAL036C,0.0
YGL135W,19.066666666666666
YPR036W,104.00000000000001
YLR281C,0.0
YFR054C,0.0
YFR040W,0.0
YBL027W,19.066666666666666
YPL078C,54.75000000000001
YHR199C,0.0
YDR296W,0.0
YDR177W,0.0
YKL085W,0.0
YOL017W,0.0
YJR050W,0.0
YDR310C,2.321428571428571
YLR342W,0.0
YKL161C,0.0
YOR039W,7.708333333333333
YHR077C,0.0
YDR159W,0.0
YGR119C,44.166666666666664
YLR424W,0.0
YLR108C,0.0
YBL038W,69.83333333333333
YJL172W,0.0
YLR344W,19.066666666666666
YER049W,0.0
YDR131C,4.0
YBL050W,6.211111111111111
YLR422W,0.0
YGR101W,0.0
YDR167W,76.31847626058152
YER100W,2.0
YDL097C,270.84999999999997
YNR063W,0.0
YDR194C,35.898809523809526
YML117W,0.0
YGL178W,12.214285714285715
YDL116W,33.430952380952384
YLL032C,0.0
YGR058W,0.0
YLR395C,12.083333333333334
YOR302W,0.0
YOR213C,62.60000000000001
YLR055C,91.93333333333332
YCR107W,0.0
YDL193W,1.4285714285714286
YBR120C,59.083333333333336
YGL023C,0.0
YLR005W,35.092063492063495
YPL195W,0.0
YDR170C,0.0
YKL108W,16.88888888888889
YNL309W,25.04
YCR052W,47.8
YDR088C,0.0
YGR253C,383.76666666666665
YLL039C,4.1
YOR084W,0.0
YCL034W,0.0
YKR019C,0.0
YCR079W,1.7777777777777777
YPR177C,0.0
YOR066W,0.0
YOR064C,0.0
YDR225W,35.900000000000006
YDR052C,11.40909090909091
YJL005W,2.6944444444444446
YJL006C,2.433333333333333
YBL092W,291.9999999999999
YPR178W,0.0
YDR388W,10.571741854636592
YJR143C,0.0
YJR065C,10.889754689754689
YER044C,0.0
YMR276W,9.25
YOR212W,9.211904761904762
YGR252W,47.44293031529874
YDR362C,7.25
YOR312C,19.066666666666666
YKL211C,0.0
YDL133W,0.0
YGR056W,39.84166666666667
YOR369C,54.327777777777776
YLR247C,0.0
YPL152W,0.0
YLR130C,0.0
YCR035C,16.155555555555555
YJR110W,0.0
YOR332W,156.99999999999997
YGR186W,4.25
YAR019C,0.0
YLR245C,0.0
YEL037C,12.88452380952381
YBL008W,0.0
YJR138W,0.0
YAL024C,0.0
YDL092W,12.0
YPL042C,12.402380952380952
YDL125C,0.0
YLR038C,10.5
YMR236W,118.6111111111111
YBR116C,0.0
YKL155C,0.0
YOR229W,0.0
YKL139W,2.2666666666666666
YOL062C,2.05
YGR108W,0.0
YFR051C,41.32539682539682
YJL204C,0.0
YKR020W,0.0
YKL057C,24.1510989010989
YHR135C,2.4
YHR203C,317.1666666666667
YKL003C,35.25
YJL128C,2.5
YDR264C,5.125
YER159C,0.0
YLR071C,107.66865079365078
YNR035C,8.412987012987013
YBR205W,0.0
YGR158C,0.0
YDR306C,0.0
YGL158W,0.0
YJR066W,4.923809523809523
YJL115W,3.825
YCR084C,6.420855614973262
YOR018W,0.0
YDR473C,3.0
YCL012W,0.0
YML077W,34.266666666666666
YNL039W,2.288235294117647
YDL084W,0.0
YBL032W,0.0
YDR192C,20.386904761904763
YKL073W,0.0
YJL149W,0.0
YDR146C,0.0
YMR004W,0.0
YHR134W,0.0
YOR098C,0.0
YOL135C,155.0666666666667
YLR017W,0.0
YJR148W,0.0
YBR108W,0.0
YJL039C,0.0
YNL064C,0.0
YJL095W,2.0
YKL080W,172.5
YCR101C,0.0
YNL315C,2.3333333333333335
MEL1,0.0
YFR002W,11.708333333333332
YOL052C,0.0
YLR115W,7.75
YDR180W,0.0
YCR097W,0.0
YOR351C,3.5
YDR448W,59.30242812742812
YBR118W,20.666666666666664
YLR216C,29.999999999999996
YMR069W,0.0
YNL135C,0.0
YJR005W,2.05
YML010W,0.0
YOR026W,2.8
YGR084C,61.5
YGL087C,0.0
YMR088C,0.0
YNL239W,0.0
YGR203W,0.0
YIL173W,0.0
YKL013C,9.122077922077922
YOL151W,0.0
YJL092W,0.0
YPL131W,165.73333333333332
YMR275C,0.0
YEL051W,154.33333333333334
YOL005C,90.83333333333333
YLL016W,0.0
YPR043W,19.066666666666666
YPR034W,51.450000000000024
YBR181C,54.327777777777776
YPL178W,0.0
YPL231W,0.0
YGR130C,0.0
YKL072W,0.0
YPL089C,0.0
YOR232W,1.3333333333333333
YOR341W,25.261507936507936
YDL013W,0.0
YLR450W,1.7142857142857142
YIR016W,0.0
YOR308C,0.0
YGR100W,0.0
YIL065C,0.0
YML105C,13.333333333333334
YDR231C,0.0
YAL001C,4.750000000000001
YAR007C,0.7894736842105263
YML054C,2.1142857142857143
YPL125W,2.0238095238095237
YHR087W,0.0
YGR027C,54.327777777777776
YLR439W,50.83333333333333
YEL043W,5.041666666666666
YBL004W,0.0
YLR067C,0.0
YBL071C,0.0
YMR111C,0.0
YBR268W,50.83333333333333
YDL133CA,19.066666666666666
YCL066W,0.0
YNR050C,0.0
YJR006W,121.28571428571428
YBR167C,10.588888888888889
YOL032W,0.0
YHR074W,0.0
YDL075W,19.066666666666666
YHR188C,0.0
YDR168W,2.3956043956043955
YCL036W,0.0
YCR076C,0.0
YGR290W,0.0
YMR221C,0.0
YGL048C,276.29246031746027
YKL167C,78.66666666666667
YGL025C,121.99246031746033
YPL228W,0.0
YMR224C,0.0
YJR091C,0.0
YDR141C,0.0
YMR093W,0.0
YNL221C,9.866666666666665
YCR066W,0.0
YLL021W,3.2
YPL083C,2.2666666666666666
YAR003W,0.0
YDL127W,0.0
YIL104C,0.0
YMR183C,0.0
YDL004W,61.5
YOR265W,0.0
YDR156W,80.0
YHR035W,0.0
YDL111C,15.707892107892107
YGR258C,13.644607843137255
YKL182W,0.0
YDL190C,0.0
YOL018C,0.0
YLR026C,17.36111111111111
YGR296W,0.0
YGL226CA,4.583333333333334
YFR031C,2.5
YJL167W,0.0
YPL018W,0.0
YCR031C,54.327777777777776
YNL287W,48.51190476190476
YJL021C,0.0
YLR155C,0.0
YJL191W,54.327777777777776
YIL112W,0.0
YHL020C,0.0
YGR270W,270.84999999999997
YKL035W,0.0
YJL194W,39.74675324675325
YGL212W,2.833333333333333
YGR264C,0.0
YLL033W,0.0
YMR255W,12.666666666666668
YGL251C,0.0
YNL079C,0.0
YNL304W,0.0
YER115C,20.0
YEL061C,1.3333333333333333
YPR190C,19.410714285714285
YGL097W,0.5714285714285714
YMR233W,0.0
YNR003C,44.0
YBR127C,81.34826839826837
YCR012W,0.0
YBR003W,0.0
YOR264W,0.0
YAL032C,0.0
YMR092C,0.0
YKL179C,0.0
YMR263W,3.125
YAL005C,6.248626373626374
YKR010C,0.0
YCL067C,0.0
YNL185C,50.83333333333333
YKL203C,0.0
YKL172W,0.0
YLR318W,0.0
YHR149C,0.0
YNL034W,0.0
YOR373W,0.0
YIL126W,23.32843137254902
YML111W,0.0
YJR067C,0.0
YDR397C,0.0
YGL130W,0.0
YHL010C,0.0
YPL066W,0.0
YDL130W,19.066666666666666
YHR089C,1.5
YDR500C,19.066666666666666
YLR090W,0.0
YOR116C,22.885714285714286
YKL215C,0.0
YGR020C,173.0
YPL037C,0.0
YHR112C,0.0
YHR016C,2.0
YOR362C,359.99047619047616
YNL131W,24.516666666666662
YPR115W,0.0
YER017C,2.225
YIR009W,0.0
YJL048C,0.0
YKL011C,45.0
YDR261WA,0.0
YOR123C,0.0
YFR050C,357.95714285714286
YHL015W,201.90000000000015
YMR201C,37.800000000000004
YML057W,5.4
YJL014W,7.0
YOR294W,0.0
YEL034W,0.0
YJL030W,0.0
YPL248C,32.288888888888884
YGL058W,0.0
YOR259C,275.0402777777778
YKL090W,0.0
YIL038C,69.22619047619048
YOR230W,0.0
YJL186W,0.0
YNR064C,0.0
YDL239C,2.0
YLR319C,2.0
YOR254C,4.05
YBR274W,0.0
YBR131W,0.0
YAR002W,0.0
YJR113C,0.0
YNL052W,12.083333333333334
YOR245C,0.0
YBL035C,2.761904761904762
YMR302C,0.0
YML043C,10.95
YJR093C,1.4
YOR046C,5.666666666666667
YLR035C,3.4285714285714284
YDR471W,19.066666666666666
YKR066C,1.6
YBR189W,54.327777777777776
YJR132W,0.0
YGL223C,5.6
YKL014C,0.0
YBL072C,317.1666666666667
YBR080C,0.0
YBL078C,2.2666666666666666
YGL030W,19.066666666666666
YJR094C,0.0
YDR381W,0.0
YPL254W,111.16666666666667
YBL034C,0.0
YOL163W,0.0
YBR020W,0.0
YLR166C,13.333333333333332
YAL041W,2.0075757575757573
YLR428C,0.0
YNR031C,0.0
YDL129W,0.0
YGR280C,0.0
YML019W,8.083333333333334
YGL205W,0.0
YPL032C,0.0
YGL049C,2.5
YPL051W,2.0
YHR160C,0.0
YDR219C,0.0
YGR184C,10.666666666666666
YDL123W,4.0
YER047C,0.0
YHL026C,0.0
YOR147W,0.0
YMR193W,107.5
YNL172W,2.4
YDR200C,0.0
YKL056C,0.0
YGR143W,0.0
YGL112C,99.41623931623934
YGL037C,0.0
YHL007C,14.580143540669855
YJR075W,7.0
YBR264C,2.6666666666666665
YGL202W,0.0
YMR232W,0.0
YPR079W,0.0
YBR010W,16.004901960784313
YIR022W,0.0
YML046W,0.0
YPL050C,0.0
YAL026C,0.0
YDR009W,2.011111111111111
YHR005C,5.0
YDL235C,0.0
YBR122C,78.66666666666667
YBL075C,0.0
YPL120W,0.0
YHR082C,0.0
YNL233W,0.0
YAR064W,0.0
YIL128W,2.0
YGL031C,19.066666666666666
YER162C,0.0
YDR356W,2.1666666666666665
YGL169W,0.0
YJL047C,0.0
YDL136W,19.066666666666666
YER012W,386.0142857142857
YDR165W,0.0
YJL146W,0.0
YOR384W,0.0
YGR014W,0.0
YDR460W,75.4
YIR021W,61.916666666666664
YGL181W,0.0
YBR198C,123.71666666666665
YOR338W,0.0
YLL004W,44.82269309637731
YBR288C,0.0
YGL103W,19.066666666666666
YGL229C,0.0
YNL023C,1.6
YNL331C,0.0
YHR075C,28.666666666666668
YDR176W,59.68955386718545
YPL093W,0.0
YNR049C,0.0
YER007C,0.0
YAL003W,7.833333333333334
YHR197W,0.75
YJR131W,0.0
YBL067C,0.0
YMR055C,15.2
YOR074C,0.0
YPL146C,0.0
YDR016C,0.0
YDL173W,0.0
YHR030C,4.833333333333333
YPL236C,0.0
YBR088C,8.458333333333334
YJL157C,3.3333333333333335
YOR155C,0.0
YDL135C,0.0
YIL062C,14.0
YDL202W,50.83333333333333
YOL126C,0.0
YDR099W,0.0
YDR324C,0.0
YDR373W,0.0
YDL191W,19.066666666666666
YMR214W,0.0
YDR457W,0.0
YHL008C,0.0
YCR082W,0.0
YGL076C,19.066666666666666
YNL229C,0.0
YNL216W,0.0
YOR194C,14.25
YLR016C,2.0
YNL159C,0.0
YDR092W,0.0
YER188W,0.0
YPL011C,61.666666666666664
YOR185C,0.0
YBL103C,0.0
YLR378C,0.0
YBR299W,0.0
YDL094C,0.0
YGR267C,0.0
YMR258C,0.0
YBR211C,0.0
YNL289W,0.0
YDR322W,50.83333333333333
YMR250W,0.0
YKL006W,19.066666666666666
YJL041W,45.0
YMR231W,2.0041666666666664
YGR229C,0.0
YGR220C,78.66666666666667
YPL101W,0.0
YKL042W,21.25
YBR057C,0.0
YIL035C,14.938888888888888
YJL084C,0.0
YHRS03C,0.0
YJL176C,17.22222222222222
YDR110W,0.0
YBL047C,0.0
YER020W,11.90952380952381
YNL154C,2.2666666666666666
YJL020C,0.0
YCR003W,60.25
YIR014W,0.0
YNR052C,77.0309523809524
YDR217C,2.4
YJR135WA,2.033333333333333
YGR129W,0.0
YPL203W,5.940909090909091
YFR004W,274.78939393939396
YML032C,14.089285714285715
YOR158W,61.5
YJR094WA,19.066666666666666
YGL201C,38.946069719753936
YLL057C,0.0
YBR229C,0.0
YFR014C,0.0
YKL190W,1.6666666666666667
YIR024C,0.0
YNL152W,0.0
YGL028C,0.0
YOR347C,0.0
YMR017W,0.0
YNL255C,0.0
YDR321W,0.0
YBR082C,0.0
YBR191W,19.066666666666666
YNL223W,3.157142857142857
YJR109C,0.0
YHR166C,28.4
YER168C,0.0
YMR256C,8.533333333333333
YDL246C,0.0
YER045C,0.0
YOR340C,80.0
YOR136W,0.0
YGL050W,0.0
YOR096W,54.327777777777776
YLR058C,0.0
YGR021W,0.0
YOR127W,7.195804195804196
YBL049W,0.0
YPR137W,0.0
YCR092C,0.0
YKL012W,0.0
YMR309C,22.694444444444443
YPR073C,0.0
YMR024W,50.83333333333333
YNL041C,4.5
YOL021C,12.92929292929293
YBR279W,8.125
YPL198W,19.066666666666666
YDR301W,6.6
YKR006C,107.5
YGR080W,0.0
YDR260C,0.0
YOR150W,60.25
YNL030W,4.357142857142858
YOR117W,368.98095238095243
YGL019W,20.5
YJL203W,1.0
YBR160W,0.0
YPR017C,6.333333333333333
YGL070C,54.70714285714286
YJL053W,4.257142857142857
YIL034C,0.0
YAL038W,0.0
YML012W,27.0
YPR110C,53.6904761904762
YBR103W,0.0
YFR024CA,0.0
YAR060C,0.0
YKL058W,16.5
YBR060C,113.20129870129868
YHR186C,0.0
YLR006C,0.0
YDR283C,0.0
YDR421W,0.0
YDR211W,3.416666666666666
YMR146C,25.17651515151515
YMR234W,0.0
YBR068C,0.0
YLL051C,0.0
YNL011C,0.0
YOL136C,0.0
YER087CA,0.0
YJL036W,0.0
YMR205C,0.0
YHR034C,0.0
YIL042C,0.0
YGR030C,10.123232323232322
YOR204W,0.0
YLR457C,0.0
YKR077W,0.0
YLR109W,1.6
YIR012W,0.0
YGR077C,0.0
YEL046C,0.0
YNL260C,0.0
YGR183C,15.514285714285714
YOR171C,0.0
YBR223C,0.0
YJR121W,43.12142857142857
YFL034W,0.0
YLR394W,4.6
YOR270C,66.39361471861471
YER178W,12.277777777777779
YLR027C,0.0
YLR443W,0.0
YGL123W,54.327777777777776
YOR065W,29.333333333333332
YPL150W,0.0
YBL089W,0.0
YAL015C,0.0
YJL124C,0.0
YER165W,13.381959706959707
YNL112W,0.0
YKL193C,10.083333333333334
YGR284C,0.0
YMR197C,3.666666666666667
YBR009C,13.683473389355743
YDR184C,0.0
YGL036W,0.0
YGR034W,19.066666666666666
YIL074C,0.0
YDR326C,0.0
YOR363C,0.0
YKR014C,0.0
YDR212W,7.0
YPR165W,10.397435897435898
YNL091W,0.0
YNL070W,22.9
YBR146W,44.333333333333336
YNL204C,0.0
YNL166C,5.0
YHR033W,0.0
YPR119W,0.0
YLR207W,2.2976190476190474
YMR314W,380.1
YDL164C,0.0
YBR045C,2.55
YOR329C,0.0
YPR188C,0.0
YNR027W,0.0
YDL005C,124.53809523809524
YJL117W,0.0
YKL068W,10.857142857142858
YDR171W,0.0
YDR228C,2.25
YJR042W,39.17857142857143
YOL036W,0.0
YGL207W,0.0
YLL011W,0.0
YNL069C,19.066666666666666
YBR102C,0.0
YDL178W,0.0
YOR269W,0.0
YBR260C,0.0
YDR103W,7.813095238095237
YNL151C,46.5
YMR180C,0.0
YCR073C,0.0
YIR026C,0.0
YNR010W,128.41785714285714
YHR025W,0.0
YLL015W,0.0
YMR200W,0.0
YIL109C,9.813492063492063
YPL038W,0.0
YBR112C,4.790909090909091
YDR095C,0.0
YGL151W,107.66865079365078
YLR313C,0.0
YMR002W,0.0
YMR219W,0.0
YNR018W,0.0
YDR298C,76.66666666666667
YKL101W,0.0
YHR004C,0.0
YKL152C,0.0
YER120W,0.0
YNL330C,0.39999999999999997
YDR322CA,43.47380952380952
YJR083C,0.0
YMR207C,0.0
YGL122C,1.2307692307692308
YDR523C,0.0
YDR202C,50.333333333333336
YKR068C,25.387301587301586
YOL045W,0.0
YLR220W,0.0
YLR014C,0.0
YNL147W,0.0
YLR264W,223.1500000000002
YER001W,0.0
YLR314C,0.38461538461538464
YLR056W,0.0
YER132C,0.0
YGR050C,0.0
YLL026W,0.0
YBR272C,0.0
YLR143W,0.0
YMR001C,0.5
YPL215W,0.0
YHR070W,0.0
YOR219C,0.0
YKR021W,0.0
YJR063W,26.93055555555556
YNR006W,0.0
YPR008W,0.0
YPL259C,9.333333333333334
YHR165C,3.3333333333333335
YDR245W,2.5
YBR126C,2.033333333333333
YLR007W,0.0
YIL133C,19.066666666666666
YNL162W,19.066666666666666
YLR399C,0.0
YER041W,0.0
YHR052W,0.0
YPL049C,2.0
YOL102C,0.0
YOR208W,0.0
YER013W,0.0
YLR383W,0.0
YHR183W,1.6
YDR173C,3.7857142857142856
YCL014W,0.0
YDR022C,0.0
YJR052W,7.25
YPR018W,6.699999999999999
YML024W,54.327777777777776
YLR210W,0.0
YOR380W,0.0
YBR123C,4.023809523809524
YKR002W,2.2
YGR244C,0.0
YEL054C,19.066666666666666
YPL063W,0.7142857142857143
YLR433C,2.3555555555555556
YEL013W,0.0
YGR083C,7.666666666666666
YNL333W,0.0
YLR337C,0.0
YBL081W,0.0
YPL088W,0.0
YPL074W,0.0
YCL027W,8.166666666666666
YPR054W,0.0
YBL023C,47.53102642971065
YAR002CA,0.0
YHR102W,0.0
YCL008C,1.6
YJL173C,3.8
YGR120C,2.5142857142857142
YOR249C,17.0
YPL145C,0.0
YLR176C,0.0
YBR280C,0.0
YFL022C,0.0
YLR438CA,6.815789473684211
YNR033W,0.0
YDR419W,0.0
YPL249CA,19.066666666666666
YMR109W,8.285353535353536
YPL105C,0.0
YGL237C,5.6
YNR044W,0.0
YOL001W,0.0
YIL147C,0.0
YER102W,54.327777777777776
YDL065C,0.0
YIL131C,0.0
YNL180C,0.0
YCL017C,0.0
YDL059C,0.0
YBL105C,2.378787878787879
YIR015W,7.870707070707071
YPL048W,3.5
YER107C,2.571428571428571
YKL143W,0.0
YLR451W,0.0
YER133W,10.714285714285714
YKL061W,0.0
YFL031W,6.0
YGR221C,0.0
YHR058C,155.0666666666667
YHR001WA,15.514285714285714
YIL004C,36.37301587301587
YJL154C,4.285714285714286
YPR032W,0.0
YEL023C,0.0
YAR033W,0.0
YIL076W,41.32539682539682
YOR275C,2.4
YOR307C,0.0
YHR031C,0.0
YBL093C,131.82380952380953
YMR285C,0.0
YHR107C,19.943722943722943
YBR049C,0.0
YKL145W,291.1326949620428
YDL020C,350.2666666666667
YLL001W,0.0
YOR368W,0.75
YJR021C,0.0
YCR027C,0.0
YHL021C,0.0
YNL323W,0.0
YJR070C,0.0
YOR257W,0.0
YJL096W,50.83333333333333
YDL138W,0.0
YDR347W,28.666666666666668
YMR280C,2.2857142857142856
YPL220W,19.066666666666666
YNR023W,17.22222222222222
YFL024C,0.0
YNL068C,0.0
YPL177C,0.0
YDR043C,0.0
YLR340W,165.73333333333335
YMR129W,1.1428571428571428
YDL007W,270.84999999999997
YPR120C,1.625
YPL067C,0.0
YLR262C,1.8181818181818181
YGR242W,0.0
YNL003C,0.0
YMR179W,0.0
YJL001W,380.1
YGR140W,2.5955882352941178
YNL020C,0.0
YNL202W,0.0
YGR167W,0.0
YLR362W,22.842857142857138
YPL155C,2.5
YDR386W,0.0
YDR073W,17.22222222222222
YJL068C,0.0
YLR390WA,0.0
YGL013C,0.0
YOL139C,1.3333333333333333
YHR172W,2.0404040404040407
YER025W,2.1818181818181817
YJL089W,17.25
YNL128W,0.0
YLR448W,19.066666666666666
YFR026C,0.0
YNL173C,0.0
YMR139W,0.0
YDR002W,1.75
YMR189W,0.0
YGL121C,34.0
YIL148W,19.066666666666666
YEL002C,4.583333333333334
YEL020WA,2.0
YDR468C,0.0
YNL058C,0.0
YMR008C,0.0
YKL175W,0.0
YGR116W,0.0
YHL001W,19.066666666666666
YJR024C,0.0
YPR025C,19.21989962651727
YER090W,0.0
YGL191W,8.533333333333333
YLL019C,0.0
YJL008C,7.0
YGL165C,0.0
YPL255W,7.5
YMR054W,69.2904761904762
YLR273C,0.0
YMR284W,0.0
YLR097C,0.0
YPR154W,0.0
YLR277C,7.035714285714286
YMR075W,0.0
YLR384C,17.0
YPR080W,7.833333333333334
YBR101C,0.0
YER056CA,19.066666666666666
YNL037C,0.0
YNL099C,0.0
YBR083W,0.0
YJL166W,20.666666666666668
YDR455C,0.0
YGR009C,5.5
YJR112W,8.32777777777778
YNL271C,13.307017543859649
YML100W,2.4
YLL009C,0.0
YMR242C,19.066666666666666
YFR049W,17.833333333333332
YOR210W,106.49444444444443
YGR076C,107.5
YOR349W,0.0
YLR377C,0.0
YNL031C,4.357142857142858
YDR507C,8.012066365007541
YHL031C,2.0
YDL103C,0.0
YJL071W,0.0
YNL007C,0.0
YML059C,0.0
YCL039W,0.0
YPL214C,0.0
YDR529C,20.666666666666668
YLR462W,0.0
YGL044C,2.083333333333333
YDL186W,0.0
YHL024W,0.0
YDR308C,136.3952380952381
YOL013C,0.5833333333333334
YER157W,15.335714285714287
YKL016C,76.66666666666667
YLR248W,0.0
YER059W,33.0
YOL063C,0.0
YMR150C,0.0
YCR054C,0.0
YAL009W,0.0
YOR293W,54.327777777777776
YPR135W,0.0
YGR091W,0.0
YDL099W,0.0
YDL159W,7.271428571428571
YIL068C,3.0416666666666665
YFR032CA,19.066666666666666
YBR091C,6.3999999999999995
YER144C,0.0
YCR008W,0.0
YIL033C,4.113636363636363
YGR241C,0.0
YGL175C,0.0
YLR249W,0.0
YMR005W,0.0
YDR142C,5.0
YOR299W,0.0
YAR066W,0.0
YGR181W,0.8333333333333334
YDR019C,0.0
YHR152W,19.5
YLR430W,0.0
YGL198W,0.0
YGL253W,0.0
YNL088W,0.0
YHR193C,0.0
YAR020C,0.0
YOR290C,17.22222222222222
YKR023W,0.0
YDL160C,42.726190476190474
YLR288C,13.333333333333334
YNL286W,0.0
YDR012W,19.066666666666666
YNL199C,0.0
YML085C,2.8
YNL157W,0.0
YGL161C,0.0
YGL004C,0.0
YHR120W,0.0
YBR023C,0.0
YLR126C,0.0
SSR1,0.0
YFR036W,16.795238095238098
YBL018C,7.870707070707071
YIL138C,5.428571428571429
YDR498C,2.6944444444444446
YHR013C,0.0
YDR218C,0.8571428571428571
YJL044C,0.0
YJL133W,81.16666666666667
YOL140W,0.0
YLR328W,0.0
YLR417W,0.0
YNL201C,0.0
YJL187C,1.4545454545454546
YPL126W,2.3333333333333335
YER066W,0.0
YOR319W,5.5
YPR133WA,19.938095238095237
YDR379W,0.0
YPL204W,2.2666666666666666
YCL016C,0.0
YIR034C,0.0
YNL196C,0.0
YLR163C,0.0
YBR251W,35.25
YPL138C,0.0
YLR070C,0.0
YCL062W,0.0
YKL074C,0.0
YNL243W,8.45083863504916
YAR027W,0.0
YBL041W,436.4000000000001
YPR105C,2.0
YOR090C,0.0
YFL033C,0.0
YGL155W,0.0
YOR276W,6.0
YPR086W,16.572222222222223
YPL249C,0.0
YKL214C,0.0
YLR116W,0.0
YGR218W,2.321428571428571
YCL029C,0.5
YER008C,3.0416666666666665
YHR187W,0.0
YGR097W,0.0
YCL051W,0.0
YML016C,2.0
YDR138W,0.0
YOR157C,393.59999999999997
YER082C,0.0
YNL082W,0.0
YDL232W,4.583333333333334
YGL008C,0.0
YNL250W,3.9333333333333336
YLL041C,3.7857142857142856
YIR032C,0.0
YER101C,0.0
YGR166W,21.974603174603175
YFR003C,0.0
YDR132C,0.0
YHR174W,0.0
YDR462W,50.83333333333333
YFL018C,2.638888888888889
YGL240W,16.795238095238098
YKL103C,0.0
YDR452W,0.0
YLR442C,6.259103641456583
YDR135C,0.0
YKL045W,1.2857142857142856
YDR085C,0.0
YFR024C,2.3555555555555556
YJL004C,0.0
YEL027W,61.35194805194806
YJL035C,0.0
YIL079C,0.0
YFL010WA,0.0
YLR147C,0.8571428571428571
YHR171W,2.6666666666666665
YPR175W,33.85051834130782
YOR261C,674.6666666666666
YPL010W,62.0
YML095CA,0.0
YGL016W,8.0
YGL162W,0.0
YDR074W,2.033333333333333
YLR186W,0.0
YOR089C,0.0
YKL178C,0.0
YOR106W,11.233333333333333
YER167W,0.0
YDR319C,0.0
YNL025C,13.57142857142857
YLR078C,53.08333333333333
YIL052C,19.066666666666666
YLR096W,0.0
YOR178C,11.061904761904762
YNL282W,11.444444444444445
YMR066W,0.0
YER096W,0.0
YML065W,113.41298701298699
YBR176W,0.0
YIR006C,0.0
YOL006C,0.0
YDR328C,33.40158942364824
YGL090W,6.0
YMR059W,6.666666666666667
YBR283C,0.0
YPR056W,39.28571428571429
YDR313C,0.0
YBL088C,0.0
YER027C,8.85
YHR128W,0.0
YDR032C,0.0
YMR273C,2.0090909090909093
YDL147W,506.91666666666663
YOR151C,49.666666666666664
YDL016C,0.0
YDR392W,50.591141168772744
YGL163C,21.101190476190474
YKL006CA,0.0
YGR172C,0.0
YOR247W,0.0
YGL179C,0.0
YNL284C,78.66666666666667
YNL113W,69.91666666666669
YLL060C,0.0
YHR062C,10.58888888888889
YNL276C,0.0
YHR010W,19.066666666666666
YOR075W,4.5
YER150W,0.0
YGR223C,0.0
YDR143C,0.0
YIL045W,0.0
YHR072WA,2.1666666666666665
YDL081C,177.56666666666655
YLR353W,0.0
YMR198W,6.666666666666666
YML055W,0.0
YMR168C,0.0
YAL044C,0.0
YDR069C,272.252380952381
YKR031C,0.0
YDR520C,0.0
YLR436C,0.0
YGR005C,0.25
YBR119W,0.0
YKR034W,3.5
YML001W,0.0
YPR020W,54.550000000000004
YPL179W,0.0
YDL189W,0.0
YNL021W,0.0
YPR193C,0.0
YDR123C,0.0
YDL001W,0.0
YDL030W,2.5
YGL187C,9.6
YGR098C,0.0
YOR174W,145.31666666666666
YKL171W,0.0
YMR127C,16.40833333333333
YGR239C,0.0
YPR168W,139.63333333333335
YGL200C,17.0
YIL108W,0.0
YML081CA,43.47380952380952
YIL084C,0.0
YDL035C,0.0
YHR061C,54.153571428571425
YFL028C,50.84761904761905
YIL129C,0.0
YDL072C,0.0
YJL002C,9.916666666666666
YOR244W,0.0
YLR208W,15.636904761904761
YHR028C,0.0
YJL168C,0.0
YPL256C,14.571428571428573
YNL257C,0.0
YJR134C,0.0
YGL233W,3.0416666666666665
YPL269W,0.0
YMR238W,3.5
YPR077C,0.0
YPL096W,0.0
YJR010W,0.0
YPR015C,0.0
YER054C,28.25
YOL043C,0.0
YFL038C,4.0
YOR298CA,0.0
YHR194W,0.0
YNL116W,0.0
YIL149C,0.0
YNL161W,0.0
YNL126W,1.2222222222222223
YBR171W,4.633333333333334
YDR178W,0.0
YML103C,2.017857142857143
YMR061W,2.083333333333333
YDL064W,5.843137254901961
YMR043W,7.333333333333334
YOL031C,0.0
YMR033W,46.248366013071895
YIL095W,0.0
YBR282W,107.5
YHR114W,0.0
YPL242C,3.482456140350877
YBR017C,0.0
YAL013W,0.0
YDR335W,20.7262765012765
YMR143W,54.327777777777776
YAL030W,0.0
YDR318W,0.0
YOR371C,12.1
YBR137W,0.0
YDL150W,0.0
YMR023C,35.898809523809526
YAL004W,0.0
YGL011C,433.0000000000001
YBR156C,1.0
YDL140C,53.0
YGR134W,0.0
YOR201C,0.0
YDR030C,0.0
YEL056W,0.0
YDL061C,230.0
YHR133C,0.0
YDR101C,0.0
YLR441C,244.0
YKL196C,5.6
YOR057W,0.0
YML026C,54.327777777777776
YPL045W,2.0041666666666664
YNL288W,0.0
YGL043W,0.0
YMR277W,0.0
YOL054W,0.0
YMR225C,50.83333333333333
YDR389W,0.0
YBR073W,0.0
YHR069C,15.062626262626262
YJL199C,0.0
YIR018W,0.0
YKL180W,19.066666666666666
YLR100W,0.0
YIL130W,0.0
YOR160W,1.1428571428571428
YLR079W,5.0
YBR155W,2.6
YBL016W,8.071428571428571
YLR102C,26.666666666666668
YIL029C,0.0
YLR064W,0.0
YLR185W,19.066666666666666
YNL312W,2.056140350877193
YGL075C,0.0
YNL056W,0.0
YNL175C,0.0
YGR059W,0.0
YOR234C,19.066666666666666
YJR017C,0.0
YER086W,0.0
YBR278W,85.22857142857144
YLR223C,0.0
YLR274W,66.50396445659604
YCR059C,0.0
YOL087C,0.0
YDL220C,5.333333333333333
YPL271W,61.5
YDL083C,54.327777777777776
YML102W,1.25
YER113C,0.0
YPL085W,7.75
YOR224C,121.66666666666667
YNL262W,36.61242310321258
YAR018C,0.0
YGL068W,0.0
YOR284W,0.0
YPL003W,0.0
YMR137C,0.0
YGR078C,5.166666666666667
YCR086W,6.428571428571429
YMR293C,0.0
YFL008W,11.475
YOR297C,2.875
YOR093C,0.0
YGR085C,219.91666666666666
YOR011W,0.0
YLR075W,19.066666666666666
YGR123C,0.0
YML063W,54.327777777777776
YOR115C,21.974603174603175
YHR111W,0.0
YOR027W,7.2857142857142865
YDR160W,0.0
YPL187W,0.0
YPL161C,32.666666666666664
YIL160C,0.0
YBR024W,0.0
YBL037W,1.6
YJL102W,0.0
YDR447C,54.327777777777776
YOR346W,0.0
YOR036W,0.0
YLR254C,0.0
YDR207C,0.0
YKR057W,54.327777777777776
YDR382W,177.56666666666658
YDR253C,0.0
YOR156C,5.843137254901961
YJL136C,54.327777777777776
YER147C,0.0
YNL307C,0.0
