YER075C,2.002923976608187
YMR138W,4.333333333333334
YNL206C,0.0
YBL041W,18.85
YGR062C,0.0
YLR452C,10.0
YOR217W,7.583333333333333
YGL156W,8.666666666666668
YJR119C,0.0
YPR152C,0.0
YNL104C,0.0
YPL244C,0.0
YOR114W,0.0
YNL138W-A,0.0
YLL046C,0.0
YOR355W,0.0
YHR161C,0.0
YBR061C,0.0
YDL192W,176.0
YNR050C,0.0
YLR254C,0.0
YER032W,34.12138694638695
YPR006C,0.0
YNL121C,0.0
YGR085C,0.0
YJR090C,83.81361089890501
YGR250C,0.0
YIR006C,0.0
YGR174C,0.0
YBR141C,0.0
YEL026W,0.875
YJL005W,17.256944444444443
YBR190W,0.0
YML043C,0.0
YBL002W,14.080158730158727
YDL113C,2.05
YJR058C,2.5
YMR274C,1.2
YGL181W,2.1142857142857143
YKL194C,0.0
YHR049W,0.0
YPR135W,0.0
YBL094C,0.0
YBR045C,8.8
YOL031C,0.0
YLR379W,0.0
YHR199C,77.0
YAL004W,0.0
YAL063C-A,0.0
YBL063W,0.0
YOR204W,0.0
YGR140W,2.5955882352941178
YAL013W,0.0
YJL151C,29.0
YPR032W,0.0
YBL040C,7.85
YGR031W,0.0
YCR107W,0.0
YHR195W,0.0
YNL148C,0.0
YHR064C,4.666666666666667
YGR036C,0.0
YPR041W,19.462268287268287
YKR028W,2.5
YPR172W,0.0
YGL249W,0.0
YJL166W,0.0
YPL093W,84.08690476190476
YGR278W,0.0
YDR379W,0.0
YPL181W,19.958333333333336
YLL028W,170.7666666666667
YDR252W,0.0
YDL209C,0.0
YNL222W,6.183333333333333
YPL096W,0.0
YMR058W,124.42900432900434
YGL153W,9.583333333333332
YBR139W,17.0
YER139C,0.0
YGR088W,0.0
YOL059W,0.0
YOR380W,0.0
YDR103W,8.588095238095237
YMR306W,0.0
YHR188C,73.66666666666666
YOR263C,0.0
YJL143W,3.666666666666667
YPL043W,108.3647546897547
YPL009C,0.0
YBR123C,0.0
YOR027W,54.88571428571428
YDR017C,3.0
YOR207C,6.285714285714286
YPL209C,5.0
YDL186W,0.0
YER183C,0.0
YML041C,19.5
YMR292W,2.05
YMR193W,0.0
YHR212W-A,0.0
YIL086C,0.0
YER017C,2.225
YOR115C,2.5
YLL051C,0.0
YDL077C,0.0
YHR182W,0.0
YOR359W,0.0
YAL066W,0.0
YIL144W,23.738528138528135
YBL033C,0.0
YGL047W,0.0
YDR225W,74.33333333333333
YDR239C,2.5
YER153C,0.0
YGL241W,4.934523809523809
Q0130,0.0
YLR410W-B,0.0
YOL072W,0.0
YML117W,0.0
YNR060W,0.0
YER008C,16.41287878787879
YPL060W,0.0
YHR183W,32.800000000000004
YFR014C,0.0
YIR028W,0.0
YKR092C,0.0
YNL097C,1.9230769230769231
YPL233W,0.0
YLR098C,0.0
YER007C-A,0.0
YOR239W,0.0
YLR039C,1.5714285714285714
YDR296W,0.0
YPR130C,0.0
YGL009C,0.0
YEL061C,0.0
YKR065C,0.0
YGR216C,0.0
YDL140C,136.71600175187132
YGR113W,10.642857142857142
YMR255W,19.0
YOR254C,66.38333333333334
YBR296C,2.6
YOR213C,11.0
YOR302W,0.0
YOL097C,0.0
YML125C,0.0
YDR168W,2.3956043956043955
YKL191W,0.0
YFR045W,0.0
YHR094C,10.666666666666666
YGL178W,14.61190476190476
YLR255C,0.0
YKL058W,16.5
YKR006C,0.0
YMR053C,0.0
YOL146W,0.0
YCL064C,39.43333333333333
YDL229W,690.0
YMR005W,6.0
YAL023C,0.0
YBR260C,0.75
YJL184W,2.6333333333333333
YMR028W,7.800000000000001
YPR143W,15.000000000000002
YLR193C,0.0
YPR083W,3.333333333333333
YDR505C,0.0
YER155C,12.251623376623375
YHR112C,0.0
YLR024C,0.0
YOR031W,0.0
YDL114W,0.0
YIL062C,19.0
YGR153W,0.0
YLR087C,0.0
YPL217C,2.225
YJL209W,0.0
YKL049C,0.0
YPR118W,0.0
YOR298C-A,0.0
YBR094W,3.5142857142857142
YAR030C,0.0
YCL030C,0.0
YJR057W,7.111111111111112
YPL211W,5.571428571428571
YGR097W,57.666666666666664
YPR191W,18.38095238095238
YOR323C,0.0
YDR450W,0.0
YPL134C,0.0
YAR002C-A,4.1
YDR448W,98.35561938061942
YGL212W,12.11111111111111
YOR103C,7.999999999999999
YCL049C,0.0
YAL034W-A,0.0
YML075C,36.43333333333334
YPL066W,0.0
YDL241W,0.0
YML014W,0.0
YNR008W,0.0
YBR119W,55.25
YLR384C,23.171428571428574
YOR382W,0.0
YAL055W,14.5
YER003C,0.0
YNL191W,0.0
YNR012W,0.0
YNL257C,0.0
YDR190C,41.43241057188426
YFR009W,0.0
YML051W,0.0
YOR270C,25.332575757575757
YLR086W,1.0
YPR025C,3.6941176470588233
YLL010C,0.0
YIR017C,2.2403846153846154
YKL038W,0.0
YJL164C,53.58333333333334
YJR133W,0.0
YHL018W,2.033333333333333
YOL144W,0.0
YPR171W,9.23138528138528
YGL125W,0.0
YJR139C,0.0
YER158C,0.0
YOR177C,0.0
YOL110W,0.0
YHR025W,0.0
YGR195W,43.907459207459205
YDR158W,0.0
YDR453C,0.0
YIL172C,0.0
YLR336C,0.0
YGR079W,0.0
YJL014W,0.0
YML054C,2.1142857142857143
YKL202W,0.0
YBR221C,8.194444444444445
YKL109W,0.0
YBR215W,0.0
YJL066C,203.0
YOL001W,2.4783549783549783
YDR507C,46.76211900844254
YCR079W,35.60119047619049
YDR456W,7.5
YOR333C,0.0
YHR111W,3.6333333333333333
YPL252C,0.0
YKL221W,0.0
YDL076C,51.66666666666667
YJL130C,82.86735326077432
YDR259C,36.8
YLR040C,0.0
YOR120W,0.0
YML034W,0.0
YDR223W,0.0
YER145C,2.333333333333333
YIL120W,2.5
YJL153C,2.083333333333333
YDR281C,0.0
YOR294W,3.142857142857143
YMR145C,0.0
YOR259C,88.04671717171715
YDR228C,25.229761904761904
YNL040W,0.0
YBL026W,105.00103668261563
YJR021C,0.0
YDR440W,0.0
YLR076C,0.0
YOL103W-B,0.0
YFL039C,336.9833485228223
YKL139W,13.564285714285713
YPL101W,3.0
YDR126W,0.0
YNL012W,0.0
YDR173C,0.8571428571428571
YMR042W,4.357142857142858
Q0275,0.0
YNR049C,0.0
YDR305C,0.0
YGR119C,87.0
YGL060W,7.25
YEL006W,0.0
YDL213C,85.31541118839883
YPL036W,0.0
YBR280C,28.360294117647058
YML078W,0.0
YEL022W,0.0
YBL013W,0.0
YMR116C,11.363362952836635
YNL218W,0.0
YOL105C,0.0
YKL015W,0.0
YML074C,2.0
YLL062C,0.0
YBR093C,0.0
YMR291W,7.3999999999999995
YFL025C,0.0
YOR038C,0.0
YMR151W,0.0
YNL019C,0.0
YGL205W,0.0
YMR056C,0.0
YJL078C,0.0
YBR263W,0.0
YJR030C,0.0
YDR233C,0.0
YMR086W,0.0
YDR443C,33.5
YBL010C,0.0
YPL020C,0.0
YKR083C,3.333333333333334
YPL010W,24.75
YML037C,0.0
YOL115W,12.297812713602188
YDR308C,41.05
YBR041W,0.0
YER081W,29.75
YGL062W,3.2857142857142856
YMR305C,0.0
YOR142W-A,0.0
YOL085C,0.0
YOR225W,0.0
YJL008C,395.33333333333337
YKL212W,17.858802308802307
YIL113W,4.722222222222222
YDR318W,4.0
YIL101C,0.0
YIL024C,0.0
YEL036C,9.666666666666666
YBL036C,0.0
YML006C,3.3333333333333335
YDR328C,179.92445512004332
YBR186W,0.0
YHR004C,0.0
YKL135C,13.0
YDR445C,0.0
YOR313C,0.0
YGL019W,141.96309523809526
YIL070C,10.5
YCR059C,0.0
YMR203W,6.666666666666667
YDL023C,0.0
YDR503C,0.0
YML010W,13.209866220735785
YIL131C,134.35196324143692
YNR067C,0.0
YLR417W,3.95
YLR001C,0.0
YBL035C,7.908333333333333
YGR092W,228.3907037407037
YGL050W,0.0
YLR344W,0.0
YDR120C,0.0
YNL066W,0.0
YDL002C,40.06666666666667
YHR031C,0.0
YGR161W-B,0.0
YMR160W,0.0
YLR221C,0.0
YMR118C,0.0
YPR145W,0.0
YGL263W,0.0
YBR242W,0.0
YPR069C,0.0
YPR190C,4.0
YMR165C,0.0
YOR056C,2.1142857142857143
YER136W,24.0
YGR235C,0.0
YNL024C,0.0
YER054C,37.5
YER152C,0.0
YHR214C-B,0.0
YCR012W,4.2
YJR005W,2.05
YGL147C,0.0
YDR078C,2.5
YNL280C,0.0
YDR166C,1.0
YCR084C,8.141443850267379
YGL017W,0.0
YMR273C,37.221969696969694
YOR160W,7.285714285714286
YHR067W,0.0
YLR226W,1.125
YER116C,0.0
YGR203W,7.0
YER010C,0.0
YJL006C,2.433333333333333
YIL037C,0.0
YMR097C,0.0
YOR128C,0.0
YLR333C,0.0
YLR261C,0.0
YOR245C,0.0
YML020W,0.0
YNL145W,0.0
YPR144C,5.0285714285714285
YBR277C,0.0
YCL023C,0.0
YLL024C,6.392765567765569
YHR072W,0.0
YEL020W-A,4.025
YLR359W,0.0
YNL009W,0.0
YMR307W,0.0
YJL072C,0.0
YMR059W,208.49999999999997
YBR037C,0.0
YGL020C,0.0
YLR129W,2.083333333333333
YNL202W,0.0
YIR024C,0.0
YGR102C,0.0
YLR006C,9.24937343358396
YOL058W,0.0
YHR098C,0.0
YKL047W,0.0
YFR028C,294.84772800299123
YHR156C,0.0
YOR208W,0.0
YFR021W,20.349206349206348
YCR010C,0.0
YOR310C,10.142857142857142
YKR036C,25.500000000000004
YNL086W,10.0
YER014W,0.0
YBR103W,81.30000000000001
YNL324W,0.0
YHR154W,0.0
YCL017C,0.0
YCR077C,55.75555555555555
YOR178C,14.428571428571429
YNR071C,0.0
YBR212W,0.0
YBL072C,0.0
YPL245W,0.0
YGR175C,0.0
YBR110W,268.9666666666667
YBL084C,11.07857142857143
YAL038W,0.0
YHR134W,0.0
YLR441C,0.0
YGR217W,0.0
YJL131C,0.0
YKL133C,0.0
YHR137W,0.0
YPL215W,0.0
YMR023C,0.0
YJL088W,9.43122009569378
YOR233W,7.571428571428571
YDR403W,0.0
YCR075C,0.0
YNL042W,241.0
YDL173W,0.0
YNL032W,7.766666666666667
YDR081C,0.0
YLR422W,0.0
YDR273W,0.0
YOR315W,0.0
YEL019C,0.0
YGL244W,4.920289855072463
YOR147W,0.0
YER094C,26.133333333333333
YEL066W,25.0
YJL218W,15.0
YLR083C,14.5
YDL185W,66.33928571428571
YLR439W,2.083333333333333
YDR267C,6.0
YGR187C,0.0
YBR120C,0.0
YGL161C,83.25
YHL017W,0.0
YMR294W,11.75
YDR343C,28.0
YDL102W,0.0
YAL003W,8.5
YOR036W,19.124999999999996
YDR473C,76.5
YHR129C,2.583333333333333
YNL071W,183.33333333333334
YNL271C,111.94944178628388
YKR070W,0.0
YFR017C,0.0
YBR149W,0.0
YOR269W,0.0
YKL010C,0.0
YLR399C,9.833333333333334
YDR269C,0.0
YDL237W,0.0
YJL219W,8.1
YPL102C,0.0
YGR163W,2.230769230769231
YDR490C,2.5
YGR111W,0.0
YNL326C,0.0
YGR227W,2.0
YNL230C,74.99999999999999
YDR151C,0.0
YOR321W,0.0
YJL154C,8.784415584415585
YCR076C,0.0
YIL126W,0.0
YNL290W,119.81309523809523
YDL045C,0.0
YLR002C,25.38690476190476
YPR107C,49.35
YLR284C,7.666666666666666
YNL078W,8.523809523809522
YLR090W,0.0
YKL065C,299.71666666666675
YER107C,8.285714285714286
YPL280W,0.0
YOL101C,0.0
YDL116W,35.4547619047619
YML027W,0.0
YDL240W,0.0
YNR047W,14.90530303030303
YPR081C,1.25
YAR031W,6.0
YPR008W,0.0
YPL159C,0.0
YLR299W,0.0
YLR423C,83.92069597069596
YLR034C,8.42142857142857
YBR211C,7.142857142857143
YLR036C,0.0
YAL061W,0.0
YBL102W,2.6666666666666665
YOL008W,0.0
YLR124W,0.0
YFL055W,0.0
YMR244W,0.0
YLR131C,9.534632034632034
YDL007W,57.618398268398266
YDL046W,0.0
YGL071W,0.0
YMR322C,2.9
YJL059W,0.0
YPR136C,0.0
YOR010C,0.0
YHR053C,0.0
YGL092W,26.424908424908427
YML106W,0.0
YJL176C,2.0
YFL034W,0.0
YNL199C,0.0
YNR039C,0.0
YJL093C,0.0
YDL171C,0.0
YBL051C,0.25
YLR225C,0.0
YER121W,0.0
YAL062W,0.0
YML123C,46.70833333333333
YJL222W,5.233333333333333
YOR214C,0.0
YDL063C,0.0
YBR267W,3.5
YGL084C,0.0
YDR131C,96.0
YBR053C,0.0
YDR373W,0.0
YMR124W,12.5
YIL159W,0.0
YGL105W,0.0
YEL021W,0.0
YAR066W,0.0
YDL189W,0.0
YLR189C,0.0
YMR173W,0.0
YNR064C,15.5
YNL196C,0.0
YER011W,2.0
YMR065W,0.0
YDL218W,0.0
YHL050C,0.0
YLR059C,0.0
YDL031W,21.237910618792974
YKL095W,36.13118131868132
YHR058C,28.2
YJL197W,0.0
YOR033C,0.0
YPL025C,0.0
YPR014C,0.0
YOL124C,0.0
YDL041W,0.0
YCR034W,301.797113997114
YHL029C,0.0
YMR093W,26.266666666666666
YGL068W,0.0
YGR108W,23.0
YDL138W,0.0
YNL185C,0.0
YJR069C,0.0
YIL048W,0.0
YCL004W,0.0
YPR042C,0.0
YAL064W,0.0
YER062C,3.3333333333333335
YLR461W,0.0
YKL153W,0.0
YML042W,2.5
YOL006C,0.0
YDL052C,0.0
YBR116C,0.0
YIL071C,10.0
YIL034C,0.3333333333333333
YDR152W,0.0
YNL152W,5.5
YDR162C,13.899080086580087
YBR270C,106.0
YJR038C,0.0
YLR434C,0.0
YGL011C,71.35
YLR371W,7.333333333333333
YGR076C,0.0
YPR122W,0.0
YNL300W,8.0
YJR120W,0.0
YMR158W,0.0
YGL112C,85.29261849261847
YPL153C,27.084126984126982
YAL019W,0.0
YNL101W,199.35714285714286
YLR383W,45.89662257247396
YHR205W,27.0
YGR234W,3.2
YPL026C,0.0
YMR076C,0.0
YLR251W,0.0
YCL052C,4.904761904761905
YDR235W,48.0
YDL239C,90.43767898767899
YKL160W,0.0
YPL194W,39.158008658008654
YFR055W,0.0
YMR090W,0.0
YGR276C,0.0
YCL028W,120.0
YDL207W,9.075
YDR291W,0.0
YDR313C,0.0
YIL103W,0.0
YNL315C,2.3333333333333335
YJR097W,0.0
YBR198C,95.94444444444444
YNL186W,0.0
YDL236W,0.0
YNL096C,0.0
YDR510W,8.818181818181817
YOR308C,13.333333333333334
YPR007C,0.0
YPR079W,0.0
YNR046W,0.0
YKL062W,0.0
YLR377C,1.6666666666666667
YLR285W,0.0
YLR311C,0.0
YOR069W,4.257142857142857
YNR002C,0.0
YCL057W,0.0
YNL189W,294.45
YBR243C,0.0
YMR154C,0.0
YOR390W,0.0
YBR200W,123.8
YOR006C,0.0
YPL228W,0.0
YOR065W,0.0
YKR069W,0.0
YER082C,53.405144490012916
YKL050C,0.0
YDR170C,3.5576923076923075
YKR080W,0.0
YJR095W,0.0
YIL134W,0.0
YPL267W,18.25
YMR163C,0.0
YIL049W,0.0
YOR028C,0.0
YDL016C,0.0
YDL245C,0.0
YKR055W,4.208333333333333
YNL292W,0.0
YPL237W,18.472222222222225
YPL221W,0.0
YEL017C-A,78.96969696969698
YJR068W,84.85238095238095
YJL063C,0.0
YLR291C,175.48333333333335
YDL045W-A,0.0
YDR102C,0.0
YJL142C,0.0
YGL254W,0.0
YPR067W,0.0
YDL105W,4.117857142857143
YJL202C,0.0
YDL001W,0.0
YGR159C,0.0
YKR064W,0.0
YER090W,2.0
YBR040W,0.0
YGR219W,0.0
YHR009C,0.0
YJL190C,0.0
YBR018C,30.0
YGR078C,7.999999999999999
YOR162C,0.0
YMR142C,0.0
YGL027C,0.0
YPL162C,0.0
YNL045W,0.0
YLR451W,0.0
YKL068W,70.42857142857143
YPR003C,5.0
YGR186W,48.58654678654679
YNL316C,0.0
YLR390W,0.0
YLR454W,0.0
YPL161C,73.0
YPR157W,0.0
YBR143C,1.0
YNL142W,0.0
YJR115W,0.0
YPL138C,33.98831168831168
YIL094C,45.25
YIL106W,65.92857142857143
YBR057C,2.1666666666666665
YOL064C,0.0
YPL274W,81.7
YPR071W,0.0
YOL032W,0.0
YNL272C,0.0
YOR331C,0.0
YGR144W,1.4285714285714286
YJR012C,0.0
YDR477W,100.87994227994227
YGL245W,21.188636363636363
YMR221C,0.0
YDR251W,12.0
YOL112W,0.0
YPL174C,29.0
YBL101C,0.0
YHR089C,54.5
YDR531W,0.0
YAL064W-B,0.0
YJR087W,0.0
YJL033W,38.45357142857143
YBL023C,7.100079744816587
YMR216C,0.0
YOL107W,0.0
YMR044W,0.0
YMR278W,0.0
YDR007W,0.0
YMR308C,76.00862617774384
YPL260W,0.0
YGR071C,4.083333333333334
YDR021W,0.0
YNR059W,0.0
YDL188C,137.30357142857144
YOR136W,43.66666666666667
YIL004C,29.98015873015873
YDR177W,0.0
YKR009C,0.0
YOR112W,0.0
YLR070C,0.0
YLL065W,0.0
YDR052C,14.04978354978355
YDR130C,16.634615384615383
YKL145W,183.32561327561328
YIR027C,0.0
YCR042C,11.20072900955254
YGR252W,32.022067844436265
YNL334C,0.0
YOL131W,0.0
YBR199W,0.0
YOL065C,8.0
YBL045C,8.266666666666667
YJL075C,0.0
YPR065W,0.0
YDR444W,0.0
YBR176W,12.0
YHR117W,0.0
YBL053W,0.0
YOR272W,44.25079365079365
YJL133W,2.5
YHR143W,0.0
YOL063C,17.0
YJL031C,0.0
YKL099C,2.083333333333333
YMR241W,0.0
YOR279C,3.75
YLR004C,36.0
YOR017W,0.0
YLR353W,1.6666666666666667
YHR120W,0.5714285714285714
YER169W,0.0
YLL029W,0.0
YGR101W,0.0
YGR242W,0.0
YKR085C,0.0
YER181C,0.0
YML110C,0.0
YDR541C,0.0
YLR026C,25.65396825396825
YKL106W,0.0
YCL039W,31.999999999999993
YOR081C,12.166666666666666
YDR056C,0.0
YER083C,0.0
YLR154C,0.0
YKR100C,0.0
YBR083W,10.666666666666668
YNL260C,0.0
YNR074C,0.0
YBL034C,0.0
YGL051W,54.669047619047625
YOL142W,14.30952380952381
YEL056W,8.588095238095237
YDL243C,0.0
YPL002C,2.25
YGR021W,0.0
YOR360C,0.0
YLR288C,19.883333333333333
YGL052W,0.0
YGL252C,0.0
YBL025W,5.5
YDR365C,15.671950710108604
YCL018W,391.47096204449144
YGR139W,0.0
YMR004W,0.0
YER079W,0.0
YIR003W,38.0
YHL015W,0.0
YPL201C,0.0
YIR013C,0.0
YKL042W,41.25
YGR162W,106.73333333333333
YMR087W,0.0
YJL193W,0.0
YLR172C,0.0
YAL021C,39.971659931915354
YGR069W,0.0
YLR133W,7.333333333333333
YBL044W,0.0
YPR035W,0.0
YLR303W,0.0
YLR273C,3.5
YCL019W,0.0
YBR208C,10.01969696969697
YHR121W,2.5
YLR348C,0.0
YJR037W,0.0
YKL052C,2.3333333333333335
YJL041W,126.5
YOR018W,4.880952380952381
YLR063W,2.1285714285714286
YOL016C,22.5
YKR105C,0.0
YLR075W,0.0
YOR073W,0.0
YNL107W,133.79999999999998
YPL061W,216.0
YGL095C,10.004292929292928
YML031W,22.0
YKR088C,0.0
YGL040C,3.3333333333333335
YDR200C,21.416666666666668
YDR202C,49.0
YDR145W,28.485858585858587
YNL288W,9.45595238095238
YNL238W,9.633333333333333
YGL151W,12.239285714285716
YNL007C,3.2727272727272725
YNL208W,0.0
YGL171W,2.9722222222222223
YEL018W,0.0
YCR008W,0.0
YPL270W,0.0
YCR038C,7.5
YNL124W,7.166666666666667
YOR373W,0.0
YKR063C,0.0
YAL049C,0.0
YBR167C,0.0
YCL048W,22.0
YJL186W,0.0
YGR240C,90.11304112554113
YPL097W,0.0
YOR284W,3.3666666666666667
YKR043C,0.0
YPR164W,3.4
YLL042C,0.0
YGR208W,0.0
YDL085W,0.0
YKL209C,1.8
YHR035W,0.0
YOR290C,0.0
YLR248W,0.0
YDL040C,2.0
YDR300C,0.0
YCL033C,0.0
YLR136C,0.0
YGR064W,0.0
YDL055C,68.93333333333334
YIL006W,0.0
YJL029C,5.3896103896103895
YBR179C,0.0
YOR045W,0.0
YDR415C,0.0
YGL024W,0.0
YNL287W,30.57142857142857
YFL058W,0.0
YLR346C,0.0
YIR035C,0.0
YOR084W,0.0
YLR252W,0.0
YGR283C,0.0
YLR219W,0.0
YDR141C,0.0
YKL004W,1.4
YLR292C,38.666666666666664
YER177W,149.42837995337993
YMR022W,9.476190476190476
YER056C,0.0
YGR082W,2.2666666666666666
YOL148C,69.2
YGL138C,0.0
YOR016C,217.6666666666667
YIL132C,2.166666666666667
YBL016W,12.492063492063494
YMR295C,0.0
YDR306C,192.0
YLR181C,0.0
YJR047C,0.0
YNL328C,0.0
YGL121C,34.0
YGL234W,8.75079365079365
YML104C,0.0
YNL232W,39.29085081585081
YCL061C,0.0
YDR356W,50.074494949494955
YGR055W,0.0
YNR048W,0.0
YJL086C,0.0
YGL165C,0.0
YPL151C,32.0
YDR119W,0.0
YNL127W,6.133333333333333
YFR010W,79.18333333333334
YBL003C,0.0
YKR011C,0.0
YPR075C,0.0
YMR302C,0.0
YMR077C,3.0
YJR140C,0.0
YBR218C,0.0
YMR019W,0.0
YFR011C,0.0
YJR001W,0.0
YHR081W,9.682983682983682
YDR146C,9.736363636363636
YPL139C,12.733333333333334
YAR033W,2.083333333333333
YCL027W,176.73333333333332
YFL007W,2.033333333333333
YBR269C,0.0
YKL211C,0.0
YKR054C,2.05
YDR499W,4.8
YBR021W,0.0
YOL035C,0.0
YLL043W,2.05
YPL262W,9.425
YGR086C,3.142857142857143
YGR028W,0.0
YNL021W,6.086309523809524
YLR119W,2.5
YDL162C,0.0
YDL131W,0.0
YNL073W,0.0
YBR163W,0.0
YHR189W,0.0
YKR049C,0.0
YJR006W,0.0
YIR042C,0.0
YDL180W,0.0
YJL053W,8.742857142857144
YHR001W,0.0
YGR275W,0.0
YER138C,0.0
YOR032C,0.0
YPR168W,12.25
YKL116C,0.0
YCR020C-A,0.0
YEL062W,2.2727272727272725
YHR099W,100.99666289163194
YCR028C,0.0
YNL267W,0.0
YLR440C,0.0
YOR090C,0.0
YML068W,0.0
YDR140W,0.0
YIL166C,0.0
YOR282W,0.0
YGR292W,0.0
YOL077C,14.226190476190476
YDR063W,0.0
YLR065C,0.0
YNL082W,0.0
YML012W,16.75
YER066C-A,25.28609625668449
YBL067C,0.0
YDR135C,0.0
YDR206W,2.9603174603174605
YDL058W,0.0
YFR053C,220.1355339105339
YKL149C,0.0
YDL014W,66.59404761904761
YLR110C,0.0
YLL060C,0.0
YLR218C,0.0
YBR017C,101.85595238095239
YBL086C,0.0
YPL127C,0.0
YBR085W,0.0
YML062C,2.0090909090909093
YCR061W,17.0
YMR048W,0.0
YDR076W,1.8333333333333333
YLR007W,0.0
YGR215W,3.5
YGL043W,0.0
YKR023W,0.0
YJR112W,12.780158730158732
YPL212C,0.0
YOR074C,0.0
YNL308C,16.999999999999996
YLR010C,2.2666666666666666
YER019C-A,0.0
YFR024C-A,9.188888888888888
YJL172W,0.0
YHR030C,243.16090339399165
YPL224C,0.0
YBR067C,0.0
YPR176C,0.0
YNL130C,38.583333333333336
YCL009C,0.0
YJL195C,0.0
YNL204C,0.0
YGL057C,0.0
YNL336W,0.0
YIL162W,0.0
YEL031W,0.0
YPR057W,3.0
YHR038W,0.0
YBR166C,0.0
YDR024W,0.0
YHR061C,47.253571428571426
YDL042C,17.553968253968254
YNL056W,6.166666666666667
YBR033W,0.0
YLR374C,0.0
YBL017C,2.0
YEL032W,7.100079744816587
YML007W,19.375
YER126C,137.33333333333331
YDL025C,19.983333333333334
YDL119C,0.0
YDR413C,0.0
YMR299C,0.0
YGR271W,0.0
YEL024W,0.0
YJL057C,2.6095238095238096
YLR196W,194.0
YGL126W,0.0
YOL024W,0.0
YCR009C,38.180735930735935
YML120C,0.0
YFL021W,0.0
YJL087C,2.011111111111111
YPR004C,0.0
YCL007C,0.0
YGL229C,23.999999999999996
YLL037W,0.0
YHL034C,89.43333333333332
YIL092W,0.0
YPL011C,9.5
YMR002W,0.0
YBR274W,14.439466312840924
YLR128W,0.0
YPL189W,0.0
YMR232W,0.0
YJR002W,7.076190476190476
YDR357C,0.0
YJL011C,13.416666666666666
YLL012W,0.0
YLR168C,0.0
YLR019W,27.799999999999997
YHR039C,0.0
YGL197W,65.66666666666666
YOR262W,0.0
YFL017W-A,67.77301587301586
YJR132W,0.0
YPR137C-B,0.0
YOR089C,33.221428571428575
YNL139C,5.465656565656566
YOR004W,0.0
YDR139C,10.427100840336134
YFL003C,0.0
YDR175C,6.333333333333333
YBL091C,0.0
YPR104C,1.875
YKL142W,0.0
YDR469W,30.0
YER157W,26.68809523809524
YAR007C,59.28215665913035
YOR043W,0.0
YDR284C,0.0
YCR014C,5.4
YKL201C,0.0
YDR184C,0.0
YNL229C,5.944444444444445
YGR107W,0.0
YFL052W,0.0
YJR004C,0.0
YMR176W,0.0
YML030W,0.0
YHL048W,223.82121212121217
YOR062C,3.6333333333333333
YGL226C-A,2.083333333333333
YJL118W,0.0
YMR319C,0.0
YMR315W,0.0
YHR136C,0.0
YJR122W,0.0
YAL017W,7.683333333333334
YGR170W,0.0
YBL047C,14.840909090909092
YHR062C,0.0
YOR003W,0.0
YGR038W,3.2
YAL025C,0.0
YOR212W,117.85353535353538
YLR268W,55.28174603174603
YFL014W,0.0
YFL002C,3.2
YGR157W,0.0
YPR187W,3.4222222222222216
YNL006W,42.89603174603175
YER043C,47.800000000000004
YKL174C,0.0
YHR086W,48.513888888888886
YPL218W,2.0634920634920637
YNL146W,0.0
YGL114W,0.0
YDL179W,5.142857142857143
YAL005C,19.04809161426809
YBR066C,0.0
YDR387C,0.0
YHR127W,0.0
YKR090W,0.0
YBR050C,2.1484848484848484
YGL055W,0.0
YNL225C,2.0
YIL053W,0.0
YDR236C,0.0
YNL248C,0.0
YBR015C,0.0
YDR186C,0.0
YER179W,104.57698412698413
YMR120C,0.0
YKR078W,0.0
YPR129W,0.0
YNL183C,17.717765567765568
YDR452W,0.0
YEL012W,0.0
YOL002C,0.0
YBR059C,0.0
YEL002C,88.62056277056277
YML008C,0.0
YPR018W,25.366666666666667
YCR015C,0.0
YDR319C,0.0
YDR351W,0.0
YHR023W,0.0
YLR035C,12.857142857142858
YOR219C,0.0
YDL106C,7.333333333333333
YNL258C,0.0
YDR050C,0.0
YER178W,4.622222222222223
YHR158C,95.65800865800867
YPL068C,0.0
YGR161C-D,0.0
YDR253C,0.0
YJL048C,0.0
YBL043W,0.0
YMR103C,0.0
YER031C,5.286842105263158
YOR134W,0.0
YMR072W,0.0
YDL071C,0.0
YIL055C,0.0
YOR191W,1.5714285714285714
YPL219W,1.3333333333333333
YNL003C,0.0
YDR128W,89.82237345987346
YFL017C,0.0
YPR078C,0.0
YDR455C,0.0
YCR065W,0.0
YOR215C,0.0
YKR002W,55.261904761904766
YIL137C,0.0
YGR037C,6.333333333333334
YPR062W,0.0
YOR108W,0.0
YDR329C,0.0
YCR098C,1.5
YML070W,0.0
YPL073C,0.0
YMR041C,0.0
YHR060W,1.7999999999999998
YOR206W,41.75
YJR158W,0.0
YOR174W,34.8
YPR052C,0.0
YNL037C,27.616666666666667
YGL102C,0.0
YGR115C,0.0
YGR241C,0.0
YOR092W,0.0
YBR285W,0.0
YDR423C,0.0
YOR130C,0.0
YER053C,0.0
YIL057C,0.0
YHR022C,0.0
YPR058W,0.0
YAL031C,11.090909090909092
YLR027C,0.0
YDR028C,10.460317460317462
YNL122C,0.0
YLR113W,5.798290598290598
YER188W,0.0
YOR127W,28.239760239760237
YDR408C,2.083333333333333
YNL013C,0.0
YKL185W,0.0
YKL075C,0.0
YNL313C,0.0
YDR144C,0.0
YJL036W,0.0
YPR029C,4.633333333333333
YGR197C,0.0
YBR087W,44.05357142857143
YLR256W-A,0.0
YBR136W,10.927568922305765
YOL054W,4.041666666666667
YGL013C,0.0
YOR153W,0.0
YBL085W,52.099303474303476
YNL079C,6.833333333333333
YHR007C,41.83333333333333
YFR047C,5.0
YGL133W,3.3333333333333335
YFR051C,29.06547619047619
YPR074C,0.0
YMR025W,4.662271062271062
YGL042C,0.0
YOR340C,0.0
YML097C,0.0
YBR076W,0.0
YLR058C,8.241666666666667
YCR001W,3.157142857142857
YJR099W,0.0
YKL125W,0.0
YPL028W,0.0
YLR003C,0.0
YBR251W,38.833333333333336
YNL030W,78.7736652236652
YER164W,7.497222222222222
YDR363W-A,9.0
YNL095C,0.0
YLR017W,0.0
YHR214W-A,0.0
YML116W,0.0
YML015C,22.833333333333336
YOL015W,0.0
YGR207C,0.0
YLR274W,6.105263157894736
YDR545W,0.0
YLL040C,0.0
YPL057C,0.0
YDR105C,0.0
YJL074C,25.40277777777778
YDR295C,10.291666666666666
YAL056W,12.142857142857142
YDR100W,6.666666666666666
YOR144C,6.714285714285714
YCL011C,4.111363636363636
YDR371W,0.0
YNR075W,0.0
YMR313C,1.6666666666666667
YBL089W,0.0
YHR083W,0.0
YBL027W,0.0
YDR399W,0.0
YDR427W,127.11666666666665
YER125W,65.06061643035326
YBR154C,79.87579365079365
YLR121C,0.0
YDR108W,2.5555555555555554
YOR336W,0.0
YMR069W,0.0
YOR173W,0.0
YOR227W,19.0
YMR129W,6.571428571428571
YKL020C,0.0
YOR189W,0.0
YGL146C,0.0
YLR144C,12.0
YAL002W,2.0041666666666664
YOR295W,0.0
YJR079W,0.0
YMR239C,0.0
YPR159W,4.714285714285714
YNR051C,0.0
YOR198C,0.0
YJL034W,47.77980557454242
YDR429C,49.894444444444446
YJR094C,0.0
YDR528W,0.0
YLL003W,0.0
YGL158W,197.66666666666666
YOR029W,0.0
YGR202C,0.0
YOR014W,105.04751082251082
YMR267W,0.0
YPR126C,0.0
YDR261W-B,0.0
YDR218C,6.095238095238096
YIR032C,0.0
YMR127C,10.658333333333333
YGL183C,0.0
YPL111W,13.666666666666668
YMR010W,0.0
YDR527W,0.0
YIL091C,0.0
YMR156C,0.0
YLR466W,0.0
YBR175W,43.13333333333333
YLR368W,8.4
YMR250W,0.0
YGR169C,0.0
YOL137W,0.0
YLL015W,0.0
YOL106W,0.0
YFL026W,0.0
YLR031W,0.0
YKR022C,0.0
YDR361C,0.0
YDR148C,151.33333333333334
YJL085W,0.0
YNL306W,5.0
YPL266W,2.1142857142857143
YGR199W,0.0
YBR160W,248.38205789308725
YBR080C,0.0
YHR052W,114.67896825396826
YLR427W,171.0
YBR282W,0.0
YPR093C,18.833333333333336
YPR160C-A,0.0
YLR102C,60.333333333333336
YDR045C,0.0
YHL033C,0.0
YLR213C,0.0
YDL155W,165.99523809523808
YLR413W,0.0
YNL265C,19.666666666666668
YDL020C,2.2666666666666666
YLR250W,0.0
YGL077C,0.0
YOR099W,0.0
YFR027W,2.3555555555555556
YLR174W,0.0
YJL052W,37.955555555555556
YBR183W,271.1666666666667
YPL157W,0.0
YOR307C,0.0
YJR010W,0.0
YGR270W,6.751515151515151
YDR122W,25.04761904761905
YPR102C,0.0
YDR069C,0.0
YGL117W,0.0
YGR256W,0.0
YLR054C,0.0
YOL150C,0.0
YDR211W,20.962121212121215
YDR376W,0.0
YDR030C,30.0
YHR042W,0.0
YLR071C,14.792063492063495
YNR068C,0.0
YJR124C,0.0
YLR314C,53.997610722610716
YCL043C,3.4285714285714284
YLR114C,0.0
YNL128W,11.75
YAL047C,2.0404040404040407
YNR063W,0.0
YIL105C,6.964285714285714
YMR149W,62.1939393939394
YDR310C,2.321428571428571
YBL058W,18.2
YJR077C,29.475935175935177
YPL229W,0.0
YEL077C,0.0
YJL156C,0.0
YDR096W,0.0
YPL191C,0.0
YGL155W,0.0
YBR081C,55.834339344865654
YER047C,0.0
YDL219W,0.0
YDR275W,0.0
YCL037C,67.0
YFR019W,0.0
YDL082W,0.0
YHR215W,0.0
YGR188C,9.0
YGR065C,0.0
YGL037C,2.2222222222222223
YJL012C,2.1666666666666665
YHR113W,0.0
YJR054W,0.0
YNR023W,2.0
YBL038W,7.833333333333333
YBR138C,0.0
YCR054C,0.0
YGR167W,0.0
YIL121W,0.0
YNL171C,0.0
YNL103W,0.0
YKL029C,0.0
YOR025W,0.0
YML130C,8.333333333333334
YAR018C,4.365079365079366
YDR077W,0.0
YDR378C,54.49206349206349
YHR160C,4.333333333333333
YDR382W,1.0
YLR210W,28.733333333333334
YAR064W,0.0
YLR231C,0.0
YDL165W,10.95
YFL023W,0.0
YGL099W,9.854545454545455
YNL058C,11.090909090909092
YGL070C,60.90238095238095
YOL129W,0.0
YLR143W,0.0
YOR297C,2.875
YML064C,405.59126984127
YHR191C,27.666666666666664
YDL069C,0.0
YMR033W,0.0
YJL056C,0.0
YJL098W,54.62302246257354
YAL060W,0.0
YMR284W,59.77119547119546
YNL327W,0.0
YPL031C,19.46757964257964
YLL033W,0.0
YFR043C,0.0
YLR045C,0.0
YML131W,0.0
YDR180W,2.3555555555555556
YKR051W,0.0
YKL203C,17.254621848739497
YER123W,0.0
YCR094W,0.0
YGR173W,0.0
YBR029C,0.0
YLR330W,0.0
YIL148W,71.79444444444447
YDR219C,0.0
YMR100W,0.0
YBL061C,0.0
YBL014C,2.1666666666666665
YLR403W,8.0
YCL026C-A,0.0
YML055W,0.0
YPL086C,8.407142857142858
YML127W,0.0
YAR014C,16.00937950937951
YHR145C,0.0
YHR149C,3.1666666666666665
YER021W,197.33333333333331
YMR123W,0.0
YHR140W,2551.0
YLL036C,14.521825396825397
YBL008W,3.6941176470588233
YLR127C,51.5
YNL113W,83.87619047619046
YBR145W,0.0
YBL049W,72.0
YDR101C,43.55
YDR073W,0.0
YER189W,0.0
YNR006W,0.75
YOL113W,7.714285714285714
YMR047C,130.09285714285716
YDR337W,5.0
YOR346W,0.0
YPL112C,0.0
YLL021W,26.71428571428571
YBR112C,4.790909090909091
YHR070W,2.0296052631578947
YGR205W,0.0
YDL235C,0.0
YOL041C,26.0
YFR039C,0.0
YPR103W,59.749999999999986
YOR378W,0.0
YGL048C,199.79553224553223
YJL092W,28.04418527379054
YKL078W,33.333333333333336
YDL224C,0.0
YER076C,0.0
YDR132C,0.0
YNL077W,0.0
YGL025C,7.601190476190475
YBR213W,0.0
YGL247W,0.0
YBR252W,2.8333333333333335
YNL293W,7.642857142857143
YDR183W,0.0
YBL112C,0.0
YPL018W,4.933333333333334
YDL003W,20.77777777777778
YDL065C,13.185714285714287
YMR270C,9.25
YMR088C,0.0
YJR149W,0.0
YOL090W,12.685964912280703
YKR032W,0.0
YKL044W,0.0
YBR150C,1.3333333333333333
YDR205W,0.0
YLR281C,0.0
YOL019W,0.0
YDR084C,2.0
YGL214W,0.0
YFL028C,0.0
YDL161W,3.2285714285714286
YPL257W-B,0.0
YPL193W,0.0
YGR013W,44.08174603174603
YDR484W,7.857142857142857
YDR164C,2.761904761904762
YNL253W,0.0
YNL214W,4.65
YNR034W,0.0
YDL070W,0.0
YMR132C,0.0
YGL064C,0.0
YOR236W,0.0
YDR500C,0.0
YMR024W,4.380952380952381
YJL111W,2.8166666666666664
YDR287W,0.0
YBR182C,0.0
YDR370C,0.0
YHL027W,0.0
YDL108W,2.0588235294117645
YAL014C,0.0
YLR141W,0.0
YDR195W,46.37142857142857
YOR285W,6.0
YDR181C,12.6
YPR173C,0.5
YER182W,0.0
YBR060C,29.11688311688312
YGL162W,0.0
YOR276W,9.5
YCR024C,0.0
YMR184W,0.0
YER020W,10.242857142857142
YLR176C,11.3
YLR318W,0.0
YLR416C,0.0
YER150W,0.0
YOR151C,103.31055757967526
YOL070C,2.7232142857142856
YPR010C-A,17.71746031746032
YER033C,0.0
YPL205C,0.0
YHR114W,154.79047619047617
Q0050,0.0
YOL036W,2.05
YDR009W,0.0
YFL020C,0.0
YBL113C,0.0
YFL047W,0.0
YOR145C,4.3999999999999995
YKL098W,0.0
YJL002C,18.25
YDL139C,0.0
YKL070W,0.0
YPL024W,0.0
YFL027C,0.0
YKR008W,0.0
YJL215C,0.0
YBR173C,2.033333333333333
YOR101W,4.2857142857142865
YOL012C,50.107142857142854
YDR414C,83.5
YGR143W,0.0
Q0085,15.335714285714285
YJL125C,0.0
YGR251W,0.0
YOR345C,0.0
YER092W,5.017948717948719
YNL178W,0.0
YDL176W,0.0
YBR107C,0.8333333333333334
YFL037W,206.31982739482743
YNR027W,0.0
YOR324C,0.0
YKL107W,0.0
YPL203W,91.07388167388169
YLR447C,24.581096681096685
YOR035C,4.4
YGR210C,0.0
YKL021C,13.864775575301893
YJR089W,2.125
YOL093W,0.0
YCR033W,27.514285714285712
YLL001W,0.0
YDR194C,2.3555555555555556
YHR011W,0.0
YMR219W,0.0
YBR088C,18.516666666666662
YOR053W,0.0
YEL016C,0.0
YJL032W,0.0
YEL046C,0.0
YDR542W,0.0
YFL049W,0.0
YCR011C,0.0
YDR127W,56.11564685314685
YGR003W,2.5
YER095W,30.307142857142857
YLR025W,2.5
YLR289W,6.5
YDR506C,0.0
YNL330C,11.513838383838385
YMR144W,0.0
YCL073C,0.0
YMR131C,0.0
YOR167C,2.8
YMR210W,0.0
YGR224W,0.0
YNL224C,0.0
YCR045C,0.0
YGR061C,0.0
YDR533C,0.0
YIL124W,0.0
YER161C,85.87857142857142
YBL050W,28.672222222222224
YDR395W,13.378571428571428
YDL193W,4.261904761904762
YOR247W,2.5
YDR512C,0.0
YJL181W,0.0
YBL056W,32.199999999999996
YER068W,4.8011904761904765
YBL106C,4.564102564102564
YIL093C,13.0
YPR185W,6.285714285714286
YGL157W,0.0
YNR042W,0.0
YPL084W,2.388888888888889
YER105C,0.0
YPL258C,58.0
YNR007C,9.501298701298701
YOR051C,0.0
YKR016W,0.0
YGR267C,4.424786324786325
YPL220W,0.0
YKL161C,105.5
YOL038W,24.21785714285714
YMR296C,3.6
YDL096C,0.0
YFL053W,0.0
YNL210W,0.0
YOL145C,9.01352657004831
YDR178W,0.0
YDL128W,0.0
YER063W,0.0
YMR141C,0.0
YNL028W,0.0
YHR118C,24.032467532467532
YDR113C,14.6
YLR187W,0.0
YHR185C,0.0
YFR032C,0.0
YLR150W,0.0
YOR179C,36.0
YOR309C,0.0
YPR198W,106.5
YGL180W,4.606410256410256
YJL163C,0.0
YGR114C,0.0
YNL266W,0.0
YKL087C,0.0
YHR026W,88.2595238095238
YGR145W,6.416666666666666
YOR068C,0.0
YPL040C,0.0
YER144C,0.0
YML126C,9.833333333333334
YGR117C,0.0
YKL157W,0.0
YPL109C,0.0
YCL005W,0.0
YBR065C,3.3333333333333335
YMR071C,0.0
YBR028C,0.0
YLR015W,35.8
YPR167C,0.0
YIL125W,30.100000000000005
YIL038C,7.75
YGR247W,0.0
YPL154C,0.0
YIL009W,0.0
YKL086W,0.0
YGL045W,0.0
YGL226W,0.0
YMR180C,0.0
YBR231C,2.761904761904762
YOR098C,26.39585137085137
YNL193W,0.0
YLR378C,6.133333333333334
YOL147C,0.0
YBR131W,0.0
YBR036C,234.98008658008652
YMR061W,34.96904761904762
YOL098C,0.0
YGL150C,2.5
YDR412W,3.5
YFL042C,2.225
YAL035W,7.333333333333333
YDR286C,0.0
YDL111C,16.7999444999445
YNL286W,0.0
YGL168W,0.0
YEL027W,9.897619047619047
YNL049C,0.0
YOL100W,0.0
YJL207C,0.0
YMR268C,20.75
YDR390C,5.7681818181818185
YMR066W,0.0
YJR110W,6.776785714285714
YBR261C,0.0
YAL010C,0.0
YPR175W,2.1142857142857143
YBR012W-B,0.0
YER091C,18.874300699300697
YMR226C,39.0
YLR199C,0.0
YOR070C,0.0
YPR016C,136.34678932178934
YMR285C,0.0
YOL083W,1.2
YJR098C,0.0
YML079W,0.0
YMR198W,4.666666666666667
YGR168C,0.0
YMR055C,44.6
YML061C,0.0
YAR008W,1.2
YEL030W,27.400000000000002
YNL025C,41.94047619047618
YBR169C,0.0
YMR092C,2.0296052631578947
YHR177W,0.0
YIR008C,4.666666666666667
YDL035C,0.0
YJL044C,1.5
YOR083W,0.0
YLR456W,0.0
YHL046C,0.0
YJL191W,0.0
YMR318C,0.0
YOL066C,0.0
YBR158W,2.1984126984126986
YKL011C,19.0
YEL003W,0.0
YNR065C,0.0
YOR246C,0.0
YJR017C,7.275613275613276
YLR016C,3.0
YOR341W,50.1968253968254
YDR091C,2.0634920634920637
YLR263W,0.0
YHR075C,2.017857142857143
YNL050C,0.0
YKL180W,0.0
YML102W,2.033333333333333
YLR432W,0.0
YJL015C,0.0
YJL222W-A,0.0
YLR387C,0.0
YHL011C,1.0
YMR181C,0.0
YCL065W,0.0
YPR048W,0.0
YPR160W,4.75
YER132C,91.0
YDL043C,243.58333333333331
YBL015W,0.0
YDR264C,6.375
YMR238W,3.5
YGR296W,0.0
YLL004W,9.310064935064936
YHR088W,34.33333333333333
YKL217W,0.0
YLR406C,0.0
YML124C,29.804616144089827
YCL076W,0.0
YOR121C,0.0
YNL053W,28.5
YOR354C,0.0
YER165W,98.07504815445989
YDR247W,43.0
YKL143W,2.1142857142857143
YLR049C,0.0
YPL049C,28.875
YBR011C,14.75
YBR239C,1.6666666666666667
YCR046C,0.0
YJR023C,0.0
YGL222C,0.0
YFR002W,31.75
YGR161C,7.93452380952381
YGR268C,61.0
YKR007W,2.230769230769231
YNL039W,24.33368983957219
YGR194C,0.0
YDR106W,0.0
YIR001C,40.0
YGL004C,207.33333333333334
YNL275W,0.0
YHR180W,0.0
YKL001C,0.0
YGL207W,18.02669082125604
YLR339C,0.0
YIL001W,0.0
YCR087W,0.0
YGR223C,0.0
YGL210W,0.0
YLR389C,0.0
YLR185W,0.0
YBR193C,34.59642857142857
YDR092W,0.0
YAR073W,0.0
YER118C,88.0482683982684
YER044C,0.0
YPL091W,0.0
YEL041W,0.0
YDR324C,9.200000000000001
YER084W,0.0
YMR146C,40.10808080808081
YBR293W,8.708333333333332
YMR001C,138.5357683982684
YLR430W,4.087301587301587
YPL129W,116.0
YOR042W,1.6666666666666667
YBR214W,0.0
YJL155C,0.0
YER160C,0.0
YJL135W,0.0
YJR127C,0.0
YPL001W,8.321428571428571
YBL098W,0.0
YLR037C,0.0
YDR023W,0.0
YGR261C,0.0
YLR259C,429.16795704295697
YJR093C,63.85
YER066W,0.0
YER023W,9.0
YDR327W,0.0
YDL084W,0.0
YHR143W-A,8.0485347985348
YPR124W,0.0
YNL282W,0.0
YLR074C,148.68809523809523
YLL034C,6.199999999999999
YPR082C,23.0
YKL082C,4.6886363636363635
YLR301W,0.0
YKL210W,18.702272727272728
YCL008C,3.8000000000000003
YCR063W,0.0
YML107C,0.0
YHL009C,10.0
YEL050C,0.0
YKL214C,3.3333333333333335
YHR078W,0.0
YDR039C,0.0
YNL231C,0.0
YJL162C,0.0
YGR211W,0.0
YOR157C,14.866666666666665
YNL246W,0.0
YOL055C,157.78333333333333
YDR424C,0.0
YNL261W,7.435064935064935
YLR287C,5.0
YPL053C,0.0
YER119C,0.0
YLR266C,0.0
YBR010W,19.25966386554622
YLR088W,3.5
YCR039C,0.0
YNL052W,0.0
YGL091C,0.0
YDR460W,9.8
YGL175C,0.8333333333333334
YHL038C,0.0
YNL339C,0.0
YLR270W,0.0
YOR304W,5.361111111111111
YJL079C,0.0
YHR170W,14.600000000000001
YGL015C,0.0
YGR258C,2.0
YML103C,4.067857142857143
YPR046W,0.0
YPR203W,0.0
YKL111C,0.0
YMR043W,1.5
YNL132W,26.090147271029625
YOR140W,5.75
YDL201W,0.0
YAL027W,2.9
YNL075W,2.2857142857142856
YJL112W,0.0
YDL012C,0.0
YPL089C,1.0
YGL021W,0.0
YGL072C,0.0
YOR146W,0.0
YBR128C,0.0
YLR369W,0.0
YJL198W,0.0
YPR111W,151.94612193362192
YLR328W,7.0
YBR049C,10.6
YOR384W,0.0
YLR294C,0.0
YLR351C,0.0
YBR027C,2.2666666666666666
YFL002W-B,0.0
YER128W,0.0
YBR257W,0.0
YLR243W,2.5
YCR071C,0.0
YGL093W,0.0
YNR036C,0.0
YHR013C,4.75
YDR478W,0.0
YMR105C,0.0
YBL068W,1.0
YLR033W,0.0
YBR299W,0.0
YER122C,5.595238095238096
YLR421C,69.3
YPR156C,81.67651515151515
YGL074C,0.0
YMR317W,0.0
YMR135C,3.3333333333333335
YGL036W,0.0
YJR044C,0.0
YOL086C,0.0
YHR079C,0.0
YHL047C,0.0
YMR287C,0.0
YOL118C,0.0
YLR008C,0.0
YLR361C,0.0
YHR080C,0.0
YGL166W,0.0
YGL122C,8.157051282051281
YDR341C,0.0
YJR067C,0.0
YMR078C,67.0
YJL117W,358.2
YDR280W,60.285714285714285
YDL130W,7.2
YHL002W,22.756204906204907
YKL196C,20.344444444444445
YMR150C,0.0
YDR292C,0.0
YOR327C,4.083333333333334
YFL038C,40.27096743835874
YIL022W,0.0
YKL074C,0.0
YPL255W,62.0
YKL167C,0.0
YNL070W,0.0
YKL112W,5.055555555555555
YIR023W,1.2
YML022W,0.0
YMR227C,4.564102564102564
YBR248C,0.0
YBR003W,0.0
YNL226W,0.0
YGR040W,111.01349206349205
YBR013C,0.0
YIL013C,0.0
YKR020W,8.285714285714285
YGR237C,0.0
YIR005W,0.0
YGR080W,0.0
YIL072W,0.0
YHR168W,0.0
YDR080W,2.0041666666666664
YKL193C,20.0
YDR207C,0.0
YJR136C,0.0
YKL018W,31.726190476190474
YPR182W,54.74444444444445
YPL232W,3.3452380952380953
YDR409W,2.0723981900452486
YDL086W,0.0
YJR027W,0.0
YJL141C,31.040476190476188
YHR040W,0.0
YBR249C,0.0
YBR246W,0.0
YOR220W,3.8777777777777778
YDL178W,0.0
YCL038C,0.0
YDR330W,0.0
YBR132C,0.7142857142857143
YOR317W,0.0
YLR191W,41.546031746031744
YPR194C,4.1
YPL083C,2.2666666666666666
YBR195C,2.8
YJL157C,121.65974025974026
YAR002W,43.48757908757908
YJL124C,63.02261904761905
YFL059W,19.0
YOR358W,6.96984126984127
YDR364C,1.3333333333333333
YBR106W,264.5380952380952
YML029W,0.0
YER171W,63.361808165175034
YMR168C,0.0
YKL140W,0.0
YPL231W,0.0
YGR149W,0.0
YLL038C,0.0
YFR013W,0.0
YNR022C,0.0
YKL055C,0.0
YBR117C,0.0
YDR104C,0.0
YMR263W,11.958333333333334
YLR192C,17.19047619047619
YDL072C,0.0
YNL055C,8.220238095238097
YMR110C,0.0
YNL081C,0.0
YKL064W,0.0
YNL251C,14.818333333333333
YJL070C,0.0
YJL222W-B,0.0
YDR461W,0.0
YGR056W,0.0
YPL052W,0.0
YLR079W,122.30000000000001
YHL010C,0.0
YGR006W,0.0
YPR184W,0.0
YNL221C,0.0
R0030W,2.321428571428571
YOR133W,4.664819004524887
YMR102C,6.166666666666667
YBR114W,5.025
YJL139C,0.0
YPL077C,0.0
YDR316W,0.0
YFR042W,0.0
YLR262C,18.056277056277057
YHR194W,0.0
YDL216C,4.85
YOR281C,0.875
YDR066C,0.0
YHL049C,0.0
YNL119W,0.0
YBL079W,0.0
YDR466W,62.33333333333333
YLR204W,0.0
YBR279W,17.252173913043478
YDL164C,16.88095238095238
YPR054W,59.70000000000001
YHL044W,0.0
YKL150W,0.0
YML082W,0.0
YDR404C,99.25119047619046
YDL198C,0.0
YFL061W,0.0
YJL137C,8.0
YDL148C,2.225
YIL056W,0.0
YDL246C,9.899999999999999
YPL100W,0.0
YMR013C,0.0
YNL167C,2.8
YCR044C,4.25
YPR010C,3.4761904761904763
YOR205C,0.0
YLR011W,0.0
YHR119W,15.284848484848487
YGL083W,0.0
YKR062W,1.3333333333333333
YMR014W,0.0
YIL138C,0.0
YDL214C,3.5
YHR016C,80.64999999999999
YEL034W,5.25
YPL105C,2.0090909090909093
YJR141W,0.0
YKL129C,85.25968614718613
YLR409C,14.999999999999998
YLR362W,20.21602564102564
YDL231C,0.0
YBL088C,0.0
YGR171C,0.0
YNL044W,43.983333333333334
YNL102W,2.761904761904762
YPL120W,0.0
YHR209W,0.0
YOR319W,57.083333333333336
YJL203W,66.0
YKL204W,2.2666666666666666
YHR024C,4.765873015873016
YKR074W,0.0
YHR151C,0.0
YNL262W,8.147619047619047
YLR093C,20.5
YOR059C,0.0
YPL196W,0.0
YIL023C,0.0
YKL159C,0.0
YMR266W,0.0
YOL152W,0.0
YPL064C,0.0
YBR185C,0.0
YMR134W,0.0
YMR282C,0.0
YDR462W,2.083333333333333
YNR072W,0.0
YFL034C-B,6.476190476190475
YCR100C,0.0
YLR215C,6.2
YAL015C,57.855092276144916
YNR028W,0.0
YOR123C,2.1855072463768117
YFL011W,0.0
YHR005C,2.071428571428571
YPR063C,0.0
YNL219C,0.0
YGL208W,2.1142857142857143
YER041W,8.371212121212121
YPL116W,0.0
YKR039W,11.666666666666668
YLR381W,0.0
YBR295W,0.0
YER143W,1.3636363636363635
YPL067C,0.0
YDL175C,18.600793650793648
YDL017W,221.1321657058112
YMR297W,0.0
YGL195W,0.0
YBR234C,27.714285714285722
YMR235C,4.390151515151515
YER168C,0.0
YIR004W,0.0
YNL217W,0.0
YBR008C,0.0
YMR091C,7.2
YPL082C,7.022549019607843
YDR215C,0.0
YBL108W,0.0
YFR016C,5.333333333333333
YPR028W,89.54761904761905
YKL045W,2.2857142857142856
YDL158C,0.0
YDR290W,0.0
YIL098C,0.0
YHR172W,5.313131313131313
YOR008C,0.0
YDR367W,0.0
YPL214C,0.0
YKL054C,0.0
YNL207W,27.604761904761904
YJL067W,0.0
YOL068C,19.97142857142857
YLR325C,0.0
YOL154W,0.0
YGR063C,0.6
YPL063W,0.7142857142857143
YOR049C,0.0
YNL116W,11.241414141414142
YOL080C,0.0
YJL100W,0.0
YBR250W,0.0
YML016C,15.152777777777779
YDR138W,5.050757575757576
YBR247C,37.10950715950716
YPL029W,0.0
YIL154C,2.5
YPL192C,0.0
YPL204W,141.76344269765326
YDR369C,6.1611111111111105
YGR231C,0.0
YHR077C,0.0
YLR246W,0.0
YMR251W,0.0
YER159C-A,2.017857142857143
YIL032C,0.0
YLR324W,0.0
YNR011C,0.0
YDR260C,61.55000000000001
YGR034W,0.0
YLR449W,14.047619047619047
YER038C,0.0
YOL075C,0.0
YOR057W,32.06666666666667
YPL251W,0.0
YPL130W,0.0
YMR269W,0.0
YML094W,6.155844155844156
YGL038C,0.0
YGR090W,88.6145406880701
YCL024W,16.189393939393938
YMR261C,0.0
YLR109W,3.8
YBL031W,0.0
YBL078C,4.274242424242424
YHR208W,0.0
YDR433W,0.0
YLR044C,127.64831834831834
YGL113W,0.0
YOL117W,12.166666666666668
YGR100W,0.0
YGR284C,175.58333333333331
YPL256C,75.80000000000001
YIR034C,4.511111111111111
YLR112W,0.0
YIL145C,0.0
YFR018C,0.0
YBR109C,56.28134256094783
YHL007C,42.52352092352093
YOR232W,11.833333333333332
YFL031W,0.0
YJL045W,0.0
YNL153C,2.583333333333333
YKL007W,6.583333333333333
YPL004C,1.0
YKL220C,0.0
YDR389W,0.0
YLR342W,2.5
YNL041C,16.0
YJL024C,0.0
YBR020W,365.6666666666667
YMR162C,0.0
YLR132C,0.0
YOL123W,10.879273504273504
YPL042C,38.45739538239539
YPL150W,20.5
YMR264W,20.052380952380954
YNL141W,0.0
YOL151W,0.0
YIL005W,2.1666666666666665
YNR009W,0.0
YBL032W,20.666666666666668
YDL195W,9.8
YBR055C,244.16666666666674
YGR198W,0.0
YOR211C,0.0
YMR197C,29.055555555555554
YJR101W,2.083333333333333
YDR061W,0.0
YOR138C,0.0
YIL160C,3.333333333333333
YPL180W,16.555555555555557
YIR011C,0.0
YIL019W,0.0
YMR300C,0.0
YOL030W,1.25
YLR042C,0.0
YMR289W,0.0
YPR017C,27.0
YPR162C,17.428571428571427
YHR097C,0.0
YKL013C,13.876623376623378
YDL037C,0.0
YOR185C,19.333333333333332
YPR094W,0.0
YNL137C,4.25
YBR140C,4.652777777777778
YOL034W,0.0
YOR351C,121.91666666666666
YJL152W,2.017857142857143
YBR146W,5.0
YDR384C,0.0
YGR084C,7.5
YKL165C,0.0
YBR012C,0.0
YJR052W,19.982142857142858
YOR111W,0.0
YLR130C,0.0
YKL222C,0.0
YDL206W,17.0
YGL190C,79.32382650029707
YOR188W,66.0
YER149C,0.16666666666666666
YKR093W,0.0
YGR255C,0.0
YBR203W,28.0
YLR105C,4.266666666666667
YJL084C,16.560606060606062
YJR070C,2.6666666666666665
YPL098C,1.25
YPL188W,0.0
YIL157C,0.0
YGL177W,0.0
YAR042W,2.2666666666666666
YKR001C,18.416666666666668
YDR388W,414.66265162426157
YML115C,7.217748917748917
YJL199C,4.533333333333333
YOR066W,18.5
YDL221W,0.0
YER045C,0.0
YKR017C,0.0
YMR309C,61.74801587301588
YDL093W,0.0
YDL047W,189.94000721500728
YCR002C,130.32406466082935
YNL235C,0.0
YBR124W,0.0
YBR063C,0.0
YLR304C,0.0
YGL251C,0.0
YMR063W,0.0
YPL027W,0.0
YBR072W,290.1309523809524
YGL141W,0.0
YLR278C,0.0
YGR130C,0.0
YNR056C,0.0
YDR087C,46.33333333333333
YKR066C,1.6
YBR229C,0.0
YER109C,0.0
YKR096W,22.0
YHR142W,83.02142857142859
YJL065C,0.0
YMR207C,0.0
YGR033C,0.0
YDL123W,0.0
YML019W,0.0
YDR457W,0.0
YGR066C,0.0
YDR333C,0.0
YLR151C,0.0
YBR127C,256.98459595959594
YNL094W,36.03554829673251
YIR026C,6.809920634920635
YGL014W,0.0
YGR081C,0.8333333333333334
YJR130C,0.0
YHL032C,0.0
YEL060C,27.0
YFL016C,42.077261627261635
YNR055C,0.0
YLR106C,6.714285714285714
YJR082C,0.0
YDR170W-A,0.0
YMR202W,0.0
YHR090C,8.137254901960784
YER071C,0.0
YPL207W,0.0
YIR040C,0.0
YCR105W,0.0
YDL159W-A,0.0
YPR085C,0.0
YHR211W,0.0
YCR052W,3.0
YJL208C,0.0
YOR158W,21.5
YAR019C,78.60317460317461
YLR313C,0.0
YNL016W,20.810714285714287
YDR368W,0.0
YHR159W,0.0
YJL094C,0.0
YGR148C,0.0
YDR410C,2.5999999999999996
YER005W,7.166666666666667
YDR249C,0.0
YHR027C,151.26476954418132
YOR037W,0.0
YPR161C,2.013888888888889
YDL200C,467.0
YMR052W,7.666666666666667
YPR178W,94.74188311688313
YDL118W,0.0
YLR340W,5.866666666666666
YOR242C,0.0
YLL026W,6.677807486631016
YIL002C,0.0
YHR102W,9.987768440709617
YGL115W,43.11547619047619
YFR031C,12.833333333333332
YKR025W,16.0
YGL104C,136.0
YGR192C,0.0
YPR137W,13.433333333333334
YJL178C,0.0
YNL027W,0.0
YAL058W,0.0
YHL020C,0.0
YDR229W,5.0
YPL259C,39.333333333333336
YOR249C,31.333333333333332
YHR002W,0.0
YGR048W,3.272727272727273
YOL069W,44.583333333333336
YFR033C,0.0
YLR442C,9.346288515406162
YCR088W,119.16666666666667
YOL140W,0.0
YGL003C,96.61190476190474
YIL063C,21.916666666666664
YPR086W,50.125793650793646
YLR457C,0.0
YPR097W,0.0
YIL082W-A,0.0
YJR073C,0.0
YDR274C,0.0
YPL160W,2.833333333333333
YHR056C,0.0
YIL139C,0.0
YKL043W,0.0
YBR042C,0.0
YNL047C,26.33076563958917
YBR097W,0.0
YPL169C,2.05
YGR047C,0.0
YPR101W,12.333333333333334
YEL057C,0.0
YDR340W,0.0
YHR115C,8.866666666666667
YNL298W,65.45687645687647
YBR196C,368.1666666666667
YPL055C,0.0
YFL048C,15.878787878787879
YPR055W,3.0416666666666665
YOR271C,0.0
YKL092C,0.0
YGL230C,0.0
YBR142W,126.0
YGR121C,0.0
YLR448W,0.0
YNL118C,19.467314118629904
YDR323C,0.0
YPR051W,0.0
YKL189W,3.941844919786096
YMR290C,77.20180375180377
YER089C,0.0
YAR047C,0.0
YLR147C,105.53571428571429
YMR032W,12.684998334998337
YBL100C,0.0
YMR195W,0.0
YPL074W,5.440476190476191
YGR094W,0.0
YMR108W,27.714285714285715
YOR102W,0.0
YGR189C,0.0
YOR299W,0.0
YNL098C,2.9067460317460316
YML077W,5.0
YDR005C,0.0
YPR188C,0.0
YLR271W,0.0
YOR393W,0.0
YGL213C,4.5
YEL063C,216.55000000000004
YDL147W,278.0
YFR006W,0.0
YMR214W,65.23928571428571
YBR266C,0.0
YJL062W,0.0
YBL021C,7.457142857142857
YPL125W,4.152380952380953
YOR388C,0.0
YLR051C,2.0
YBR245C,13.86111111111111
YDL154W,0.5555555555555556
YNR015W,0.0
YOL056W,0.0
YJR034W,0.0
YLR183C,0.0
YLR258W,22.0
YBL006C,0.0
YDL160C,16.851190476190474
YOR353C,8.833333333333334
YDL196W,0.0
YNR004W,0.0
YMR275C,5.571428571428571
YBR177C,0.0
YNL072W,0.0
YKL101W,6.0
YGR285C,2.785714285714286
YOR229W,13.117857142857144
YDL144C,0.0
YKL192C,0.0
YPL012W,2.1142857142857143
YPR049C,0.0
YJL096W,0.0
YDL092W,3.0
YJR109C,12.63517316017316
YJL183W,5.75
YML036W,9.2
YDL008W,39.40634920634921
YLR347C,115.04745532245532
YNL172W,23.12857142857143
YDR501W,0.0
YJL122W,5.0
YNL301C,0.0
YGL010W,0.0
YMR030W,0.0
YNR033W,0.0
YGR291C,0.0
YDR037W,27.0
YPL133C,0.0
YGL259W,0.0
YKL073W,4.333333333333333
YDR422C,9.04945054945055
YKL090W,0.0
YBL090W,2.333333333333333
YBR162C,0.0
YIL104C,1.5
YPL195W,0.0
YNR052C,15.828571428571427
YHR200W,262.81666666666666
YOR046C,5.666666666666667
YLL006W,6.388888888888889
YMR011W,0.0
YNL160W,0.0
YDR526C,0.0
YGR010W,4.5
YDR074W,0.0
YJL054W,7.475
YDR172W,0.0
YIL040W,0.0
YKL067W,1.4444444444444444
YGL054C,0.0
YGL106W,15.415584415584416
YDR150W,4.083333333333334
YKL060C,43.21336996336996
YAL024C,45.0
YEL071W,0.0
YML038C,12.0
YDR516C,4.0
YHL014C,0.0
YDL075W,0.0
YDR196C,0.0
YBR235W,0.0
YGL253W,0.1875
YLR388W,0.0
YGR024C,0.0
YGL096W,2.5
YER112W,95.73690476190477
YBR216C,35.0
YER099C,3.083333333333333
YOR209C,0.0
YJL102W,0.0
YLR117C,14.66904761904762
YNR061C,0.0
YGR150C,0.0
YCR101C,0.0
YPR193C,1.6666666666666667
YPL172C,0.0
YFL067W,0.0
YMR276W,42.25
YLR397C,1.6666666666666667
YPR121W,0.0
YLR240W,0.0
YNL166C,33.93333333333333
YLR153C,0.0
YNL140C,0.0
YGL256W,0.0
YIL033C,17.197005772005774
YKL179C,0.0
YOR161C,0.0
YLR206W,1.6666666666666667
YER012W,228.06190476190474
YPL094C,6.583333333333334
YMR096W,6.200000000000001
YDL004W,1.75
YOR349W,0.0
YGL236C,2.321428571428571
YCR106W,0.0
YLR297W,0.0
YPR088C,6.55
YER175C,0.0
YJR019C,0.0
YIL042C,0.0
YDL100C,0.0
YDR062W,20.066666666666666
YBR204C,0.0
YOL044W,5.485714285714286
YDL090C,0.0
YMR224C,2.3555555555555556
YMR074C,0.0
YPL135C-A,0.0
YPL277C,0.0
YMR057C,0.0
YJL201W,0.0
YML032C,21.976190476190478
YER051W,0.0
YKL114C,0.0
YCR016W,0.0
YNL001W,0.0
YPR123C,0.0
YDR372C,0.0
YGR220C,0.0
YHL022C,0.0
YJR042W,35.785714285714285
YNR026C,9.0
YGL206C,55.130133755133755
YOL088C,0.0
YFL001W,0.0
YDL211C,0.0
YPL208W,0.0
YDR301W,75.4
YBR207W,0.0
YDR321W,7.5
YMR240C,62.39430014430014
YEL058W,0.0
YNR043W,0.0
YGR253C,8.733333333333334
YGR172C,42.95
YNL284C,24.666666666666664
YDL124W,0.0
YJR152W,0.0
YBL066C,0.0
YPR072W,18.266666666666666
YGR030C,0.0
YIL064W,0.0
YJL001W,10.066666666666666
YOR293W,0.0
YMR288W,4.133333333333333
YBR039W,64.8
YGL143C,0.0
YER142C,7.0
YNR041C,0.0
YNR037C,0.0
YBR276C,0.0
YLR066W,0.0
YOR095C,0.0
YBL039C,102.71904761904759
YLR078C,53.08333333333333
YNL243W,21.402165670586722
YDL156W,0.0
YDR283C,33.22115384615385
YHR132C,0.0
YDR046C,16.283333333333335
YKL063C,0.0
YIL017C,3.3333333333333335
YKL224C,0.0
YNL161W,43.31190476190476
YIL151C,0.0
YOR252W,0.0
YLR295C,21.049999999999997
YNL051W,0.0
YJR048W,0.0
YFR030W,35.0
YHR130C,0.0
YGL235W,0.0
YER060W-A,0.0
YDR018C,0.0
YBR240C,0.0
YHR072W-A,4.416666666666667
YJL211C,0.0
YGR099W,0.0
YDR020C,0.0
YGR017W,0.0
YKL170W,0.0
YCR053W,0.0
YML089C,0.0
YBL004W,9.363095238095237
YBR275C,9.514285714285716
YGR002C,135.53333333333333
YNL216W,0.0
YJR154W,0.0
YMR017W,3.0
YIL050W,16.560606060606062
YLR349W,0.0
YOR366W,0.0
YLL067W-A,0.0
YER176W,0.0
YBR052C,0.0
YJL091C,8.0
YNL215W,0.0
YKR060W,11.333333333333332
YJR103W,0.0
YGR244C,0.0
YDL006W,2.4444444444444446
YNL147W,38.43452380952381
YNL333W,11.299999999999999
YNL277W-A,0.0
YOR104W,0.0
YDL091C,0.0
YMR212C,0.0
YLR005W,1.8888888888888888
YGR184C,19.999999999999996
YNL312W,2.093984962406015
YMR228W,0.0
YKL009W,27.535714285714285
YPR141C,1.9
YOR230W,12.989285714285714
YPR112C,0.0
YDR174W,4.938235294117646
YKL146W,0.0
YJR072C,1.8571428571428572
YCR057C,88.07380952380952
YPL126W,16.133333333333333
YPL216W,0.0
YGR293C,0.0
YGL085W,0.0
YOL022C,0.0
YML023C,0.0
YBR084W,5.1911764705882355
YCR082W,10.5
YIL021W,149.0952380952381
YEL059W,0.0
YER067W,0.0
YLR115W,121.5
YKL103C,71.34761904761905
YBL092W,0.0
YHR076W,0.0
YDL044C,0.0
YML028W,2.0
YDL150W,8.541666666666666
YGR053C,0.0
YEL070W,0.0
YMR177W,3.5
YJR125C,0.0
YJL158C,0.0
YOR150W,2.083333333333333
YDR346C,0.0
YNL314W,2.5
YLR142W,0.0
YIR039C,0.0
YKL164C,0.0
YMR080C,0.0
YDR079C-A,0.0
YIL077C,0.0
YLR395C,0.0
YML013W,0.0
YLR082C,0.0
YLR229C,46.81354895104895
YNL154C,6.699242424242424
YBR230C,0.0
YAR069C,0.0
YMR209C,0.0
YJL123C,0.0
YHR123W,35.75
YGR029W,0.0
YKL028W,0.75
YOR011W,0.0
YIL118W,3.625
YGL090W,7.0
YLR177W,0.0
YJL039C,10.25
YKL108W,26.095238095238095
YDR263C,0.0
YJL114W,0.0
YPR030W,23.75
YGR068C,17.0
YOL104C,0.0
YHR116W,0.0
YJR105W,0.0
YPR099C,0.0
YER103W,37.85714285714286
YFR054C,0.0
YGR249W,0.0
YLL002W,0.0
YOR202W,0.0
YKL040C,0.0
YMR038C,0.0
YER015W,0.0
YLR137W,0.0
YGR277C,0.0
YPL248C,30.775
YLR410W,0.0
YHR092C,0.0
YIR031C,0.0
YGR146C,0.0
YLR099C,0.0
YPL050C,0.0
YIL110W,0.0
YJR062C,20.75
YBR300C,0.0
YGL172W,56.90476190476189
YFL056C,0.0
YER147C,0.0
YMR167W,16.095238095238095
YDR398W,2.5
YDR270W,0.0
YDR123C,0.0
YKL213C,5.337301587301588
YMR230W,0.0
YNL321W,0.0
YPL187W,0.0
YPL234C,7.0
YLR068W,0.0
YOR350C,0.0
YDR224C,25.500000000000004
YHR147C,0.0
YBR287W,0.0
YDR079W,0.0
YMR179W,0.0
YER009W,49.5
YDL099W,0.0
YIL169C,0.0
YGL111W,127.33333333333334
YDL248W,0.0
YMR213W,22.34340659340659
YNL088W,4.547619047619048
YFL009W,18.1
YGR124W,0.0
YPL177C,0.0
YOR034C,0.0
YPL269W,0.0
YKR087C,0.0
YOL009C,0.0
YMR280C,1.2857142857142858
YGL127C,55.71666666666667
YBR133C,1.7
YDR317W,0.0
YDL157C,0.0
YOL099C,0.0
YDR212W,63.5
YIL142W,261.75
YKL219W,0.0
YER180C,0.0
YOR155C,4.533333333333333
YLR118C,0.0
YOR325W,0.0
YOL013C,0.5833333333333334
YNL252C,0.0
YCR035C,25.533333333333335
YNL220W,0.0
YMR045C,0.0
YKR091W,47.66666666666667
YOR243C,5.583333333333333
YKR034W,5.0
YNL289W,0.0
YBL081W,0.0
YJR007W,81.7
YGR229C,0.0
YDL053C,0.0
YNR025C,0.0
YGR110W,0.0
YDR054C,11.812885154061624
YMR192W,4.0
YCL055W,3.0
YCR093W,23.61309523809524
YHR018C,0.0
YPL263C,0.0
YHR048W,0.0
YNR032W,11.308333333333332
YHR033W,21.0
YJR091C,98.10758326640679
YLR126C,0.0
YJR083C,0.0
YDR171W,60.458383446618754
YJL138C,378.66666666666663
YDR169C,0.0
YJL213W,0.0
YLR018C,134.45
YBR157C,0.0
YPL119C,0.0
YJR108W,0.0
YOL102C,0.0
YDR070C,0.0
YPR011C,0.0
YJR148W,0.6666666666666666
YOR072W,0.0
YHR204W,0.0
YLR178C,4.964285714285714
YOL050C,0.0
YHR073W,2.7403846153846154
YOR385W,0.0
YCL034W,11.0
YCR036W,0.0
YLR134W,4.35
YNL105W,0.0
YCR004C,2.5
YBR162W-A,0.0
YMR128W,4.423412698412699
YLL014W,0.0
YDR088C,1.6
YML053C,0.0
YBR089C-A,2.1666666666666665
YGL163C,23.121428571428574
YKL120W,0.0
YBL104C,6.333333333333333
YML094C-A,0.0
YGR233C,2.2
R0020C,0.0
YAR028W,45.0
YLR060W,0.0
YER059W,115.25
YKL127W,0.0
YML093W,0.0
YKL163W,0.0
YML025C,0.0
YLR028C,0.0
YFR036W,23.12857142857143
YDR110W,4.083333333333333
YGR070W,0.0
YGR294W,0.0
YBR238C,0.0
YMR036C,27.879329004329005
YPR132W,7.432539682539682
YOR224C,77.54761904761904
YNL125C,5.0
YER022W,72.15039682539683
YDR060W,40.692279942279946
YBR168W,0.0
YMR311C,1.0
YPL140C,153.5858296072693
YIR037W,0.0
YNL234W,0.0
YIL079C,24.545454545454547
YDL059C,168.08214285714286
YBR043C,0.0
YHR105W,0.0
YER163C,0.0
YIL052C,0.0
YBL075C,30.678770739064852
YOR048C,0.0
YER037W,0.0
YDR002W,10.25
YBL046W,2.0
YHR059W,0.0
YJL083W,0.0
YPL250C,0.0
YPR045C,0.0
YOL033W,0.0
YNL074C,0.0
YAR023C,0.0
YOR344C,0.0
YLR462W,0.0
YKL188C,0.0
YNR017W,4.4
YIR002C,1.7272727272727273
YBR217W,208.275
YDR156W,0.0
YPR020W,4.6
YOR116C,24.384523809523806
YLR081W,3.2
YJR009C,36.25000000000001
YKR046C,0.0
YBR255W,0.0
YIL097W,3.3333333333333335
YLL049W,10.5
YJR008W,0.0
YJL167W,0.0
YEL049W,0.0
YLR373C,10.333333333333334
YER146W,58.35068542568543
YHR193C,3.5714285714285716
YLR021W,0.0
YMR211W,0.0
YOL082W,10.171428571428569
YMR049C,289.7309523809524
YLR108C,39.0
YLR293C,60.4924963924964
YNL279W,6.5
YER040W,2.207792207792208
YCR050C,0.0
YJR131W,0.0
YLR077W,0.0
YNR010W,16.77261904761905
YLR173W,0.0
YHR178W,0.0
YBR069C,88.75
YOR109W,1.4285714285714286
YDL098C,11.666666666666666
YML095C,20.616666666666667
YOR050C,0.0
YDR309C,48.892857142857146
YKL019W,0.0
YDL149W,0.0
YMR265C,0.0
YKR048C,18.78392857142857
YJR123W,0.0
YBR225W,14.749999999999998
YOR251C,0.0
YEL020C,0.0
YDL172C,0.0
YLR149C,0.0
YMR031W-A,0.0
YBR152W,36.5
YJR104C,2.958974358974359
YMR183C,0.0
YDR407C,2.5
YLR100W,0.0
YIL060W,0.0
YGR221C,0.0
YDR107C,0.0
YLR459W,0.0
YKL039W,0.0
YGL029W,0.0
YHR175W,0.0
YIL140W,0.0
YLR220W,0.0
YER019W,0.0
YBL052C,0.0
YIL018W,0.0
YFR007W,0.0
YMR112C,22.0
YGR274C,59.156499382969976
YGL198W,58.12099269913915
YHR103W,0.0
YJL019W,0.0
YBR172C,0.0
YDR227W,98.28051629742806
YJL013C,0.0
YPL115C,24.458333333333336
YLL032C,0.0
YGR228W,0.0
YER170W,0.0
YBR178W,0.0
YNL331C,2.5
YDL223C,0.0
YHR135C,122.52301587301586
YER113C,0.0
YER070W,13.0
YDR534C,0.0
YOL130W,0.0
YJR080C,0.0
YIL020C,0.0
YNL091W,0.0
YPL047W,4.125
YNR058W,0.0
YDR256C,1.4285714285714286
YLR446W,0.0
YLR158C,2.083333333333333
YLL030C,0.0
YMR271C,0.0
YNL158W,0.0
YKL081W,76.33333333333333
YOR289W,0.0
YOR164C,4.333333333333333
YJL134W,0.0
YHL005C,0.0
YEL069C,0.0
YCL036W,0.0
YBR237W,0.0
YOR187W,0.0
YEL043W,9.375
YPL271W,1.75
YPL210C,0.0
YMR196W,0.0
YOR338W,0.0
YAR027W,22.990476190476187
YNL304W,0.0
YLR312C,0.0
YDL167C,0.0
YLR436C,0.0
YGR083C,80.63333333333333
YER025W,79.53358585858585
YGL167C,0.0
YDR044W,0.0
YGR057C,0.0
YHL031C,2.0
YNL276C,0.0
YKR040C,0.0
YLR103C,0.0
YHR043C,0.0
YOR329C,2.761904761904762
YGR204W,0.0
YNR070W,0.0
YNL285W,0.0
YLR224W,16.0
YIR018W,0.0
YDR536W,0.0
YIL143C,4.0
YJL192C,0.0
YDL097C,157.41825396825396
YBR130C,22.857142857142858
YMR083W,0.0
YER006W,32.97857142857143
YHR074W,0.0
YOL132W,74.41666666666669
YBR077C,0.0
YMR172W,10.244444444444445
YNL136W,0.0
YBR137W,10.0
YLR319C,8.968939393939394
YJR061W,0.0
YAL032C,39.416666666666664
YHR068W,2.9
YER159C,0.0
YGR154C,0.0
YBR192W,0.0
YGR109C,50.061471861471865
YDR226W,1.25
YAL016W,35.762477718360074
YDR142C,74.16666666666666
YLR300W,0.0
YDR459C,0.0
YNL173C,0.0
YNL169C,0.0
YOR261C,245.33333333333334
YKR077W,74.0
YDR121W,1.4285714285714286
YML059C,0.0
YNL133C,0.0
YDL073W,0.0
YJL020C,52.24238816738817
YJL076W,133.98571428571427
YER117W,3.157142857142857
YKR029C,16.40021645021645
YBR101C,0.0
YOR071C,0.0
YGL184C,0.0
YOR318C,0.0
YOR040W,0.0
YFL030W,0.0
YDR043C,0.0
YJR106W,0.0
YGR282C,16.207794982794987
YOR181W,219.14484126984132
YDL022W,0.0
YER057C,0.0
YDR349C,0.0
YOL052C,0.0
YKL034W,0.0
YJL159W,0.0
YIR036C,0.0
YPR036W,22.0
YDR098C,0.0
YBR272C,85.08333333333334
YLR269C,2.1666666666666665
YKL181W,4.0
YJR022W,181.76666666666665
YDL028C,21.428787878787883
YGL110C,0.0
YHR003C,0.0
YBL020W,0.0
YKR030W,0.0
YGL239C,0.0
YHR036W,0.0
YIL076W,8.206349206349206
YDL159W,10.012121212121214
YLR322W,0.0
YBR105C,3.6333333333333333
YER114C,129.0
YDR504C,0.0
YLR056W,7.133333333333333
YER111C,4.587301587301587
YDL056W,0.0
YFL063W,0.0
YLR211C,0.0
YOR368W,0.0
YPL242C,5.503987240829346
YDR288W,0.0
YJL214W,47.5
YCL059C,74.53333333333333
YKL048C,5.923076923076923
YDR285W,13.825
YOR370C,0.7
YJL204C,0.0
YOR298W,0.0
YOR312C,0.0
YDR502C,18.92857142857143
YJR003C,0.0
YOR005C,39.19864857364858
YHR008C,0.0
YLR073C,0.0
YOR078W,0.0
YMR008C,0.0
YMR201C,34.2
YBR058C-A,2.0
YER052C,3.5
YOR381W,0.0
YGR104C,73.51309523809525
YJL058C,4.8
YBR290W,160.9400432900433
YJR100C,0.0
YLR180W,275.9857142857143
YDR242W,0.0
YBR079C,67.3686507936508
YDR072C,0.0
YNL112W,0.0
YDR297W,219.5904761904762
YOL156W,12.466666666666667
YDR479C,0.0
YOR023C,0.0
YDL027C,0.0
YKR099W,0.0
YIL117C,0.0
YDR482C,0.0
YPL236C,0.0
YOR266W,0.0
YBR288C,43.083333333333336
YIL035C,299.8757936507937
YAL045C,0.0
YGL189C,1.4
Q0080,0.0
YDL024C,0.0
YDL181W,4.666666666666667
YGR177C,0.0
YKL077W,0.0
YJL023C,0.0
YCR024C-A,42.3
YFR022W,0.0
YBR089W,0.0
YDR071C,2.9
YJL173C,51.609188034188044
YGR014W,4.926406926406926
YKR095W,0.0
YBL100W-A,2.083333333333333
YBR044C,0.0
YDR449C,10.790476190476191
YCR027C,0.0
YDR488C,0.0
YGL179C,1.5
YGL250W,0.0
YLR228C,0.0
YHR065C,0.0
YPL135W,0.0
YNL227C,2.446428571428571
YNL175C,23.874164578111944
YLR214W,0.0
YOL018C,10.693181818181818
YOR110W,0.0
YGL053W,13.464285714285714
YJL189W,0.0
YGL087C,0.0
YLR242C,0.0
YDL087C,93.39999999999999
YAL048C,0.0
YML021C,0.0
YLR363C,0.0
YLR298C,32.32222222222222
YBR194W,0.0
YBR219C,0.0
YOR194C,10.65
YKL025C,0.0
YJR032W,2.9846153846153847
YMR109W,191.93798701298704
YHR063C,0.0
YDR380W,0.0
YLR385C,59.5
YOR264W,0.0
YBL105C,16.636363636363637
YNR069C,0.0
YDR250C,0.0
YOR322C,0.0
YGR209C,0.0
YJR014W,0.0
YJL120W,0.0
YPL059W,1.5555555555555556
YJL182C,0.0
YOR363C,0.0
YBR156C,3.0
YDR136C,0.0
YHR184W,19.333333333333332
YML099C,2.0
YDL238C,0.0
YLR453C,15.350000000000001
YLR350W,3.6
YJL082W,0.0
YGR072W,0.0
YER151C,2.033333333333333
YOR257W,5.978896103896104
YOR063W,0.0
YLL059C,0.0
YDR004W,22.50952380952381
YJR024C,0.0
YOR060C,0.0
YPL178W,82.25
YBR298C,13.262626262626263
YNL014W,5.166666666666667
YKL102C,0.0
YDR042C,0.0
YHL035C,0.0
YBR006W,0.0
YDR093W,0.0
YMR075C-A,0.0
YKR044W,0.0
YKL008C,121.44047619047619
YFL041W,35.0
YDR298C,10.333333333333334
YPL249C-A,3.75
YDR240C,33.6
YNR053C,101.0
YHR187W,8.314285714285715
YGL240W,11.07857142857143
YJL030W,2.428571428571429
YPL238C,0.0
YDR116C,0.0
YEL072W,0.0
YNL163C,0.0
YGL221C,0.0
YGL065C,0.0
YGL098W,0.0
YPL085W,0.0
YKR050W,0.0
YEL023C,0.0
YMR003W,0.0
YCR041W,0.0
YKL154W,175.63333333333333
YIL177C,0.0
YGL078C,0.0
YKL138C,0.0
YAL001C,0.0
YBL082C,0.0
YLR356W,0.0
YFR012W,0.0
YGR160W,0.0
YLR194C,0.0
YEL011W,0.0
YJL175W,0.0
YNL062C,4.0
YBL080C,0.0
YGL061C,7.619047619047619
YPL158C,1.1111111111111112
YHR122W,0.0
YPL265W,0.0
YOR222W,0.0
YPR137C-A,0.0
YDR243C,0.0
YJR146W,0.0
YNL018C,0.0
YOR314W,0.0
YJL165C,0.0
YBL037W,1.6
YCR073C,0.0
YEL039C,0.0
YGL032C,0.0
YML108W,0.0
YLR334C,0.0
YJL080C,0.0
YDR362C,0.0
YHL030W,39.40833333333333
YJL106W,89.1
YMR153W,15.110714285714286
YER048C,0.0
YDR085C,0.0
YBR070C,0.0
YKR005C,0.0
YPR100W,0.0
YKL166C,84.95963203463207
YPR125W,0.0
YHR012W,10.600000000000001
YBR056W,0.0
YLL061W,16.10959595959596
YKR010C,17.53333333333333
YDR530C,0.0
YLR104W,0.0
YLR455W,3.75
YMR155W,0.0
YER049W,0.0
YAL036C,42.53333333333334
YGR196C,0.0
YIL008W,0.0
YMR215W,458.75
YLR116W,0.0
YML057W,74.80000000000001
YDL125C,0.0
YIL108W,0.0
YPL108W,0.0
YGR206W,0.0
YDL203C,8.0
YGL215W,4.333333333333334
YMR229C,12.922222222222222
YOR100C,0.0
YDR013W,0.0
YGR018C,0.0
YDR344C,0.0
YLR435W,0.0
YLR420W,0.0
YJL004C,9.633333333333335
YGL170C,4.0
YDR265W,14.899999999999999
YIL084C,10.96969696969697
YBR202W,7.444976076555023
YPL179W,1.75
YDR041W,5.0
YNL087W,0.0
YEL008W,0.0
YDL011C,0.0
YDL103C,0.0
YJR031C,0.0
YDR339C,0.0
YGL242C,0.0
YOR275C,2.0
YPL038W,10.4
YPR149W,0.0
YLR450W,1.7142857142857142
YOR265W,0.0
YGL035C,1.5714285714285714
YML009C,0.0
YDL067C,0.0
YKL126W,1.4
YEL053C,0.0
YER162C,7.625
YOL108C,0.0
YPL145C,0.0
YMR310C,0.0
YGL039W,0.0
YML121W,2.0
YOR054C,0.0
YMR039C,0.0
YGR016W,0.0
YOR364W,0.0
YIL088C,0.0
YDR307W,165.66666666666666
YER129W,21.34448051948052
YDR027C,7.407467532467532
YGL134W,11.75
YMR101C,0.0
YHL004W,60.5
YIL054W,0.0
YDL220C,21.333333333333336
YOR260W,15.78030303030303
YHR108W,0.5714285714285714
YMR246W,24.33333333333333
YDR143C,131.5
YKR031C,0.0
YBR253W,164.25
YDR026C,0.0
YBL019W,0.0
YLR234W,0.0
YDL117W,8.358585858585858
YLR233C,11.068627450980392
YLR460C,0.0
YBR159W,375.4035714285713
YNR001C,30.800000000000004
YPL249C,1.25
YNL244C,64.73214285714286
YER026C,64.18095238095238
YER148W,79.53570669526552
YML114C,0.0
YDR289C,0.0
YMR260C,0.0
YLR053C,0.0
YPL171C,0.0
YGR245C,45.50454545454545
YNL093W,35.857142857142854
YHR082C,139.25238095238092
YNL164C,0.0
YMR189W,0.0
YBR174C,0.0
YNL076W,0.0
YDR374C,0.0
YGR132C,0.0
YKL002W,17.0
YGL026C,8.0
YMR218C,2.5
YPL243W,0.0
YMR152W,0.0
YPL137C,0.0
YLR426W,0.0
YNL309W,30.416666666666668
YMR094W,6.834293157822569
YDL060W,17.599999999999998
YML098W,53.0
YBR226C,0.0
YBR258C,61.0
YMR009W,0.0
YPL106C,0.0
YJL185C,0.0
YDR214W,10.5
YKL190W,0.0
YIL136W,0.0
YCL010C,6.533963112910481
YLR080W,2.0
YBL074C,15.0
YJR056C,0.0
YNL159C,0.0
YGR032W,0.0
YNL004W,0.0
YDR049W,4.0
YNL034W,0.0
YER093C,2.8166666666666664
YOL143C,0.0
YDR201W,9.666666666666666
YLR354C,3.8
YGL044C,2.083333333333333
YEL009C,25.47789987789988
YPR183W,0.16666666666666666
YJR159W,19.5
YDL168W,0.0
YOL138C,0.0
YJL061W,34.79102564102564
YLR200W,5.976190476190476
YPL104W,0.0
YKL173W,64.59047619047618
YPR056W,0.0
YDR496C,37.42857142857143
YAL059W,0.0
YBL093C,43.9357142857143
YER156C,0.0
YJR043C,0.0
YJR066W,32.93214285714286
YDR208W,0.0
YDR213W,0.0
YKR072C,0.4444444444444444
YHR071W,0.0
YCR007C,0.0
YBR090C,0.0
YOR079C,0.0
YBR265W,0.0
YLR092W,0.0
YJL210W,2.0
YBR135W,125.78766233766235
YEL017W,0.0
YBL030C,14.05
YGL169W,0.0
YBR004C,0.0
YDL153C,2.083333333333333
YPR023C,21.333333333333336
YHR124W,3.6
YGL185C,0.0
YLR030W,0.0
YPR034W,0.0
YNL291C,0.0
YBR187W,0.0
YDL215C,0.0
YDR198C,0.0
YKR106W,0.0
YGL148W,0.0
YCL051W,0.0
YGL001C,0.0
YCL040W,84.5095238095238
YBL095W,0.0
YLL023C,56.699999999999996
YCR086W,18.007142857142856
YJR049C,0.0
YNL061W,233.02380952380952
YER078C,0.0
YMR159C,7.038461538461538
YDR331W,473.5
YKR053C,0.0
YOR221C,0.0
YOR267C,166.33333333333331
YDL049C,0.0
YGL227W,3.3333333333333335
YOR082C,0.0
YLR438W,2.0
YLR201C,0.0
YBR014C,0.0
YPL141C,15.105158730158731
YNR016C,2.5
YDR446W,0.0
YOL081W,0.0
YNL106C,9.00328947368421
YDR492W,0.0
YKR095W-A,0.0
YOR362C,21.638095238095236
YGR289C,19.400000000000002
YPL132W,0.0
YMR312W,4.0
YGL233W,3.0416666666666665
YMR186W,95.10833333333333
YMR279C,24.0
YLR140W,0.0
YKL110C,5.2
YCR092C,2.7960526315789473
YPR066W,0.0
YKL130C,16.833333333333336
YPL003W,0.0
YPL156C,0.0
YGL094C,0.0
YNL151C,5.25
YDR188W,2.8166666666666664
YOR356W,0.0
YBL005W,2.857142857142857
YOL021C,51.030164280164286
YBR291C,0.0
YOR122C,2.0296052631578947
YDL208W,27.666666666666668
YLR217W,0.0
YJL194W,25.337662337662337
YOR086C,0.0
YDL133W,0.0
YJR011C,0.0
YCR081W,7.410714285714286
YKL069W,0.0
YGR281W,0.0
YPL075W,0.0
YLR067C,0.0
YJR143C,0.0
YIL096C,0.0
YBR220C,0.0
YKL026C,0.0
YGL131C,3.5782828282828287
YHR133C,182.23333333333335
YDR237W,2.333333333333333
YBR201W,0.0
YLR197W,66.33333333333333
YPL121C,0.0
YIL044C,0.0
YFL029C,0.0
YNL011C,0.0
YDR032C,12.25
YML109W,96.23333333333332
YGL128C,2.1666666666666665
YBR068C,1.25
YIL010W,0.0
YOR148C,0.0
YJL115W,6.344117647058823
YDL226C,2.95
YHL025W,4.666666666666667
YKL144C,26.416666666666664
YNL068C,0.0
YBR227C,0.0
YGL144C,1.25
YIL026C,40.599999999999994
YCL014W,0.0
YER004W,0.0
YPL272C,0.0
YJL170C,0.0
YGL200C,250.03333333333327
YHR138C,0.0
YLR249W,8.375
YOL133W,329.7015873015873
YNL317W,52.3796918767507
YPR113W,0.0
YAR068W,0.0
YDL019C,1.2727272727272727
YCR040W,0.0
YJR076C,52.19659841792195
YPL014W,6.166666666666667
YDR261W-A,0.0
YFL015C,0.0
YDR509W,0.0
YCL054W,13.238095238095237
YGR178C,0.0
YEL055C,9.11111111111111
YFL040W,2.0
YPL222W,0.0
YKR071C,0.0
YOR143C,0.0
YGR269W,0.0
YGR026W,0.0
YAR035W,0.0
YOR097C,0.0
YHR045W,0.0
YDR522C,7.46969696969697
YLR190W,35.0
YKL176C,0.0
YKL183W,0.0
YER087C-B,0.0
YKL177W,0.0
YOR154W,0.0
YGR075C,8.666666666666666
YPL246C,3.085714285714286
YCR003W,0.0
YIR021W,0.0
YHR186C,48.548611111111114
YLR335W,40.045804195804195
YNL223W,3.157142857142857
YLR227C,0.0
YDL054C,10.756060606060608
YDR031W,0.0
YNL263C,25.994489847807923
YPR114W,0.0
YOR013W,0.0
YHR207C,0.0
YJL128C,7.063492063492063
YFR052W,208.29999999999995
YIR014W,0.0
YGR179C,9.5
YBR197C,0.0
YDL126C,201.15595793095798
YIR038C,2.0
YDR392W,15.533823529411766
YPL144W,11.2
YBR091C,7.0
YLR310C,89.1845238095238
YNL157W,0.0
YDL129W,0.0
YPR163C,0.75
YPL008W,0.0
YDR244W,7.55
YNL182C,24.6743672993673
YGL081W,31.626984126984127
YBR129C,0.0
YHL019C,4.3
YKL208W,0.0
YJL025W,0.0
YKR073C,0.0
YDR118W,58.96666666666667
YHR201C,0.0
YKL051W,0.0
YPL045W,2.0041666666666664
YPL090C,0.0
YAL043C,66.32976190476191
YDR405W,0.0
YNR029C,0.0
YDL110C,0.0
YLR198C,0.0
YNL023C,0.0
YPL152W,4.142857142857142
YGL258W,0.0
YLR257W,0.0
YGR133W,2.05
YJR113C,4.25
YMR258C,0.0
YGL194C,19.143939393939394
YLL031C,0.0
YBR301W,0.0
YIL061C,115.96666666666667
YFL022C,0.0
YJR060W,0.4166666666666667
YAL033W,0.0
YDR268W,0.0
YKL035W,2.1666666666666665
YNL278W,0.0
YHR203C,0.0
YAL012W,0.0
YDL232W,23.0
YGR151C,0.0
YNL211C,0.0
YHR216W,10.600000000000001
YER036C,0.0
YLL018C,2.0
YIL059C,0.0
YLR393W,0.0
YMR204C,0.0
YDR010C,0.0
YPR165W,0.8974358974358974
YOR274W,0.0
YDL112W,0.0
YDR353W,0.0
YGR049W,0.0
YPL122C,6.438153594771242
YKR067W,1.1428571428571428
YOR026W,0.0
YOR379C,0.0
YCL020W,0.0
YDL121C,0.0
YNL245C,0.0
YJL095W,92.57738095238093
YGR087C,3.1136363636363638
YGL023C,0.0
YDR421W,0.0
YBR111W-A,2.1022727272727275
YGL006W,0.0
YFL018C,25.714072039072047
YFR044C,0.0
YHL042W,85.83549783549783
YDL115C,0.0
YGR125W,0.0
YML001W,3.623015873015873
YOR171C,0.0
YGR266W,0.0
YOL028C,0.0
YJL179W,0.0
YPR169W,0.0
YCL032W,29.75
YNL138W,12.916666666666666
YPL254W,37.8
YDL089W,0.0
YCL046W,0.0
YDR038C,0.0
YPR095C,0.0
YOR087W,0.0
YHR047C,0.0
YGR095C,92.5
YIR016W,2.05
YOR201C,3.3333333333333335
YEL064C,0.0
YJL180C,2.0
YKL171W,2.083333333333333
YMR104C,9.233333333333333
YIL030C,0.0
YDR381W,5.579166666666667
YDR099W,63.89484126984129
YDL230W,0.0
YGR182C,0.0
YDL183C,0.0
YNR040W,0.0
YLR014C,0.0
YLL047W,0.0
YOL003C,37.0
YOR196C,0.0
YGR005C,76.25
YBR095C,9.200000000000001
YDL104C,0.0
YER073W,0.0
YLL020C,0.0
YER035W,0.0
YJR028W,0.0
YMR178W,0.0
YER027C,4.9
YPL227C,94.5
YML018C,0.0
YDR137W,2.207792207792208
YDL029W,552.2459235209234
YEL048C,0.0
YPR133C,1.7142857142857142
YJL089W,1.25
YJR084W,0.0
YPL092W,0.0
YPL241C,0.0
YJR116W,0.0
YLR438C-A,68.93253968253968
YDR538W,0.0
YGR201C,0.0
YPR037C,0.0
YNL228W,0.0
YLR186W,12.503388278388279
YNL131W,4.683333333333334
YML072C,0.0
YGL173C,43.82739234449761
YLR135W,0.0
YPL213W,15.333333333333332
YOR311C,0.0
YAL041W,33.06969696969697
YLR326W,0.0
YLR327C,0.0
YHR087W,0.0
YOR326W,20.723376623376623
YGR181W,0.8333333333333334
YLR208W,23.58928571428571
YGL238W,2.0090909090909093
YLR398C,5.5
YJR010C-A,216.13333333333335
YML056C,22.0
YLL011W,38.31208133971292
YER016W,2.8166666666666664
YBL064C,0.0
YDR036C,29.833333333333332
YDL066W,0.0
YMR031C,0.0
YMR205C,497.0561327561328
YGR116W,4.347619047619047
YBR073W,2.9
YKL206C,0.0
YPR068C,0.0
YBL005W-B,0.0
YER064C,0.0
YBR134W,0.0
YEL042W,0.0
YPL190C,3.708333333333333
YBL001C,2.0090909090909093
YDR386W,64.60700790437635
YML067C,43.4
YMR293C,0.0
YML046W,21.75
YIL016W,190.43809523809526
YDL233W,0.0
YGR243W,0.0
YKL016C,20.333333333333332
YLR241W,26.0
YFL004W,0.0
YIL075C,58.469696969696976
YLL009C,0.0
YLL050C,50.23416415455889
YFL054C,0.0
YGR129W,2.017857142857143
YNL064C,279.3538373391316
YDR394W,836.0988095238095
YJR059W,8.7
YPR108W,82.57678571428572
YLL027W,0.0
YOR244W,30.198039215686276
YDR345C,0.0
YCR021C,0.0
YBR122C,0.0
YJL200C,0.0
YKL022C,21.033333333333335
YDL036C,0.0
YPR019W,7.196969696969697
YHL006C,2.05
YNL002C,30.42748917748918
YJR161C,0.0
YBR170C,5.222222222222222
YCR060W,0.0
YNL090W,11.583333333333332
YKL175W,0.0
YKL079W,0.0
YIL031W,0.0
YPL149W,11.186080586080585
YMR225C,0.0
YER028C,0.0
YFL036W,0.0
YFL051C,0.0
YJL097W,0.0
YLR275W,32.97698412698413
YNR035C,16.712987012987014
YFL044C,0.0
YLR050C,0.0
YGL075C,16.944444444444443
YEL013W,0.0
YFL033C,14.725
YFL062W,15.81363636363636
YER101C,0.0
YDL101C,204.6666666666666
YPL264C,167.92748917748918
YLR145W,0.0
YKL119C,1.0
YPL065W,1.6666666666666667
YBL022C,2.1285714285714286
YGR280C,0.0
YGR058W,0.0
YNL239W,0.0
YFL060C,3.5
YLR283W,0.0
YLL041C,0.0
YPL019C,0.3333333333333333
YLR465C,0.0
YGR098C,0.0
YHR034C,0.0
YMR206W,0.0
YHL008C,0.0
YGR023W,0.0
YHR198C,0.0
YAL030W,0.0
YOL061W,3.083333333333333
YMR187C,0.0
YOR241W,0.0
YGR050C,0.0
YKR038C,3.6583333333333337
YGR041W,0.0
YIL039W,0.0
YPR033C,0.0
YJR035W,13.816666666666666
YBR155W,9.4
YHR164C,0.0
YBL009W,2.321428571428571
YDR383C,0.0
YLR276C,0.0
YFR001W,6.477722277722278
YLR415C,0.0
YGR042W,0.0
YBR098W,0.0
YAR003W,44.65
YNL065W,0.0
YDR416W,6.857142857142857
YHR085W,2.017857142857143
YLR308W,0.0
YAL034C,9.0
YMR236W,49.08333333333333
YOR332W,41.333333333333336
YEL047C,0.0
YLR321C,2.5
YOL103W,0.0
YOR335C,0.0
YDL210W,16.75
YOR106W,18.355555555555554
YIL153W,0.0
YHR165C,64.83888888888887
YJR029W,0.0
YKL006C-A,10.5
YOL111C,0.0
YNL181W,0.0
YPL046C,0.0
YCR097W,0.0
YGL120C,31.416666666666664
YFL024C,98.9
YOL005C,60.66666666666667
YNL054W,0.0
YHR197W,80.17857142857143
YER124C,4.4
YJL069C,51.266666666666666
YDR508C,3.6333333333333333
YER096W,0.0
YBR254C,22.4
YHR051W,0.0
YOR156C,5.843137254901961
YIL025C,0.0
YOR124C,0.0
YMR304W,4.708333333333333
YNL213C,0.0
YOR080W,46.56587301587302
YBR180W,0.0
YGR295C,80.0
YKR018C,0.0
YKL076C,0.0
YJL010C,0.0
YOR339C,0.0
YOR107W,0.0
YGR156W,37.99761904761905
YPR177C,0.0
YIL141W,0.0
YDR497C,3.0
YBR289W,2.0
YKL023W,0.0
YDL013W,4.131578947368421
YGR254W,84.15873015873015
YMR139W,39.16666666666667
YNR018W,0.0
YCL069W,0.0
YGR035C,2.033333333333333
YJR135W-A,2.033333333333333
YPR073C,0.0
YGL174W,0.0
YGL059W,0.0
YDR377W,16.166666666666664
YAL007C,63.60000000000001
YLR411W,0.0
YNL176C,0.0
YGL124C,0.0
YPR070W,9.32857142857143
YJL129C,0.0
YGL100W,39.714285714285715
YPL013C,0.0
YDR322C-A,0.0
YNR019W,0.0
YBR244W,0.0
YGR214W,0.0
YKL089W,2.8166666666666664
YBL054W,0.0
YOR375C,6.199999999999999
YHL036W,0.0
YKR068C,10.503174603174603
YLR437C,0.0
YPL076W,631.5833333333334
YOR067C,0.0
YFL008W,28.03055555555556
YJR064W,2.0969696969696967
YER007W,0.0
YDL134C,134.73095238095237
YDR334W,57.1265664160401
YCL063W,0.0
YGR200C,9.807142857142857
YKL147C,0.0
YOL073C,0.0
YMR323W,0.0
YPR076W,0.0
YGR128C,0.0
YML129C,0.0
YDR454C,0.0
YKR075C,0.0
YOR197W,0.0
YHR020W,23.400000000000002
YAL040C,21.430080213903743
YCR096C,2.192513368983957
YIL027C,0.0
YMR035W,0.0
YOR300W,0.0
YLR357W,5.333333333333333
YBR188C,0.0
YNL311C,17.484325478443125
YNL273W,0.0
YDR159W,0.0
YIL128W,115.83333333333334
YGR073C,0.0
Q0250,0.0
YPL200W,0.0
YNL008C,0.0
YMR114C,0.0
YOL127W,0.0
YGL139W,0.0
YIL147C,8.190079365079365
YMR020W,0.0
YDR442W,0.0
YKL152C,145.9333333333333
YOL004W,48.3289355089355
YLR152C,0.0
YML081C-A,12.450000000000001
YMR119W,0.0
YKR086W,0.0
YOL122C,0.0
YBR184W,0.0
YHR032W,0.0
YKL124W,0.0
YGL137W,609.3845238095239
YHR079C-A,0.0
YOR348C,0.0
YMR247C,0.0
YPL056C,0.0
YIL109C,4.23015873015873
YGR120C,45.471428571428575
YJL090C,7.866666666666666
YFR029W,0.0
YGL058W,0.0
YLR057W,0.0
YBR064W,0.0
YJR055W,0.0
YBR236C,0.0
YMR075W,3.125
YHR046C,0.0
YDL127W,0.0
YFR034C,13.11111111111111
YPL087W,0.8
YGL119W,0.0
YOL020W,0.0
YLR072W,0.0
YDR438W,0.0
YMR257C,0.0
YLR401C,0.0
YOL094C,123.85357142857141
YPL175W,0.0
YCL042W,0.0
YLR320W,0.0
YDL135C,0.0
YOR371C,12.1
YDR419W,0.875
YOR058C,0.0
YBL099W,195.34141064473883
YNL029C,0.0
YPL078C,14.35
YGR238C,64.90476190476191
YPL257W,0.0
YIL150C,10.666666666666666
YNL329C,0.0
YOL116W,0.0
YOR117W,122.15238095238097
YKL012W,18.0
YKL141W,0.0
YDL026W,0.0
YLR323C,0.0
YOR292C,0.0
YGL028C,0.0
YGL069C,0.0
YGR131W,0.0
YDR165W,0.0
YML035C,0.0
YGR225W,0.0
YGL216W,0.0
YER110C,61.86598124098123
YKL216W,0.0
YLR429W,7.076923076923077
YLR264W,15.2
YNL180C,0.0
YLR433C,2.122549019607843
YHR057C,0.0
YIR009W,14.666666666666666
YGR213C,0.0
YFR008W,24.0
YDR314C,0.0
YGL217C,0.0
YMR316W,0.0
YKL059C,44.91428571428571
YOR352W,0.0
YGR155W,4.511111111111111
YDL079C,0.0
YJR016C,0.0
YHR179W,117.33333333333333
YGL187C,0.0
YLR309C,2.0404040404040407
YLR182W,31.80357142857143
YBR223C,24.699999999999996
YBR222C,0.0
YLL019C,18.08452380952381
YDR326C,0.0
YLL022C,5.392857142857142
YDR086C,0.0
YPL202C,0.0
YJR045C,578.3759009390724
YJL026W,6.275
YBL076C,0.0
YDR276C,46.21111111111111
YEL051W,89.33333333333333
YGL022W,2.083333333333333
YLR372W,385.2507575757575
YDR111C,0.0
YPL114W,0.0
YGR122W,0.0
YLR038C,0.0
YOR361C,88.83333333333333
YAL051W,0.0
YER154W,0.0
YDL199C,0.0
YEL065W,0.0
YHL001W,0.0
YFR026C,0.0
YPR021C,0.0
YLR331C,0.0
YPL037C,0.0
YDR350C,0.0
YDR428C,0.0
YNL319W,0.0
YOR283W,0.0
YOL042W,0.0
YDR262W,0.0
YDR312W,0.0
YDR483W,0.0
YBR034C,0.75
YOR316C,0.0
YLR329W,0.0
YEL037C,77.56666666666665
YLR171W,0.0
YNL250W,62.3318407083113
YGL079W,0.0
YIL114C,4.25
YFR046C,0.0
YMR188C,2.333333333333333
YJL108C,19.0
YER086W,1.25
YGR141W,0.0
YOR303W,1.5
YLR170C,9.333333333333334
YDL030W,13.208333333333334
YOR192C,0.0
YOR389W,14.0
YNL188W,0.0
YOR061W,157.0517535604492
YOR273C,0.0
YGR089W,0.0
YKL178C,0.0
YGR222W,0.0
YNR003C,34.58333333333333
YDR006C,0.0
YOL159C,0.0
YML091C,0.0
YJL110C,4.3809523809523805
YHL039W,0.0
YGR239C,5.0
YBR096W,0.0
YBR286W,0.0
YLR396C,5.916666666666666
YPR115W,30.51673669467787
YOL089C,0.0
YMR147W,0.0
YOR305W,0.0
YPR105C,11.88034188034188
YLR096W,117.98355878727395
YKL061W,7.0
YIR025W,0.0
YDL081C,3.0
YPR001W,0.0
YKL117W,10.77142857142857
YBL059W,0.0
YNR054C,1.1428571428571428
YFL013C,6.0
YDL094C,0.0
YGL097W,19.25686813186813
YOR180C,2.083333333333333
YLR358C,0.0
YJL050W,0.0
YPL164C,12.3
YPL034W,0.0
YCR028C-A,2.5
YKL014C,11.389928698752229
YLR394W,16.599999999999998
YGR046W,0.0
YKL155C,4.25
YIL029C,0.0
YPL183W-A,0.0
YOL091W,0.0
YJL068C,0.0
YHR106W,0.0
YMR133W,0.0
YJL225C,0.0
YIL068C,3.0416666666666665
YLR095C,0.0
YAL026C,0.0
YNL194C,0.0
YML101C,0.0
YJR135C,0.0
YNL264C,0.0
YDR129C,18.211988304093566
YOR039W,93.08531746031748
YAL067C,0.0
YMR018W,0.0
YOL126C,26.035714285714285
YDR016C,7.285714285714286
YOR172W,0.0
YNL063W,0.0
YPL240C,197.83177655677656
YMR243C,0.0
YKL113C,0.0
YOL095C,0.0
YOL128C,0.4
YKR026C,168.26666666666668
YNL035C,0.0
YEL038W,0.0
YHR028C,0.0
YDR489W,0.0
YNL135C,75.72281329781329
YMR067C,0.0
YIR033W,0.0
YDR246W,2.7142857142857144
YJR053W,13.65
YKL056C,17.761904761904763
YIL046W,52.42974182680066
YER133W,338.00761224070055
YGR009C,11.166666666666666
YLR163C,9.75
YCR066W,1.3333333333333333
YLR247C,2.0
YDR095C,0.0
YMR234W,8.5
YJL160C,0.0
YEL074W,0.0
YKL197C,0.0
YDR277C,67.5
YLR306W,3.0416666666666665
YCR068W,0.0
YNL284C-B,0.0
YLR277C,59.695238095238096
YER029C,73.41666666666667
YCL025C,190.58333333333334
YJR162C,0.0
YKL168C,0.0
YHR148W,7.433333333333333
YDL051W,13.0
YDL074C,3.708333333333333
YGR193C,2.25
YHL003C,10.55
YDR266C,1.5
YDR464W,0.0
YBL042C,0.0
YDL145C,176.8011904761905
YMR233W,0.0
YKL072W,0.0
YGR165W,0.0
YML071C,0.0
YOR076C,21.11111111111111
YCL056C,0.0
YDR254W,0.0
YML048W,536.1666666666667
YMR029C,2.0
YKR089C,0.0
YLR305C,0.0
YIL163C,0.0
YDR468C,20.05
YMR111C,0.0
YHL023C,0.0
YFR003C,0.5
YPR134W,0.0
YPR179C,2.0296052631578947
YDL078C,0.0
YKR024C,2.0
YDL088C,15.142857142857142
YBR161W,0.0
YML133C,0.0
YPL235W,208.45577200577202
YKR058W,0.0
YLR094C,0.0
YER104W,0.0
YPL113C,0.0
YLR046C,0.0
YMR095C,4.1
YIL066C,73.25198412698414
YBR058C,0.0
YIR022W,12.06212121212121
YNL092W,6.333333333333334
YLL056C,4.5
YBR108W,8.2
YMR125W,97.34166666666664
YER087W,0.0
YOL078W,11.142857142857144
YBR144C,0.0
YJR065C,17.56854256854257
YLR290C,0.0
YLR238W,35.761147186147184
YCL045C,0.0
YER001W,0.0
YNL190W,0.0
YJL145W,0.0
YFL066C,0.0
YBL107C,0.0
YPL051W,0.0
YNL242W,0.0
YDR279W,0.0
YHL024W,0.0
YHR166C,50.65
YDR425W,10.5
YMR253C,7.0
YNL015W,18.666666666666668
YIL085C,0.0
YPL022W,31.70230500493659
YOR096W,0.0
YBR264C,1.3333333333333333
YLR097C,105.33333333333333
YIL011W,0.0
YJR074W,5.666666666666666
YML069W,1.0
YLR424W,2.1666666666666665
YMR182C,0.0
YER100W,9.466666666666667
YJL109C,12.048412698412697
YDR082W,3.8666666666666667
YGR180C,10.0
YDR397C,0.0
YPR120C,170.65
YER013W,0.0
YEL075C,0.0
YNL129W,0.0
YJR157W,0.0
YDR221W,0.0
YDR001C,0.0
YNL134C,0.0
YNL277W,0.0
YER018C,6.0
YIL051C,0.0
YLL054C,0.0
YOR132W,2.0
YLR363W-A,0.0
YOR131C,0.0
YGR218W,55.0127344877345
YHR096C,3.3333333333333335
YDR359C,44.0
YIL045W,4.821428571428571
YJR126C,0.0
YGR059W,0.0
YJR041C,0.0
YOR093C,0.0
YPR119W,55.50261968423734
YPL166W,0.0
YMR199W,74.5
YIL156W,2.0075757575757573
YKL215C,0.0
YPL170W,0.0
YKL172W,15.844444444444443
YLR207W,2.2976190476190474
YOR226C,0.0
YER137C,0.0
YPR047W,0.0
YMR089C,0.625
YDR511W,0.0
YLL005C,0.0
YML058W,21.5
YNL233W,0.0
YAR071W,0.0
YNL085W,116.0
YGR185C,0.0
YJR075W,8.0
YOL109W,0.0
YDR115W,0.0
YLR345W,3.5
YKR014C,7.571428571428571
YEL015W,15.444486215538847
YGR052W,261.0
YBR082C,0.0
YPR015C,0.0
YLR146C,0.0
YHR144C,0.0
YDR524C,0.0
YLR253W,0.0
YGR074W,34.291666666666664
YGL016W,23.0
YCL050C,0.0
YKL084W,0.0
YJR121W,248.8071428571429
YDR498C,4.527777777777778
YNL109W,0.0
YJR025C,0.0
YAL054C,0.0
YKL104C,117.33333333333334
YBR302C,7.833333333333334
YOR047C,24.236111111111114
YGL202W,3.0416666666666665
YOL043C,0.0
YGL073W,0.0
YPR138C,0.0
YHR014W,16.133333333333333
YIL111W,0.0
YLL048C,0.0
YPR154W,20.0
YIL041W,0.0
YIL149C,0.0
YDR480W,35.392857142857146
YJR134C,10.0
YLR166C,8.0
YGR263C,0.0
YLR175W,82.47837995337994
YLR425W,8.371212121212121
YDL015C,380.0833333333333
YCR095C,0.0
YJR015W,10.21904761904762
YLR120C,0.0
YOR125C,0.0
YDL095W,0.0
YDL202W,0.0
YFR038W,0.0
YLR009W,2.5
YOR159C,19.261904761904763
YPL110C,0.0
YPL048W,0.0
YJL016W,0.0
YDR293C,0.0
YER069W,0.0
YOR387C,0.0
YJR050W,3.5
YLR222C,28.428679653679655
YGL154C,0.0
YNL100W,0.0
YGL066W,11.431565656565656
YMR237W,0.0
YGR191W,0.0
YDR303C,0.5
YJR138W,19.5
YAL022C,16.26666666666667
YDR255C,3.3333333333333335
YIL115C,21.073809523809523
YOL051W,41.0781746031746
YKR082W,24.505586080586085
YLL013C,2.9
YPL095C,6.333333333333333
YOR392W,0.0
YOR175C,0.0
YIL173W,0.0
YKL036C,0.0
YNL048W,45.68030303030302
YAL029C,14.143122958912432
YCR087C-A,11.0
YMR140W,0.0
YGR166W,2.5
YMR012W,63.75
YNL323W,6.166666666666667
YJR144W,2.5
YPL136W,0.0
YBL007C,153.39256854256854
YBL029W,0.0
YGL186C,0.0
YNL205C,0.0
YHR163W,0.0
YBR023C,0.0
YGR004W,0.0
YBR102C,11.0
YLR265C,0.0
YPL146C,0.0
YIL095W,41.51259778233463
YFR040W,10.772222222222224
YNL144C,0.0
YHR110W,154.0
YOR129C,0.0
YGR134W,3.567857142857143
YER127W,2.666666666666667
YGL130W,10.91602564102564
YCR030C,5.125
YOR288C,0.0
YHR206W,0.0
YDR012W,0.0
YGL132W,0.0
YDR068W,0.0
YKR079C,0.0
YOR334W,0.0
YHR157W,0.0
YML049C,11.961111111111112
YNL046W,0.0
YDR463W,5.598529411764705
YDR160W,0.0
YBR262C,0.0
YFL010W-A,0.0
YDR003W,0.0
YKL137W,0.0
YER002W,11.333333333333332
YIL065C,0.5
YLR205C,0.0
YPL070W,110.66666666666667
YCR099C,0.0
YIL122W,0.0
YAL053W,0.0
YKL182W,13.633333333333333
YER140W,0.0
YGL220W,0.0
YML112W,12.3
YIL007C,25.333333333333332
YDR432W,3.0416666666666665
YDL146W,19.0
YDR523C,105.35714285714283
YBR035C,0.0
YGR103W,165.8845238095238
YLR052W,4.8
YDR189W,9.74047619047619
YFR037C,10.322222222222223
YBR233W,0.0
YGR105W,2.0
YMR021C,0.0
YOL014W,0.0
YKL122C,4.5
YER167W,97.33333333333333
YML111W,0.0
YPL247C,1.2
YER186C,0.0
YNL192W,0.0
YHR107C,73.91827616827618
YBR019C,29.400000000000002
YDR245W,6.166666666666666
YLR223C,11.5
YKL024C,0.0
YLR203C,0.0
YKL205W,5.9
YBL065W,0.0
YGR246C,1.7
YNL020C,0.0
YCL058C,0.0
YML105C,0.0
YDR431W,0.0
YDR217C,23.133333333333333
YOL045W,0.0
YIL014W,0.0
YOL087C,114.0
YOR007C,0.0
YKL033W,0.0
YOR075W,5.0
YIL082W,0.0
YER106W,0.0
YNL110C,162.0
YKR084C,0.0
YGR152C,0.0
YER173W,130.79761904761904
YML088W,4.166666666666667
YOR383C,0.0
YIL119C,0.0
YHR169W,42.17857142857143
YBR113W,0.0
YGL246C,5.333333333333333
YDR520C,0.0
YBR118W,1018.3333333333331
YLR125W,0.0
YKL088W,0.0
YNL126W,5.888888888888889
YKL134C,0.0
YCR067C,0.0
YMR222C,0.0
YLR167W,0.0
YDR366C,0.0
YDR022C,10.8
YLR428C,0.0
YGL129C,5.0
YKL105C,0.0
YJL042W,0.0
YCL031C,24.0
YDL061C,0.0
YNL201C,4.0
YHR196W,17.7
YJL071W,0.0
YCL044C,0.0
YBR038W,0.0
YGL142C,0.0
YOR085W,2.083333333333333
YLR055C,16.3
YDR485C,18.25
YDR347W,4.25
YPR128C,0.0
YNL241C,0.0
YNR013C,2.1285714285714286
YDL005C,45.58690476190476
YDR299W,23.0
YHR044C,0.0
YPR084W,0.0
YNR045W,0.0
YLR343W,43.5
YGR123C,9.666666666666666
YDR034C,13.057142857142857
YPL032C,0.0
YDR176W,54.46883035265387
YML092C,60.8
YJL174W,0.0
YLR316C,0.0
YJL187C,98.77193362193363
YKL218C,0.0
YBR007C,0.0
YOR250C,9.433333333333334
YFL045C,0.0
YKL186C,0.0
YLR239C,0.0
YLR418C,9.333333333333334
YDR472W,5.0
YOL135C,99.59999999999998
YCR047C,0.0
YDR513W,0.0
YLR267W,10.704411764705881
YOR372C,24.333333333333332
YHL045W,0.0
YGR091W,200.5
YJR040W,0.0
YJR092W,0.0
YNL005C,8.333333333333334
YDR051C,0.0
YML011C,0.0
YBR126C,21.90580808080808
YLR366W,0.0
YOL139C,156.9785714285714
YDL191W,2.225
YFL010C,5.0
YOR119C,133.48650793650796
YPR155C,0.0
YOL046C,0.0
YLR085C,0.0
YGL225W,4.166666666666667
YNL212W,0.0
YOL010W,1.1428571428571428
YPR201W,9.2
YBR109W-A,0.0
YKL080W,48.0
YDR055W,0.0
YOL011W,0.0
YDR342C,0.0
YHR050W,0.0
YMR277W,0.0
YPL147W,0.0
YAL018C,2.2474747474747474
YHR041C,46.741176470588236
YDR238C,25.833333333333332
YGR279C,0.0
YDR192C,37.42857142857143
YML052W,0.0
YGL063W,0.0
YHL021C,0.0
YOR195W,2.0
YDL166C,0.0
YDR271C,0.0
YLR352W,7.973529411764705
YOL062C,2.05
YMR231W,2.0041666666666664
YDR332W,0.0
YBR001C,0.0
YDR167W,44.67855682329366
YLR148W,11.5015873015873
YPL124W,59.7
YNL038W,0.0
YGL116W,88.65
YFR015C,10.833333333333334
YCR022C,0.0
YDR515W,0.0
YOR386W,3.5
YBR115C,0.0
YOL136C,0.0
YCL016C,0.0
YPR189W,0.0
YDR335W,30.31748529248529
YEL004W,0.8
YBR024W,0.0
YBR121C,0.0
YGL149W,0.0
YNL084C,19.966666666666665
YNL099C,6.0
YDR315C,0.0
YDR216W,56.0843013539608
YGL008C,4.33080808080808
YOR176W,0.0
YER061C,0.0
YNL320W,0.0
YPL107W,0.0
YFL065C,0.0
YER115C,20.0
YPR091C,0.0
YDR435C,0.0
YJR020W,0.0
YGL012W,0.0
YJL196C,272.21666666666664
YDL137W,13.0
YKR101W,4.447860962566844
YGR126W,0.0
YMR171C,0.0
YJL212C,0.0
YDL080C,0.0
YBR047W,0.0
YER172C,77.490873015873
YFR004W,134.01130952380953
YHR174W,0.0
YJL064W,0.0
YBR241C,0.0
YDL225W,108.81439393939395
YMR137C,0.0
YIL047C,0.0
YGR262C,88.73214285714285
YNR031C,44.53778966131907
YKR035C,0.0
YOR286W,0.0
YLR012C,0.0
YLR245C,4.747619047619048
YGL201C,4.8464912280701755
YMR298W,1.2
YFR050C,23.72380952380952
YHR152W,3.0
YOR377W,0.0
YJR051W,0.0
YAL069W,0.0
YLR412W,0.0
YBL097W,0.0
YGL223C,13.25
YBR086C,0.0
YJR033C,31.889126559714793
YCR005C,0.0
YKL003C,0.0
YGL030W,0.0
YPL226W,0.0
YBR074W,0.0
YGR045C,0.0
YAL009W,0.0
YJL081C,70.90158730158731
YJR102C,5.3
YDR517W,0.0
YLR338W,0.0
YDL143W,0.0
YDR304C,0.0
YGR236C,0.0
YHR167W,1.375
YGR257C,0.0
YFR057W,0.0
YIL009C-A,0.0
YKL057C,26.612637362637365
YOR142W,0.0
YLR064W,0.0
YLR390W-A,0.0
YBR273C,0.0
YER174C,2.225
YPR096C,0.0
YBR281C,0.0
YEL068C,0.0
YMR026C,9.835714285714285
YDR231C,0.0
YLR138W,0.0
YGR232W,182.41666666666666
YOR367W,6.25
YHR109W,0.0
YLR202C,0.0
YHR171W,4.289393939393939
YLL008W,28.416666666666668
YPR040W,7.5
YPR077C,0.0
YGR060W,409.21666666666675
YDR465C,6.666666666666667
YKR081C,179.34220779220783
YHR019C,0.0
YKR037C,8.666666666666666
YBL018C,0.0
YOR118W,0.0
YFL012W,2.0238095238095237
YOR064C,0.0
YLR392C,0.0
YDR348C,0.0
YNL036W,0.0
YIL152W,0.0
YDR400W,0.0
YOR184W,0.0
YBR171W,8.733333333333334
YOL039W,0.0
YMR314W,50.45
YCR037C,0.0
YBR078W,0.0
YJL035C,0.0
YJL055W,0.0
YDR311W,8.713553113553115
YDR532C,0.0
YPL023C,0.0
YGR020C,81.0
YEL005C,0.0
YLR164W,0.0
YLR370C,15.985714285714284
YPL155C,0.5
YGR067C,0.0
YOR001W,19.808699633699636
YLR209C,0.0
YNR066C,2.9
YAL028W,16.5
YML119W,0.0
YIR010W,0.0
YKL148C,0.0
YDR363W,0.0
YHR084W,22.54920634920635
YGR077C,0.0
YPL007C,0.0
YPR174C,0.0
YBR283C,130.25
YHR066W,87.67774170274171
YNL155W,0.0
YHR069C,38.080303030303035
YJR086W,3.833333333333333
YAL011W,8.071428571428571
YMR068W,26.25
YIL135C,0.0
YPR106W,0.0
YKL198C,0.0
YHR100C,0.0
YIL129C,0.0
YDR097C,21.599248120300754
YGR054W,3.5
YMR117C,71.25
YIL074C,0.0
YLR365W,0.0
YDR439W,37.721428571428575
YHL043W,0.0
YLR237W,0.0
YPR181C,6.358730158730159
YNL259C,0.0
YMR054W,24.833333333333332
YDR179C,4.666666666666667
YER166W,0.0
YPL088W,0.0
YBR205W,2.5
YOR190W,0.0
YIL078W,0.0
YML100W,1.2
YLR317W,0.0
YBR054W,30.000000000000004
YPL071C,0.0
YML065W,36.44155844155844
YER055C,0.0
YCR091W,0.0
YDL064W,5.843137254901961
YNL295W,0.0
YLR216C,83.86666666666666
YNL255C,0.0
YOR258W,0.0
YER088C,0.0
YNR030W,0.0
YCR048W,0.0
YHL016C,0.0
YGR260W,229.50000000000003
YDR529C,0.0
YIL112W,22.564502164502166
YDL062W,0.0
YMR079W,0.0
YMR303C,1.6
YNL281W,0.0
YDR487C,0.0
YKR052C,0.0
YLR355C,16.354761904761904
YBR271W,0.0
YBL024W,0.0
YNR024W,0.0
YGL018C,0.0
YPR110C,280.47976190476186
YDL217C,7.0
YOL067C,0.0
YGR158C,18.205555555555552
YDR155C,31.2797619047619
YCL029C,3.5166666666666666
YMR106C,262.0524225774226
YDR322W,2.083333333333333
YKL195W,0.0
YCR072C,6.589285714285714
YBR125C,2.5
YPR031W,0.0
YJL149W,2.5955882352941178
YCR023C,0.0
YMR223W,19.08080808080808
YDR441C,0.0
YGL192W,2.1666666666666665
YNL197C,0.0
YDL190C,15.992857142857144
YGL049C,36.16944444444445
YER098W,0.0
YNL318C,0.0
YER077C,0.0
YDR514C,0.0
YIL158W,0.0
YKR027W,3.6666666666666665
YOR374W,23.166666666666668
YJL047C,15.571428571428571
YLR312W-A,0.0
YLR212C,8.253607503607505
YGL237C,64.7
YJL060W,0.0
YLR337C,23.327380952380956
YGL005C,0.0
YIR012W,0.0
YPR180W,2.75
YER065C,0.0
YHL026C,0.0
YDL204W,0.0
YBR099C,0.0
YJL140W,56.207142857142856
YNL237W,0.0
YJL107C,0.0
YHR039C-A,9.517316017316018
YER184C,0.0
YDL132W,261.5928571428571
YBL103C,9.444444444444445
YBR209W,0.0
YEL054C,0.0
YGL145W,1.3333333333333333
YOR231W,13.465873015873015
YDR320C,0.0
YNR005C,0.0
YBR025C,8.0
YPL118W,4.25
YNL187W,0.0
YPL128C,2.083333333333333
YFL005W,65.5
YER058W,0.0
YLR386W,0.0
YGR142W,0.0
YGR135W,29.96904761904762
YOR210W,18.331746031746032
YMR064W,0.0
YDR406W,0.0
YML060W,0.0
YGR264C,0.0
YJL099W,0.0
YOL017W,0.0
YHR190W,0.0
YHR005C-A,5.800000000000001
YER120W,0.0
YPL253C,0.0
YLR032W,0.0
YDR475C,0.0
YLR332W,0.0
YLR123C,0.0
YPL131W,4.800000000000001
YMR190C,0.0
YBR278W,2.8
YHR128W,0.0
YOR165W,0.0
YFL050C,0.0
YLR443W,0.0
YCL035C,0.0
YDR040C,0.0
YER131W,0.0
YER030W,0.0
YIL028W,0.0
YFR049W,2.0
YKR061W,0.0
YHR091C,0.0
YDR430C,0.0
YDR436W,6.0
YGR290W,0.0
YDR075W,35.84761904761904
YDL212W,167.70000000000005
YPL163C,0.0
YJR063W,10.031746031746032
YOR320C,10.666666666666666
YGL204C,0.0
YOL149W,43.98571428571429
YNL236W,28.923809523809524
YDR133C,0.0
YKL017C,0.0
YOR009W,0.0
YNL307C,27.228174603174605
YGR138C,0.0
YPR148C,0.0
YNL165W,0.0
YKL093W,0.0
YOR113W,0.0
YJL146W,0.0
YMR157C,0.0
YAL042W,2.416666666666667
YJL168C,0.0
YLR315W,0.0
YDR067C,0.0
YML085C,488.95
YLR376C,2.05
YKR021W,0.0
YMR200W,0.0
YPR005C,1.3333333333333333
YHR015W,0.0
YIL130W,0.0
YPL016W,0.0
YBL071C,0.0
YKL085W,11.228174603174603
YBR284W,0.0
YBR228W,0.0
YDL050C,0.0
YPL005W,0.0
YOR141C,0.0
YGL086W,2.428571428571429
YJL043W,0.0
YOR020C,21.0
YJR117W,161.51666666666665
YGR136W,101.0
