YJR045C,468112.88
YCL018W,364801.2
YLR259C,421930.3
YML064C,525497.44
YBR127C,211911.03
YPR110C,330805.3
YBR072W,214500.44
YJR121W,308235.78
YBR020W,158452.27
YMR106C,240890.45
YGL137W,239978.52
YDL029W,110832.15
YFL039C,348054.28
YDR388W,532382.44
YBL099W,208868.44
YBR196C,287355.7
YDR394W,119730.99
YNL064C,181561.58
YLR180W,154578.52
YDL126C,221959.14
YMR205C,79859.14
YFL037W,125383.09
YHR030C,170756.58
YML085C,106347.51
YBR118W,199340.52
YBR217W,204270.47
YFR053C,230527.62
YDL047W,201580.34
YDL059C,71148.766
YGR040W,98235.42
YOL133W,284593.56
YJL008C,76520.38
YOL055C,190798.39
YER133W,386093.25
YNL189W,1161080.9
YER177W,245660.66
YKL152C,164393.44
YFR028C,294066.72
YER171W,51601.094
YDL017W,230429.03
YBR017C,222975.44
YKR026C,161364.3
YPL204W,378200.7
YBR160W,1258946.4
YBR055C,238721.66
YHR135C,156953.45
YDL200C,36363.367
YPL235W,185793.67
YGR092W,52274.406
YLR044C,86894.05
YOR212W,90367.18
YOR181W,253017.56
YMR049C,167466.97
YGR262C,131363.53
YMR059W,128920.625
YER173W,25187.266
YGL190C,138083.73
YDR171W,90105.97
YPL140C,72589.766
YJL034W,133009.08
YGR254W,74511.31
YER179W,74039.96
YPL240C,89810.805
YDR142C,70437.35
YLR291C,131145.4
YJL130C,32687.867
YDR523C,34296.918
YGL206C,100620.21
YJR077C,50199.47
YOR351C,43225.586
YCR002C,16915.566
YDL043C,143069.52
YGL048C,55953.69
YGR240C,79178.47
YDL225W,22229.754
YDL055C,46019.637
YPL061W,47592.047
YJL173C,31740.85
YDR128W,37730.676
YDL145C,68011.15
YNL135C,77812.82
YDL229W,38685.176
YCL040W,84811.69
YPR111W,34482.035
YJL098W,96077.96
YLR175W,107386.3
YML124C,18432.852
YOR374W,43303.367
YJL138C,67642.28
YDR099W,165277.8
YGL237C,119694.805
YJL106W,53817.89
YBR019C,50582.676
YCR009C,21008.63
YDL101C,86809.664
YOL139C,64477.207
YAL021C,31287.172
YPL150W,15653.022
YOL115W,67271.41
YGL004C,9162.269
YBR288C,27114.28
YNR031C,21000.66
YMR284W,8523.976
YJL066C,59299.36
YDR227W,38920.31
YFL018C,71076.38
YFL016C,22164.223
YJL052W,27136.812
YDR386W,88605.33
YIL035C,217585.69
YBR109C,285907.28
YNL061W,75032.07
YER091C,19961.715
YNL290W,35883.266
YJL128C,51480.914
YMR186W,65608.78
YNL244C,77437.65
YOL094C,25512.219
YIL066C,38638.027
YGL163C,5121.0576
YER043C,33718.582
YDL132W,132029.2
YAR007C,36702.246
YGL208W,14339.387
YNL161W,86490.66
YBL026W,215597.98
YBL039C,26809.547
YKL060C,50326.793
YJL088W,68580.1
YKL104C,32776.58
YDR148C,83531.5
YJR035W,35215.133
YDR200C,17331.426
YHR082C,93116.055
YER110C,123355.82
YLL019C,39009.598
YDR075W,18223.328
YOR151C,72395.04
YPL259C,55873.168
YIL142W,22424.266
YCR088W,128478.586
YER161C,45203.477
YDR477W,66309.57
YMR214W,9852.412
YHR107C,53861.44
YNL094W,105669.41
YPL258C,55813.582
YKR036C,32012.234
YJL157C,35519.844
YIL046W,44507.215
YER012W,39812.33
YMR001C,163593.58
YAL015C,5003.778
YKL103C,70008.875
YPR178W,48740.36
YOL062C,17526.975
YNL071W,45085.4
YOL126C,17630.12
YMR108W,9659.504
YBL075C,20314.252
YBL007C,569650.2
YGR282C,13682.008
YBL030C,57903.723
YHR027C,37630.094
YJR091C,2074496.4
YNR001C,41113.387
YMR117C,42788.566
YDL188C,46735.926
YKL035W,12711.814
YBR198C,98602.586
YJR009C,38231.855
YHR169W,27363.55
YIL075C,21946.426
YNL113W,28411.283
YLL011W,4348.041
YGR155W,11359.315
YDR502C,12705.258
YDL147W,88938.39
YDR190C,14386.353
YLR355C,10379.154
YML057W,8694.562
YNL250W,19576.92
YJL020C,314617.25
YGL245W,19196.146
YMR109W,192250.06
YDR260C,28469.3
YLR096W,92576.02
YHR114W,957938.9
YNL030W,170903.45
YLR191W,342628.47
YJR068W,24739.686
YDR131C,11979.63
YLR383W,52787.33
YIL128W,35066.61
YHL007C,53249.23
YER165W,118780.766
YDR143C,15676.054
YPL031C,71492.45
YLR288C,577794.7
YPL149W,15805.641
YDL164C,22476.139
YDL134C,36267.93
YPL022W,130293.086
YNL311C,24237.832
YGL158W,42989.53
YLR196W,69350.91
YPR054W,24829.152
YHR020W,8183.126
YGL003C,12016.222
YJR090C,46460.926
YOR061W,85885.16
YML115C,17281.875
YGL173C,76347.21
YER125W,212547.44
YGL081W,4218.0923
YOR136W,27590.191
YKL193C,17871.34
YIL061C,210519.72
YDL185W,27022.959
YNL230C,54977.43
YCL064C,7329.2686
YKL081W,23192.781
YER025W,23392.045
YGR083C,5386.5044
YDR127W,16630.584
YMR012W,40131.496
YIL095W,43928.11
YJR076C,43189.14
YFR040W,33779.617
YBR039W,11730.15
YCR079W,42906.7
YOR080W,67467.3
YHR179W,6836.1772
YDL143W,7512.35
YKL166C,26744.389
YNL037C,4939.5435
YLR222C,41957.215
YPL164C,3274.7632
YLR442C,18873.09
YMR055C,19567.316
YLR304C,15875.568
YBR223C,2449.206
YDL213C,134981.28
YHR183W,8275.89
YCR057C,128561.3
YBR114W,50409.49
YGR052W,39873.227
YOR319W,19504.867
YJR022W,279090.7
YDR398W,39316.188
YEL056W,14544.681
YBR274W,57762.04
YPL153C,59619.27
YHR033W,5144.416
YDL097C,12521.584
YDR328C,163030.86
YNL182C,18380.756
YIL094C,15299.751
YLR186W,13548.539
YER017C,24518.852
YBL056W,20868.258
YKL095W,35665.582
YKL129C,85063.26
YLR314C,18155.934
YLR097C,3100.7031
YIL148W,90120.414
YLR216C,32194.49
YPL203W,69459.53
YMR047C,869709.1
YJL111W,5610.4956
YJL141C,66890.734
YCR077C,87938.305
YDR267C,24644.92
YHL034C,23531.156
YOR259C,12622.767
YER095W,41866.3
YKL182W,23979.742
YCL039W,37843.684
YAR019C,2619.1335
YHR186C,14671.708
YER082C,58354.535
YJL095W,91897.46
YDR212W,19288.643
YJR062C,1269.5317
YDL179W,7878.444
YHR200W,21505.033
YDR004W,9922.147
YNL106C,32531.785
YOR261C,9667.694
YLR074C,99716.555
YOR272W,24939.115
YLR229C,20609.291
YKL145W,14641.459
YGR103W,30075.512
YER178W,43715.336
YLR427W,27537.2
YLL050C,26393.219
YMR308C,160811.98
YHR016C,99655.68
YBR018C,14200.03
YEL060C,12417.79
YPR108W,8091.771
YGL100W,33566.688
YDR216W,54831.574
YLR310C,190672.9
YJL092W,24582.006
YAL036C,13283.185
YMR290C,24100.605
YML095C,16792.72
YBR103W,45175.63
YNL128W,5339.8247
YOR089C,32960
YKL078W,561.8307
YDR138W,11380.627
YFR052W,9421.1875
YKL130C,65395.16
YGL116W,12158.212
YJR007W,11288.156
YER081W,515188.34
YKL085W,7124.748
YHR196W,5745.644
YLR340W,29714.615
YMR246W,12379.188
YKL108W,16317.625
YOR125C,11678.553
YPR016C,76168.914
YOR375C,5535.582
YFR030W,6269.4683
YMR022W,5513.992
YJL076W,37162.727
YNL317W,12185.974
YFR024C-A,233972.92
YDR214W,12606.361
YNL090W,8615.151
YHR120W,4743.098
YDR306C,13323.847
YHR199C,21758.09
YFR004W,11381.635
YDR369C,15932.283
YDR155C,45642.594
YBR088C,34310.266
YKR055W,10952.067
YDR092W,15857.623
YOL087C,7393.789
YKR081C,24597.748
YBL049W,39271.38
YDL192W,29487.725
YDL013W,25629.564
YGR162W,50709.793
YER100W,21516.203
YOR133W,15868.361
YKL161C,8037.391
YHR197W,95291.59
YBR200W,203636.75
YOR341W,13746.2705
YIL106W,42438.082
YML016C,32967.9
YJR109C,3725.4243
YOR117W,12555.501
YHR052W,16406.32
YOR386W,10327.417
YOR229W,20422.428
YPL151C,17801.486
YML058W,32896.473
YDR480W,30489.557
YNL085W,2426.649
YKR048C,52168.43
YCL028W,19453.17
YJL187C,60709.418
YDR188W,2798.7122
YDR113C,18494.92
YBR126C,97110.016
YOL100W,7818.9126
YER075C,5478.065
YOR027W,6471.7104
YIL131C,58029.08
YNL006W,23865.463
YCR084C,32449.809
YLR233C,53350.832
YER059W,32098.883
YER066C-A,1450.668
YGR173W,22825.39
YJL014W,3509.922
YJL069C,42892.562
YIL147C,20314.045
YGR090W,93945.18
YDR228C,35797.53
YER118C,306635.75
YDL220C,16330.852
YDL025C,20723.184
YDR488C,35132.09
YDR129C,2274.2083
YDR030C,1160.0552
YLR238W,5893.7285
YOR119C,123055.625
YLR423C,294122.2
YCL037C,15734.795
YEL030W,4465.387
YFL045C,6037.0923
YCR014C,12087.184
YBR247C,29706.014
YHL030W,8244.025
YNL053W,8082.465
YBL085W,183597.89
YLR447C,383737.53
YDR076W,324.71393
YGR086C,13383.815
YPL093W,28578.846
YLR347C,94693.86
YHR166C,27492.264
YJL005W,14833.382
YOR005C,32378.24
YDR499W,7939.0225
YGL115W,35869.785
YNL055C,12978.561
YML112W,12987.68
YER103W,34994.84
YBL021C,13905.304
YKL139W,24444.014
YLR295C,763308.8
YPR154W,247815.19
YBL045C,17989.223
YPL043W,13331.944
YKL189W,5100.4233
YNL025C,77157.02
YDR419W,388.76636
YNL271C,25407.676
YHR188C,52643.355
YNR016C,23011.367
YPR160W,6545.2563
YNL183C,12966.432
YOL128C,22356.053
YMR032W,210498.16
YLL026W,16718.754
YPL194W,21169.785
YAR014C,155784.61
YJR017C,19388.512
YJR053W,11535.925
YLR148W,33802.59
YMR066W,20983.08
YMR226C,4010.2927
YJR072C,12821.254
YKL210W,15018.531
YMR116C,30880.588
YDL155W,50832.08
YPL049C,22454.678
YBR011C,15628.908
YOR276W,1912.8141
YGR232W,20296.486
YPL070W,29558.424
YGR097W,9964.591
YPR115W,27758.45
YOL054W,18639.312
YBR130C,31226.629
YOR232W,23500.51
YGR218W,237441.14
YLR438W,6209.058
YFL033C,3299.689
YDR217C,7553.671
YIL007C,15772.773
YER021W,13000.937
YJR064W,2593.5806
YGL008C,11937.0205
YOR174W,27720.645
YCL027W,291739.5
YJL164C,9573.467
YDR032C,18152.19
YBR155W,17250.84
YNL307C,118907.984
YNL132W,18685.764
YFL038C,49224.34
YNL175C,19215.986
YLR293C,56586.562
YDR427W,5767.319
YOR230W,3996.2615
YOR047C,155794.03
YGL062W,1285.3031
YMR105C,3067.0125
YDL160C,31851.787
YOR267C,27776.316
YBR136W,17919.953
YNL012W,8839.575
YGR267C,6176.394
YLL013C,10124.333
YGL253W,2299.427
YIR005W,15116.069
YLR320W,14156.172
YEL037C,53887.902
YMR137C,1716.618
YBR085W,21127.883
YFR021W,35454.35
YEL051W,11141.544
YGR094W,10744.867
YCR001W,11158.531
YHL002W,132443.27
YJR052W,5842.18
YDL007W,1143.575
YDR365C,17979.941
YDR247W,87167.586
YPR017C,9618.703
YEL034W,8116.656
YBR234C,35276.742
YDR283C,17923.549
YOR284W,31526.95
YPR191W,12883.857
YGL234W,17457.424
YGR123C,38543.688
YER006W,19110.516
YML109W,45979.652
YOR098C,133103.64
YJL026W,8832.221
YPL262W,534.8129
YDR062W,27746.525
YDR277C,52047.734
YOR014W,57063.418
YER112W,98513.625
YLR058C,11279.504
YNL236W,60699.89
YNL032W,12084.493
YNL138W,16896.818
YDR225W,57188.023
YGL035C,18674.014
YBR208C,823.33057
YMR139W,105183.81
YML123C,100412.92
YGL195W,15874.44
YLR337C,21108.877
YBR069C,69391.43
YFL034C-B,16305.061
YLR453C,388335.12
YOR231W,23782.145
YLR016C,8920.012
YOL113W,9703.369
YDL014W,17231.547
YFR016C,15151.737
YML032C,3686.6833
YBL036C,1744.2306
YDR170C,19725.822
YHR165C,101890.31
YGR136W,106415.484
YNL088W,23305.83
YER022W,628741.2
YCR092C,1982.158
YNL110C,18839.154
YDL193W,18051.78
YLR147C,92996.8
YER117W,16915.902
YBR169C,3073.3223
YBR059C,35308.203
YLR262C,31051.816
YNL312W,2894.5586
YNL323W,8219.943
YEL015W,36180.523
YDR097C,17024.582
YPL042C,51143.133
YCR093W,25202.26
YLR429W,4084.2207
YPR119W,72188.97
YGL181W,151140.27
YGR184C,15248.668
YHR014W,781.5865
YPR010C,11704.165
YPR093C,7318.717
YBR098W,3825.0835
YMR319C,6783.454
YHR066W,8422.626
YMR093W,4531.0786
YMR036C,9889.676
YDL116W,90062.69
YNL007C,8388.124
YGR067C,1692.0334
YER114C,109888.76
YOL041C,10460.619
YBR264C,8767.379
YGL019W,41698.35
YBR272C,13028.601
YMR201C,21230.975
YNL243W,13911.188
YJL153C,14111.278
YPR171W,38731.82
YDR453C,9419.218
YLR006C,9968.512
YER155C,32451.676
YDL042C,44990.797
YOL108C,41155.727
YMR104C,40450.05
YCL031C,25625.99
YDR192C,58148.81
YKL068W,70239.31
YPL004C,16733.64
YJR066W,24360.59
YHR102W,43887.945
YDR342C,38092.316
YJL090C,4272.881
YCL043C,15899.41
YDR339C,7565.7646
YGL049C,11514.273
YGR258C,3958.9756
YAL040C,6531.9766
YGR119C,63031.926
YAL016W,14369.261
YER167W,6897.9243
YLR433C,30131.223
YOR332W,9368.352
YLR421C,1613.3633
YIL033C,25694.375
YHR070W,102.683975
YLR019W,9464.875
YPR182W,68400.7
YDR266C,2763.0679
YKL056C,22895.135
YPL111W,14999.587
YGR188C,3060.004
YHR119W,17701.09
YDR381W,15583.8955
YOR269W,6000.971
YNL014W,666.8685
YBR108W,13867.308
YFR010W,168.28847
YGL016W,7964.2905
YIR003W,35029.47
YER020W,23117.068
YMR058W,78509.4
YPR015C,11111.341
YER032W,40332.48
YBR175W,31276.523
YMR094W,11954.2295
YER146W,65644.375
YLR403W,25163.299
YIL125W,5954.209
YGL120C,58027.04
YKL080W,6331.4233
YPR018W,24346.357
YJL124C,87526.836
YGL111W,3379.002
YER023W,3120.1187
YDL140C,80589.29
YOR039W,45695.535
YAR003W,28105.486
YNL084C,23085.385
YIL053W,11260.054
YDR224C,14507.191
YPL256C,20071.5
YOL123W,40731.496
YDL239C,82399.75
YIL070C,13354.977
YAL017W,4069.7
YGL201C,27925.312
YMR303C,2814.1235
YOR362C,47197.24
YDL117W,129860.17
YPR086W,566326.06
YGL131C,986.4328
YIL144W,84029.734
YDR219C,4806.0874
YAL041W,53229.496
YER041W,2939.277
YBR142W,9994.146
YNL118C,94151.055
YDR060W,15512.615
YMR199W,16513.438
YJL081C,4497.8413
YOR020C,10122.741
YDL175C,13679.038
YGR268C,27298.87
YDL156W,3019.856
YIL156W,12450.201
YMR167W,7958.842
YDR507C,8550.881
YOL082W,37230.637
YER054C,7774.7397
YPL012W,8381.848
YER148W,54365.223
YGL060W,9005.839
YPL124W,37424.125
YBR203W,3234.0566
YIL021W,42057.836
YHR099W,82764.984
YLR268W,31834.332
YMR240C,17918.809
YMR159C,26235.37
YFR031C,6680.5654
YDR496C,3559.931
YER142C,17941.041
YPL126W,5235.527
YFL008W,19505.13
YER129W,9897.602
YOR116C,43452.2
YHR112C,1234.5985
YOR326W,23241.797
YJL117W,122663.79
YCL059C,13163.23
YMR125W,50445.617
YJR104C,5654.6943
YDR034C,267316.12
YLR134W,22009.121
YHR170W,6956.5024
YPR088C,46266.633
YLR078C,50397.266
YDL138W,52705.42
YBL002W,34285.77
YNL287W,17521.047
YLR258W,10168.862
YNL180C,4113.946
YPL026C,8465.214
YDR211W,8352.33
YLR352W,3491.8337
YAL029C,8276.407
YNL308C,11085.345
YNL116W,18771.594
YGR234W,8983.364
YLR306W,1468.5818
YKL067W,3191.9766
YLR247C,2344.978
YOL045W,727.6607
YDR343C,10710.985
YFR015C,14788.014
YAR002W,8472.607
YLR362W,13070.006
YBL105C,51819.242
YGL197W,7138.038
YJL203W,34759.594
YBL016W,44055.895
YDL052C,8079.3145
YDR316W,34123.65
YCR076C,3900.1323
YER126C,6914.461
YBR010W,10884.999
YPR181C,30267.826
YPL078C,4935.465
YKL048C,4552.0845
YOR317W,19304.81
YNL229C,19869.762
YJL074C,17151.736
YLR113W,37609.33
YNR053C,13093.491
YKL011C,3229.0776
YBR218C,455.0042
YDR510W,99427.414
YJR083C,42457.426
YJL199C,36600.215
YDR239C,2980.2346
YDR028C,1282.7848
YAL002W,7028.557
YLR430W,13288.766
YML074C,6802.774
YDL100C,152595.45
YGL105W,1273.9279
YDL028C,72164.07
YCR086W,43267.285
YOR329C,27464.574
YDR174W,16667.219
YML126C,16248.818
YNR047W,11065.214
YMR304W,47324.633
YFL017W-A,19477.795
YLL021W,23175.602
YHR089C,17281.832
YOL078W,2705.9087
YNL207W,14087.416
YBL004W,32056.77
YOR210W,14170.739
YNL107W,10550.082
YOL012C,16246.942
YML028W,11374.434
YOR260W,2964.8562
YDL208W,15556.593
YCL024W,1495.8536
YGL127C,278870.25
YDR146C,31326.066
YNL147W,15140.421
YLR106C,8164.385
YNL298W,19581.662
YKL018W,7285.5767
YDR439W,10828.171
YIL143C,17873.158
YOL090W,12167.625
YER172C,36999.375
YOL145C,21428.676
YNL127W,19301.63
YLR197W,4272.0674
YNL002C,1292.1565
YOR206W,6991.377
YGL026C,3691.1016
YDR335W,21625.957
YLR335W,5779.548
YJR063W,78890.35
YIL079C,2608.117
YAR018C,15761.954
YFR051C,3711.8765
YNR035C,4229.7896
YJR110W,8330.601
YHR064C,9478.138
YAL005C,5936.7075
YPL139C,12799.652
YMR291W,8396.571
YFR001W,434.52722
YOL135C,56208.016
YLR354C,3462.7844
YDR226W,9780.373
YIL113W,594.3328
YPL115C,17301.852
YPR159W,7842.8057
YER138C,2422.4558
YDR023W,3623.747
YHR193C,23950.55
YBR280C,8841.813
YGR002C,12068.288
YIL045W,16223.824
YDR037W,3064.2668
YDR167W,70215.61
YJR138W,23389.219
YKL010C,831.8564
YER062C,5472.29
YLR432W,6926.3096
YPR137W,5709.529
YGR252W,15591.763
YJL194W,26905.678
YBR079C,17152.963
YBL076C,5119.4834
YPL178W,17342.209
YIL076W,19712.475
YLR144C,4069.0427
YNL047C,9396.15
YMR061W,13760.74
YLR309C,3005.3225
YCR094W,1709.2946
YIL159W,16424.955
YJL058C,30776.951
YBL103C,19275.12
YOR128C,78919.31
YNR052C,30073.445
YGL256W,7222.3867
YGL202W,2379.5703
YNL093W,7438.091
YLR438C-A,40675.363
YIL105C,9734.95
YJR139C,566.0344
YHR158C,28529.807
YGR091W,47892.03
YPL242C,32361.566
YML048W,94244.9
YDR311W,84929.03
YJR059W,6785.8594
YKL016C,378.97455
YDR334W,5997.3486
YOL004W,92254.26
YGR087C,919.0388
YLR109W,804.4189
YKR046C,96.41728
YDR422C,21477.682
YGR104C,19375.928
YBR135W,45578.566
YHR152W,64938.598
YOR339C,29.982721
YLR248W,6439.67
YCR005C,1476.9817
YML092C,45025.902
YHR084W,2707.3115
YHR137W,1913.308
YMR192W,8369.697
YBR154C,14624.725
YOR304W,5617.7114
YFL010C,8291.36
YJR132W,10099.184
YLR386W,37999.29
YGL172W,17281.105
YAL035W,15542.959
YGR144W,11502.119
YDR122W,7303.4414
YBL104C,3458.4702
YDR298C,114.64495
YLR079W,8368.84
YDR448W,35984.55
YMR198W,1288.933
YBR176W,12003.249
YPR030W,4675.9424
YOL149W,26760.604
YPL074W,420.04504
YLR182W,8766.342
YJR065C,6105.7017
YBR082C,1417.2588
YLR208W,28526.115
YMR229C,1476.4503
YBR205W,12056.846
YKR017C,2459.6123
YDR087C,7463.0317
YDR130C,13311.305
YJL033W,6876.0938
YPR187W,14579.882
YOR224C,14694.333
YNL044W,55872.73
YJL041W,50826.074
YIL063C,25217.969
YKL211C,272.22092
YKL171W,13132.105
YGR274C,33370.66
YDL065C,60842.34
YJL044C,18126.574
YLL034C,489.34976
YDR162C,42512.008
YPR103W,16544.623
YBR221C,23101.426
YOR178C,11793.195
YNL284C,68211.37
YPL237W,4363.413
YMR287C,4094.6252
YGR161C,647.31244
YPL038W,19604.232
YPL169C,21869.793
YJR159W,5176.7417
YML056C,1106.8351
YLR372W,80214.83
YBL047C,8518.009
YMR273C,10223.099
YLR245C,822.6379
YMR153W,83375.63
YGL229C,45203.473
YLR449W,8240.779
YDR353W,7454.855
YDL002C,20146.105
YOL077C,436.1566
YER136W,23468.57
YJR033C,4733.307
YLR002C,10851.68
YKR028W,2709.2058
YLR328W,9278.802
YKL073W,31.021475
YMR309C,10153.892
YBR152W,18922.885
YMR276W,3975.9873
YNL313C,723.31726
YLR127C,11104.119
YGL178W,6900.7007
YAL032C,25956.906
YKL173W,19007.582
YMR138W,12958.078
YDR238C,4377.217
YKL021C,1382.9834
YER132C,2230.8608
YMR102C,2097.3926
YDL006W,5256.151
YOR233W,1432.8701
YGL070C,253765.2
YCL014W,43078.652
YOR207C,4021.8298
YBR275C,7626.901
YIR026C,12683.7705
YBR106W,334346.88
YLR424W,16576.258
YDL113C,5906.0664
YKL009W,3820.6494
YLL028W,66550.14
YHR086W,14551.885
YLR425W,8940.698
YCR012W,7993.0503
YAL027W,1112.9333
YIL004C,24893.422
YDL060W,6633.917
YDL181W,6749.167
YDR259C,78373.87
YBR143C,21327.816
YMR314W,3495.3247
YMR054W,19573.852
YKL203C,3636.56
YPR120C,45583.492
YCR087W,1004.8457
YBR159W,189300.47
YOR191W,10003.297
YGR058W,6986.2163
YFL024C,3468.7683
YLR319C,12509.293
YNL157W,7837.7866
YJR042W,10349.308
YBR080C,367.28296
YKL014C,4111.635
YHR076W,9387.318
YCL032W,75901.08
YDR460W,1237.7968
YKR002W,11102.205
YDL246C,779.2328
YHR216W,3155.2432
YBR270C,24815.342
YPR020W,13386.849
YBR025C,1332.187
YGL112C,35013.195
YDL108W,4233.021
YLR082C,11989.92
YJR115W,11187.818
YPL255W,20353.564
YKR010C,3022.9414
YBL015W,87.81375
YMR146C,5795.814
YBR150C,277.87177
YPL180W,4489.3105
YHL004W,118212.57
YCL030C,99.03088
YLR059C,4209.1553
YGL130W,11103.713
YER052C,26957.697
YPR104C,2202.9387
Q0085,13.058427
YPL271W,932.7697
YOL058W,1397.0901
YLR131C,12950.369
YDR466W,3700.5872
YDR473C,5162.65
YDL159W,3614.5332
YGR278W,1967.0769
YJL080C,4575.7383
YDR324C,1703.8225
YNR010W,2677.1382
YJL109C,2718.1887
YJL061W,18040.223
YIL038C,6115.981
YNL331C,11758.56
YPR025C,21221.107
YOL086C,24457.654
YDR110W,14785.258
YDL190C,3563.314
YGL156W,940.9691
YPL141C,3580.0562
YDR301W,2748.3508
YHR140W,96396.195
YGL011C,10716.931
YNL154C,10269.814
YPR121W,366.17987
YGR245C,2100.5618
YHL018W,1874.3599
YDR377W,7.176294
YJR093C,22032.986
YIL115C,7276.7417
YOL070C,21235.504
YML068W,798.25323
YCL011C,15903.343
YHR133C,48405.414
YHR184W,10718.148
YEL013W,20043.373
YML081C-A,84.20067
YLR370C,5342.3525
YNR019W,24793.44
YKL029C,2386.9473
YDR052C,4736.388
YOR177C,3674.2903
YOR302W,6276.559
YNL206C,5030.8457
YAL003W,0
YDR429C,30164.184
YGL092W,17272.762
YKL135C,10219.682
YBL022C,1907.8738
YKL204W,1730.5865
YBR260C,4441.8286
YBR049C,10762.286
YOR109W,5411.642
YBR125C,12570.395
YDR195W,5320.915
YDR085C,2699.0347
YBR095C,1584.4408
YGR192C,3668.3823
YNL092W,106482.484
YJR070C,4524.6865
YLR342W,38415.285
YNL152W,2272.392
YLR263W,13638.929
YER007W,10473.3125
YNL023C,2367.4268
YLR086W,4800.4795
YEL066W,4264.625
YBR083W,691.31506
YGR238C,829.66644
YKL008C,32539.006
YER094C,1133.3835
YBR087W,6312.954
YMR145C,71.55786
YPL218W,6946.05
YDR331W,78482.31
YNL201C,21237.947
YLL008W,1417.9551
YJR144W,4928.2847
YDL031W,411.69623
YPL076W,57146.25
YDR229W,13215.942
YHR018C,336.68054
YJL042W,491.83304
YPR175W,10030.56
YBR137W,7326.317
YJL087C,1595.3107
YOR353C,11389.227
YLL023C,70095.61
YOR270C,7017.8066
YOR361C,15948.501
YOR244W,4685.583
YGR280C,3867.9536
YKL144C,8800.644
YDR356W,10040.984
YNL265C,22247.85
YIR001C,2501.8508
YOR308C,5092.7754
YER009W,7007.713
YMR162C,2448.1882
YHR022C,9877.08
YLR377C,1355.2595
YER120W,14753.9795
YDL005C,28282.55
YER029C,60925.324
YPL211W,13020.537
YEL055C,730.1734
YNL333W,10658.427
YDR165W,10115.027
YGL179C,1061.2451
YKL214C,3488.9932
YBR252W,5233.347
YNL315C,203.40714
YML006C,3056.3403
YPR193C,5086.7886
YDL204W,13454.969
YKL172W,799.46436
YLR192C,1972.1268
YDL224C,883.95734
YJR056C,1574.6538
YGL207W,13706.187
YGR202C,1798.7878
YDL139C,2727.4272
YLR284C,2033.6775
YDL087C,7113.004
YLR105C,5713.065
YPL129W,10209.382
YHR111W,545.5058
YIL124W,3461.5635
YDR103W,4638.341
YDR322C-A,0
YDL004W,0
Q0130,0
Q0080,0
YGR135W,1786.3828
YBR195C,11958.237
YOR335C,103.5209
YBR253W,21216.299
YER070W,144.55432
YBL005W,1008.5527
YMR241W,1232.777
YPL249C,8624.357
YGL104C,76058.98
YJL047C,31407.684
YNL056W,751.3964
YOL069W,15545.108
YOR057W,14614.563
YDR436W,6461.38
YDR378C,48620.836
YMR080C,35325.098
YJL151C,4854.1665
YOR294W,12192.475
YGL040C,114.26539
YFL014W,81.14116
YLR371W,9771.194
YJL218W,1174.9554
YHR065C,4713.813
YLR153C,5165.84
YPL089C,1111.5913
YNL176C,9572.337
YPR040W,1841.0177
YER040W,8713.183
YNL101W,15313.801
YPL249C-A,820.98065
YPR041W,19352.852
YLR289W,1409.2754
YKR095W,2213.1477
YOR265W,783.7329
YDR206W,6734.443
YDR382W,17334.129
YGL238W,6452.1904
YGR095C,9210.317
YDR202C,27.217983
YJL167W,698.3289
YJL140W,49085.24
YNL223W,1202.0942
YDR482C,3655.2808
YBR133C,7363.537
YCR073C,3452.7869
YGL090W,5182.6904
YGL122C,5404.4663
YNL139C,7536.0386
YBL051C,4759.5337
YNR032W,980.3359
YNL076W,2770.74
YKL065C,18181.645
YER047C,8550.275
YNR007C,10741.586
YDR054C,5949.062
YPR091C,169.24373
YLL018C,22613.865
YKL013C,3328.4287
YLR373C,107857.164
YDR139C,792.8548
YCL008C,11141.261
YGR130C,418.19345
YLR115W,14008.965
YDR309C,12249.634
YMR216C,6731.038
YIR009W,63900.28
YLR249W,10094.889
YNL020C,8391.581
YIR006C,14682.478
YHR098C,7679.649
YKL140W,298.01672
YLR267W,10639.846
YGR060W,55255.883
YER086W,20947.14
YDR001C,2210.9736
YNR064C,7971.5273
YML065W,7519.519
YCL054W,1176.0914
YAL043C,13959.52
YDL230W,4628.252
YBR170C,2244.8289
YGL200C,62264.69
YFL022C,13992.013
YPL160W,150.7336
YKL002W,205852.36
YER164W,3159.4514
YFR034C,13015.952
YCR034W,51424.92
YBL050W,108924.99
YDR465C,11881.998
YHR035W,780.08307
YJR010C-A,81618.59
YKL215C,40.607002
YPR124W,24095.4
YMR068W,3227.3203
YBR132C,4123.283
YFR050C,3939.5945
YDL015C,36080.086
YHR025W,77.46607
YGL221C,77.46607
YPL246C,5035.3857
YGR099W,5631.51
YMR028W,75.93973
YHR023W,6220.926
YPR019W,5461.7866
YPL010W,9.149745
YIL022W,7939.1655
YIR034C,2052.1067
YCR066W,5940.7524
YDR022C,7241.6196
YDR176W,47996.24
YLR321C,9401.586
YKL059C,1733.535
YBL032W,16229.321
YNL166C,2475.3655
YCR030C,32836.707
YOR001W,13246.939
YHR019C,2070.1309
YBR227C,50.273773
YOR017W,5797.76
YFL059W,12959.69
YLR446W,12623.866
YBL008W,3335.0767
YDL146W,11276.814
YDL030W,32415.186
YDR080W,7676.383
YFL009W,4615.4834
YPR032W,5791.625
YPL236C,163.5421
YGL213C,10110.079
YMR270C,13512.115
YLR024C,868.14844
YLR103C,8974.846
YOL038W,14313.577
YMR056C,5548.169
YGR186W,9764.184
YAL024C,1562.028
YDR101C,8998.018
YER122C,11166.316
YBR089C-A,12304.609
YCL048W,139.66034
YBL003C,1365.9552
YML099C,6654.123
YEL048C,2150.2832
YNL288W,9283.677
YGR074W,47760.973
YLR277C,17488.809
YPR072W,4191.489
YBL027W,7702.5815
YGR241C,7180.701
YKL117W,1960.2108
YHR026W,76134.97
YOR142W,5.7400217
YDR293C,206.30093
YML111W,1788.1918
YJR092W,1156.0369
YBR249C,20918.113
YOR176W,13957.978
YOL083W,7441.6997
YOR380W,1479.8848
YBR073W,1419.053
YER033C,714.6674
YKR025W,845.3666
YPL161C,29291.914
YEL021W,39.208054
YDR299W,3165.6846
YPL032C,13419.883
YDR416W,20722.873
YAL007C,31391.22
YBL025W,3389.7373
YKL126W,4435.478
YDR430C,310.415
YJL084C,24389.752
YPR008W,1601.2262
YDL079C,461.3634
YDL105W,21641.494
YPR049C,1465.352
YGR233C,1629.6406
YDL130W,41044.184
YNL042W,1387.6088
YBL034C,10360.648
YHL048W,67102.34
YOR122C,21606.396
YPR010C-A,782.1253
YJR105W,1614.0262
YDL137W,1665.307
YNL078W,34282.664
YML007W,21625.615
YBR101C,50384.395
YBR193C,40192.246
YBR050C,715.8853
YDL153C,129925.375
YKL143W,24437.953
YBR267W,964.7426
YGL246C,5837.8955
YNR003C,7607.36
YGR193C,3620.2458
YDR404C,25283.191
YBR245C,23474.719
YHR039C-A,690.9047
YAL018C,17598.451
YPR081C,637.49274
YOR042W,637.49274
YBR251W,90443.14
YGR005C,13285.881
YOL091W,3902.8115
YGR156W,11405.496
YER008C,5064.786
YHR185C,312.97284
YPR023C,10655.038
YBL093C,17427.066
YMR215W,24423.393
YDR271C,51741.344
YGR180C,5270.9424
YKL054C,650.5001
YER027C,1984.3939
YER003C,89.29559
YNL124W,1219.8905
YNL015W,7524.328
YGL144C,942.83936
YOR159C,10834.245
YGR109C,1483.3618
YGR145W,11289.416
YBR081C,6004.3613
YNR017W,27455.912
YLR187W,1017.1346
YNL218W,11220.97
YKL198C,7401.98
YGR159C,745.5747
YPR190C,765.7064
YDR443C,2893.1282
YHR205W,285.0954
YLR081W,2792.7605
YGR020C,20619.139
YOR208W,847.62476
YBL058W,657.83606
YNL216W,8109.319
YIL132C,13536.915
YGL134W,12152.239
YBR239C,2688.974
YML041C,11923.3
R0020C,30.041836
YGL220W,14243.479
YKL205W,12396.162
YPL248C,16229.739
YOR315W,48234.816
YDR264C,9734.329
YMR092C,11272.54
YNR012W,26955.914
YOR227W,844.4732
YER077C,1342.3522
YHR088W,105.08803
YDR432W,3575.1768
YKR014C,13532.706
YER090W,695.5934
YOL036W,8011.926
YLR190W,1802.0574
YNL199C,14962.257
YBR094W,3561.6416
YDR243C,1916.5905
YBR110W,26864.707
YDR201W,12347.662
YCR087C-A,4795.6143
YFR013W,4304.4956
YBR102C,31761.041
YGR037C,2678.0396
YJL143W,7105.501
YAL031C,770.48645
YDR141C,995.7575
YLR275W,3388.946
YOR254C,15179.289
YBL023C,24647.947
YOR016C,40813.4
YDR463W,65.271324
YOR127W,12805.748
YKR027W,620.61646
YDR522C,0
YLR206W,2084.8743
YHR061C,4896.086
YAL047C,24480.438
YLR035C,10746.572
YKL116C,1682.9576
YKL042W,1579.4207
YDR409W,1334.5674
YMR052W,18055.324
YEL002C,33234.586
YIL016W,22495.717
YLL040C,4505.7524
YNL239W,1478.942
YAL059W,9667.336
YOR358W,7503.386
YPR107C,2147.814
YLR324W,31002.29
YJR131W,1888.9585
YER093C,1553.6536
YOR349W,241.66269
YHR178W,35706.273
YDL127W,5736.721
YBL041W,2610.2534
YGR048W,5026.0273
YCR053W,80.21815
YOR201C,2706.4626
YPR106W,9692.903
YBR084W,13401.19
YLR215C,7796.848
YGL121C,3204.8665
YEL063C,57945.633
YLL024C,23306.354
YDR194C,2762.1514
YGR080W,13058.671
YKL001C,819.3567
YHR041C,59637.01
YER111C,499.03708
YER127W,4893.65
YPL028W,665.62036
YLR005W,524.14557
YOR036W,23670.092
YCL034W,49.652134
YOR185C,3825.1619
YNL148C,15.12513
YHR005C,33024.617
YAR031W,10004.765
YNR069C,6954.192
YPL174C,13551.404
YPL110C,3145.716
YLL010C,134.58766
YDL226C,40292.984
YGR142W,2849.5046
YDR412W,299.4169
YBR036C,18487.732
YPR074C,596.0127
YHL035C,13820.368
YGL215W,3797.0168
YPL082C,14532.434
YIL008W,16788.963
YLR100W,1679.2921
YHR038W,4586.67
YKL213C,809.87225
YML049C,2398.7888
YGR204W,6866.5493
YGR066C,654.51245
YML091C,1654.8215
YLR009W,7143.0015
YPR003C,11234.973
YDR321W,1485.84
YPR055W,3144.7007
YOR355W,28160.463
YDL148C,4007.0977
YKL154W,29649.193
YMR236W,9989.592
YJL180C,3002.0093
YOR290C,19737.574
YDL051W,2070.7354
YMR005W,4392.567
YCL025C,36389.945
YNL262W,6205.509
YOL005C,487.74564
YKR021W,5104.7627
YNL086W,9171.997
YPR183W,1982.1287
YGR203W,2116.4873
YJR133W,8790.6875
YMR024W,4656.6304
YDR100W,9778.685
YJL011C,32.487972
YGR229C,4623.9062
YDR395W,4469.378
YNL079C,526.5903
YDL165W,18292.254
YNL172W,1562.6975
YFR009W,213.78108
YDR318W,218809.44
YBL079W,1701.3092
YDR158W,503.96002
YCR008W,2066.147
YGR253C,2390.542
YDL195W,10017.812
YBR271W,455.5185
YBL066C,3819.8413
YPL264C,10648.777
YFR002W,4085.6572
YOL021C,11964.954
YGR270W,809.8783
YDR240C,2358.284
YBR120C,2012.3088
YOL102C,10494.224
YPL217C,920.58
YPL181W,4989.084
YMR275C,973.4082
YOR110W,15839.544
YDL171C,4082.8838
YBR045C,714.8383
YIL062C,0
YJR112W,11875.896
YDR071C,1215.8997
YGL097W,14938.402
YGR284C,12448.65
YDR280W,11264.891
YPL084W,12685.457
YLR452C,46377.55
YHL023C,5961.2793
YIL050W,8411.38
YER107C,7853.69
YBR281C,5646.427
YGL240W,2065.7766
YFR049W,2537.0696
YCL029C,779.17664
YEL009C,17998.012
YBR225W,262.2505
YCL051W,6203.553
YJL001W,9078.225
YKL101W,1137.2129
YPR165W,14981.108
YOR367W,0
YLR243W,850.0777
YNL214W,4857.6953
YPL135W,478.12558
YBR171W,23136.88
YDL064W,2911.6052
YCR027C,139.15556
YMR026C,8082.4062
YLR409C,816.54895
YDL212W,25126.133
YOL006C,12324.074
YNL330C,25750.479
YPL214C,122.8173
YPL016W,11952.881
YMR124W,8948.609
YKL061W,13203.356
YMR297W,2114.6174
YHR008C,3491.987
YDR002W,2786.4167
YGL153W,28226.512
YGL037C,2486.311
YDR389W,6102.338
YMR078C,610.9978
YML022W,10202.598
YGL151W,1451.4404
YDL150W,1094.6746
YOR220W,3134.5625
YDR515W,2875.1836
YGR239C,4217.0454
YAL012W,13550.407
YMR307W,2319.9548
YER116C,1114.4194
YGR024C,13171.155
YCR035C,9390.203
YKR082W,3077.4187
YMR120C,28.357891
YLR223C,3490.29
YKL057C,12224.503
YER049W,2456.5396
YKL022C,2493.4805
YNR058W,1701.0135
YPL267W,67.06674
YGR116W,2552.5874
YBR121C,88.69986
YHR113W,10390.047
YGR117C,262.8629
YGR264C,904.72266
YFR008W,11980.065
YDL070W,3314.6658
YIL112W,4374.8774
YFL042C,1126.0448
YDR363W-A,32.058372
YGR296W,1143.2317
YDR490C,17733.541
YKR001C,5270.1055
YPL037C,157.24355
YJL195C,88.63578
YHR164C,3637.0842
YJL039C,4482.651
YOL051W,15588.728
YIL154C,397.97202
YJR141W,10121.849
YER002W,19.202034
YNL260C,7388.6665
YAL011W,10690.128
YBR187W,4422.7637
YML042W,56777.375
YNL248C,0
YLL048C,10277.363
YGR227W,1497.2007
YOR188W,905.2216
YIL078W,1776.7498
YLL001W,6959.684
YLR027C,49.32286
YOR204W,383.03586
YMR223W,3863.8164
YGR158C,8481.129
YMR311C,273.4827
YJL196C,7741.2397
YKL218C,170.816
YHR191C,2500.6553
YBR183W,19041.531
YPR082C,2877.0322
YJR117W,24480.986
YER031C,10743.615
YHR011W,10294.32
YPR137C-B,15919.962
YFL002C,1753.1488
YDR449C,1679.8041
YKL012W,5524.1416
YEL032W,4395.4585
YLR117C,37217.527
YGL099W,10871.973
YJL004C,35537.734
YBR211C,4036.9165
YBR290W,23314.291
YGR195W,9248.707
YOR043W,4285.0674
YNL001W,263.43906
YNL151C,0
YLR368W,16809.262
YOR104W,9031.727
YPL125W,502.48273
YKR101W,3036.9482
YDR285W,1366.984
YPR047W,1420.1549
YLR394W,3518.2837
YIL034C,49081.55
YDR235W,3478.9666
YLR436C,945.6151
YPL192C,2226.4487
YEL023C,7315.715
YML046W,3996.86
YHR156C,6509.122
YOR026W,865.02893
YMR172W,291.08813
YBR140C,413.06238
YMR021C,592.72095
YPL001W,1782.9436
YBR093C,7440.9546
YJR134C,1482.2523
YDR168W,274.3112
YDR017C,0
YCR072C,2232.7788
YKL112W,161.52791
YGR013W,3308.0757
YGL198W,40500.23
YCL063W,31455.143
YKR024C,8549.139
YHR044C,447.13123
YER158C,14507.114
YGR260W,47066.664
YIR023W,4263.225
YMR253C,5093.817
YBR035C,187.92828
YGR049W,943.0594
YOL001W,956.5707
YHR073W,1104.581
YDR414C,117560.7
YPR069C,3453.44
YDL161W,20873.877
YFL054C,479.8877
YPL014W,2115.165
YMR285C,107.962135
YOR144C,0
YPR184W,2002.6322
YGL075C,4110.6353
YLR385C,323.7119
YML010W,5642.684
YGR098C,676.23
YDL053C,8507.818
YHR143W-A,3733.0972
YOR155C,1744.4342
YBR138C,1204.1947
YDR027C,7974.7964
YBR119W,9023.854
YHR124W,0
YHL042W,70284.27
YKL212W,12922.395
YML034W,11369.319
YMR003W,2914.6233
YER068W,352.9259
YPL036W,4365.751
YJR061W,2121.4934
YKL074C,5782.764
YLL042C,794.53625
YGL044C,38222.402
YGR249W,8925.169
YOR081C,580.2544
YDR297W,11537.035
YHR013C,1372.6299
YCR099C,3487.0852
YLR313C,668.5578
YGR010W,2407.904
YHR198C,269.34088
YOR303W,21025.336
YLR399C,15205.057
YFR003C,11426.163
YJR029W,68.7164
YDR362C,3091.9255
YGL226W,1243.5725
YDR073W,11649.821
YKR030W,8555.141
YGR172C,50110.035
YER078C,9827.692
YOR093C,401.72406
YML051W,450.21628
YBR228W,1000.9474
YML078W,0
YLR070C,0
YBL112C,0
YER115C,7906.951
YAL010C,2780.4033
YDR500C,717.784
YGR250C,1580.5541
YFR017C,18096.012
YIR002C,15035.359
YHR060W,18777.832
YDR337W,4193.973
YGL106W,905.58716
YPL137C,78.9982
YBR202W,3808.9263
YOR197W,25230.916
YEL069C,973.6905
YPL213W,7754.6377
YFR036W,10400.381
YDR164C,15621.073
YDL080C,10991.106
YER159C-A,2806.4314
YBL101C,10347.577
YKL062W,2279.0757
YML015C,11172.182
YDR359C,587.76624
YNL263C,17379.375
YKR067W,0
YHR128W,9769.242
YEL062W,2170.2698
YPL152W,5616.1953
YLR129W,28.927416
YNL016W,26977.145
YDR307W,26228.639
YBL088C,4001.6643
YNL102W,10889.56
YOR299W,44864.41
YJL085W,334.27136
YPR067W,0
YNL039W,2606.7117
YER079W,3975.7922
YDL124W,18.549385
YBR129C,100.179596
YAR008W,3200.2236
YKR096W,827.5312
YLR276C,10592.848
YMR100W,10.8262005
YKR007W,5986.673
YBR112C,8266.118
YGL051W,14736.883
YKL127W,2436.3357
YHR108W,292.95572
YKL113C,10377.675
YDL149W,7901.7007
YKR091W,2077.702
YPL209C,12077.48
YDR244W,3152.1892
YDR383C,26576.713
YJR057W,53.64129
YHL027W,3930.147
YKL023W,21233.957
YLR457C,11658.665
YDR091C,6537.268
YGR220C,102345.97
YBR184W,1437.9905
YPL088W,11566.37
YDR533C,12388.728
YOR388C,8518.002
YHR069C,2443.9883
YDR279W,614.9363
YLR264W,4689.2583
YDR372C,6163.331
YIL136W,128.0948
YGR054W,6823.1
YFL029C,2024.2181
YDR348C,17412.785
YBL035C,1994.7745
YGR014W,17145.219
YLR224W,74.719604
YDR484W,4495.2524
YLL027W,1492.4294
YOR086C,16.884626
YLR413W,1828.5375
YDR313C,4506.6606
YOR195W,6257.422
YNL257C,120.905174
YGL244W,2495.2502
YJL133W,1099.0818
YDR010C,3395.5417
YML055W,1686.9303
YER151C,3374.1448
YML008C,12199.226
YHR079C-A,4100.0557
YDL214C,2973.7974
YNR048W,1612.8627
YBL017C,1251.9364
YMR234W,212.96344
YNL232W,2888.5835
YGL166W,13226.455
YAL019W,3794.5354
YFR027W,5129.3965
YMR213W,18566.553
YNL013C,4412.3887
YOR281C,1676.4346
YPR167C,0
YML020W,0
YLR271W,0
YKR051W,0
YGR266W,0
YEL046C,10352.078
YML062C,1234.3585
YKL157W,3846.8286
YER065C,252.07791
YDL203C,2662.4438
YMR232W,2196.5752
YLR350W,7213.3755
YDR516C,7070.9595
YOL117W,1178.7913
YPL266W,1147.3999
YOR004W,394.49484
YOR167C,29443.14
YOR310C,219.54074
YNL181W,0
YEL026W,1618.007
YGR178C,26062.822
YPL158C,10201.047
YAR073W,83.56774
YCR022C,1356.9287
YBR014C,13182.592
YDL178W,653.9999
YBR028C,3752.3733
YGR134W,4790.954
YLR345W,4665.5967
YDR145W,7753.3315
YJL068C,1004.40045
YAL028W,2365.921
YPR164W,319.44376
YBL009W,3230.4255
YDR497C,10083.785
YGR070W,225.10641
YIL026C,1566.1288
YNL215W,541.58923
YPL227C,6540.1426
YBR279W,2709.8079
YOR157C,7289.6206
YPL106C,269.96576
YLR219W,1232.9067
YOR160W,2886.669
YJR002W,2053.1462
YPL083C,1768.7773
YNL058C,2176.9807
YBR054W,25370.572
YGL216W,1123.9723
YJR089W,3792.0034
YOR247W,454.62805
YKL082C,3442.6514
YIL138C,0
YIL122W,1064.2332
YEL017C-A,16028.397
YNL241C,154.90054
YOR078W,16484.23
YKR054C,2176.8113
YFL061W,171.99672
YDR256C,1041.0667
YIL068C,2000.854
YML098W,3096.4338
YER123W,519.8455
YMR149W,29424.986
YFL013C,9850.03
YNL068C,3041.0366
YBR166C,382.00323
YDR528W,3303.7795
YBL106C,7063.7266
YOR187W,4240.4565
YGL175C,431.7294
YPR141C,16020.46
YPR095C,0
YPL135C-A,0
YCL036W,0
YBR163W,0
YLR055C,403.1188
YMR268C,1125.8607
YFL017C,19771.344
YLR300W,11.983474
YHR161C,6255.377
YHL009C,0
YOR324C,10059.686
YJR019C,1319.7648
YOL148C,3275.4832
YER016W,468.08896
YEL050C,73.2863
YOR156C,2549.8618
YJR032W,465.51068
YGL074C,0
YCR091W,16.872671
YLR292C,53293.32
YLL036C,2660.23
YML088W,1058.5621
YOR179C,7.003958
YJR037W,1922.221
YMR196W,20.720459
YFR019W,293.89783
YLR397C,6868.442
YGL189C,26570.143
YKL150W,2880.8652
YHR171W,14397.024
YDR069C,8969.341
YOL033W,63.957558
YOL132W,30389.38
YOR083W,21209.963
YDR341C,105.557686
YML102W,6965.5283
YDR049W,0
YLL005C,6174.2217
YNL027W,12391.981
YLR154C,164.79361
YGR108W,1924.2108
YGR285C,13465.71
YMR267W,363.08087
YGR154C,105.47068
YLR384C,21088.545
YGL087C,879.8216
YLR116W,19379.3
YDR444W,43.724327
YBR283C,4203.435
YOR264W,79060.22
YJL060W,175.46715
YDR295C,2261.5564
YOL063C,2567.518
YNL278W,355.61072
YLR401C,2061.0942
YML103C,305.28107
YLR064W,1156.1776
YIR011C,279.43637
YLR071C,2674.7273
YMR147W,4630.1035
YML075C,24426.201
YOR037W,31600.459
YPR143W,42.00914
YML069W,6023.489
YHR068W,64.90448
YPR132W,12266.199
YBR122C,18801.506
YHR142W,33279.125
YCR042C,1742.7675
YDR475C,42.177795
YDL019C,721.6696
YGR078C,5696.447
YLR418C,4727.459
YAL034C,1118.2383
YOR368W,13072.4
YDR005C,10398.768
YIL118W,22350.623
YBL037W,3427.2178
YPR156C,21316.486
YDL081C,16648.205
YPR028W,16563.49
YBR289W,8710.26
YOR073W,443.99887
YFR047C,10252.743
YOR370C,6371.4585
YNL169C,1721.3109
YHR149C,11394.16
YGL068W,197.64883
YGR035C,18217.736
YPR174C,13656.6045
YCL026C-A,7387.7124
YHR160C,261.937
YPL155C,2834.0117
YML121W,9191.099
YGR211W,910.5301
YMR128W,3545.8152
YBR038W,4618.3325
YOR389W,578.71936
YHR121W,2143.3604
YNL272C,1569.9615
YBR001C,421.7093
YMR313C,728.07
YIL149C,237.18944
YGL171W,4166.8296
YLR298C,759.0952
YGL061C,21609.695
YDR308C,2702.4453
YHL011C,18614.012
YMR190C,515.7032
YHR096C,21531.629
YGL063W,343.44595
YGR085C,166.11673
YBR149W,10120.941
YDR207C,21045.678
YHR172W,18842.336
YOR046C,5158.21
YLR210W,1315.0618
YLR045C,3514.968
YLR150W,4558.4126
YGL227W,24.971983
YOR190W,1791.6615
YPR034W,275.4613
YGR221C,321.23233
YBR060C,3326.773
YDR055W,0
YGR210C,4105.9517
YPL215W,20394.045
YLR052W,11220.891
YCR040W,13683.227
YDL089W,10440.722
YER160C,1970.7754
YGL096W,5191.091
YAL034W-A,5512.017
YGL124C,9658.842
YNL334C,1809.8772
YOR372C,382.292
YHL032C,186.9901
YFR046C,3132.3403
YDR320C,229.7659
YDL219W,938.51483
YGR279C,107.771355
YPL277C,0
YDR150W,2705.5615
YDR289C,518.4584
YGL174W,349.58884
YHR208W,578.64087
YBR034C,18381.096
YPR188C,1506.7069
YLR346C,0
YOR075W,10440.475
YBL064C,513.5617
YNL187W,1149.555
YFL023W,2186.5457
YGL254W,5757.2563
YPL226W,17.199808
YPL048W,0
YDL154W,4356.6
YGL161C,10975.429
YGR187C,10101.628
YOL010W,10495.41
YDL066W,2487.205
YLR031W,58.666126
YGR120C,18798.459
YNL309W,1117.0698
YDR251W,441.27304
YNL004W,2327.1973
YHR118C,1595.1542
YOL130W,12225.851
YDR303C,6014.167
YER113C,4913.705
YMR315W,1328.5011
YHR058C,23869.836
YDR379W,659.66376
YNL103W,12429.39
YOL081W,556.0025
YDL189W,725.26465
YLR102C,1665.505
YLR426W,8168.036
YOR250C,1416.434
YNL208W,274.85385
YIL173W,4772.9824
YPL274W,5804.0044
YPL269W,407.98453
YER105C,4345.1045
YJL002C,29916.174
YGR163W,13034.611
YLR331C,1714.3785
YMR086W,20.71001
YPR144C,2042.574
YLR018C,1876.1245
YDL063C,897.556
YGR152C,1747.5516
YJR054W,751.42145
YPL219W,2128.163
YKR029C,1461.4858
YMR129W,2900.6125
YHR201C,433.47513
YBL001C,11747.931
YDL106C,2742.0605
YOR101W,10893.122
YEL077C,3813.0684
YLR128W,1895.2738
YOR090C,1164.4949
YGL078C,0
YML027W,2077.2473
YNL321W,12412.114
YGR003W,2800.6448
YKL195W,22667.963
YJL207C,29.812553
YMR239C,103.61911
YBR214W,263.023
YOR058C,567.17084
YDR123C,969.2683
YML036W,10891.289
YMR288W,710.0117
YBR099C,411.52762
YJL107C,10452.197
YBR278W,18224.693
YGL241W,465.3992
YJL110C,5866.885
YGR196C,2921.099
YNR071C,13345.877
YGL066W,2225.5728
YMR295C,3037.9456
YDR006C,32.32144
YKR090W,1849.6262
YNL222W,548.9399
YDR074W,5686.365
YHR148W,1100.9753
YJL100W,2594.0544
YPL011C,8077.6445
YER162C,10678.913
YBR254C,45657.684
YDR009W,119.29524
YGL150C,385.6643
YDR044W,10380.025
YOL127W,366.36584
YKL120W,6559.0693
YFL030W,1463.4501
YMR014W,911.9148
YLL003W,676.8907
YNR041C,2151.7808
YER057C,409.02084
YDL008W,349.04727
YFL007W,400.8776
YGR113W,32878.055
YJL030W,3257.3735
YCL052C,19426.693
YIL028W,144.56123
YOR285W,3761.236
YGR111W,938.8858
YOL131W,15709.01
YLR241W,45648.957
YEL043W,5762.367
YMR302C,394.93
YIL065C,6995.0054
YAL062W,846.2952
YNL035C,49.105953
YAL054C,1725.656
YJR021C,478.0194
YJL012C,26372.78
YLR211C,495.16934
YLR163C,951.6673
YKL043W,491.43756
YIL018W,10541.758
YER106W,145.01741
YDR399W,1764.6147
YNL160W,495.33374
YPL127C,50.53655
YOR141C,121.37574
YFR037C,22638.602
YEL068C,27187.75
YIL031W,2171.2805
YNL024C,464.5892
YNL233W,631.396
YKL168C,10782.547
YKL175W,3189.445
YJL102W,10100
YPR198W,5907.2095
YJL200C,0
YIL001W,0
YBR078W,0
YBR007C,0
YGR059W,418.30417
YDR172W,13811.411
YOR069W,7454.0454
YBL038W,32887.113
YER026C,4869.0444
YNL112W,3281.1936
YLR067C,11323.33
YAL014C,1202.2844
YJR010W,344.6039
YPL187W,436.72076
YJR113C,8345.2295
YCR004C,10149.717
YBR003W,5522.1587
YHR110W,1622.0146
YFL047W,2626.3176
YJL201W,10.160405
YDR118W,308.23978
YDR456W,37151.387
YDR428C,346.5354
YOR066W,1204.3907
YCR024C-A,9710.122
YKR086W,75366.39
YGR061C,152.19534
YAR002C-A,17082.207
YOR314W,15490.724
YOR018W,10252.081
YPL154C,11640.24
YKR077W,0
YDR093W,623.3902
YIL074C,9269.388
YDL098C,2221.0515
YPL003W,1768.1255
YER156C,708.7292
YKL007W,16686.904
YNL049C,2221.0352
YGL205W,211.87262
YHL022C,2604.119
YKL088W,4995.9126
YLR183C,539.55865
YKR105C,8848.91
YJR094C,605.9607
YIL048W,13239.199
YMR156C,520.08746
YOR032C,326.5973
YGR166W,12864.083
YIL160C,132.42079
YIL140W,6764.619
YDL090C,8511.584
YGR146C,1444.584
YCL009C,1512.0453
YHR100C,0
YBR287W,2074.4263
YER010C,10100
YGR082W,11473.214
YPR062W,0
YLR303W,0
YLR209C,0
YKL069W,0
YGR088W,0
YDR487C,0
YDL236W,0
YNL131W,9029.855
YLR177W,280.02136
YDR152W,1170.496
YGR009C,31576.6
YLR269C,3197.762
YLR254C,1662.4575
YMR112C,686.2495
YHR129C,15550.687
YER143W,1362.0378
YHR072W-A,12.429512
YJR058C,7479.5903
YDR173C,578.78436
YOR028C,18382.764
YPR042C,0
YGR256W,22.694681
YDL172C,5398.7705
YPL220W,4547.4907
YMR235C,22313.129
YOR184W,2566.6826
YBR207W,15030.534
YMR255W,2596.8843
YKR060W,741.64325
YOL093W,3804.539
YMR200W,1008.84766
YFL041W,9025.334
YCL046W,848.58624
YHL003C,18474.445
YBR066C,493.51462
YJL115W,3347.4648
YGL225W,7766.2617
YJL215C,703.34296
YOR006C,1261.6117
YOR076C,16570.934
YOR214C,10100
YOR313C,0
YLR231C,0
YKL039W,0
YIL041W,0
YFR057W,0
YCR050C,0
YNL077W,311.8098
YPR161C,3665.0234
YOR215C,479.62088
YML119W,1971.628
YDL054C,14943.769
YDR098C,895.12897
YHR115C,5348.7734
YDR300C,1188.923
YLR343W,3398.4321
YCR065W,489.28885
YNL285W,2534.543
YHR174W,15245.564
YJL010C,7362.287
YCL035C,756.24646
YLR051C,6286.3896
YIL047C,1151.4358
YPL018W,14098.12
YLR392C,725.3265
YKR089C,1994.0051
YMR269W,0
YER186C,0
YNL197C,0
YHR159W,10100
YMR197C,17633.617
YPL250C,0
YNL339C,0
YLR278C,0
YKR078W,0
YKL185W,0
YIR031C,0
YIL101C,0
YHL050C,0
YGL235W,0
YEL065W,0
YDR501W,0
YDR223W,0
YBL013W,0
YER124C,1300.5667
YNL144C,1288.6713
YCL045C,1288.6713
YPL222W,577.1895
YAR027W,122351.79
YOR056C,360.89795
YER174C,169.49556
YOR257W,1865.6017
YLR025W,16226.485
YJR086W,19175.527
YOR120W,0
YDL078C,0
YOR217W,18.817589
YAR042W,2967.723
YNL293W,262.93015
YKL216W,10.980059
YKL045W,957.7742
YCR081W,943.51215
YPL171C,0
YBL108W,0
YEL024W,0
YLR212C,8077.733
YJL176C,8786.521
YJL050W,726.8212
YGL250W,11733.795
YOR087W,361.6921
YOL028C,780.7364
YLR094C,9162.998
YDR183W,2193.8823
YOL111C,9625.43
YMR029C,44.67768
YDR273W,180.77858
YMR135C,59.933304
YFR011C,379.11014
YLR015W,3179.2542
YPL027W,221.57591
YGL252C,100.817535
YGR170W,1563.4484
YHR075C,247.22076
YNL227C,934.43677
YHL045W,6208.6294
YOR145C,2504.4888
YPL179W,2183.1506
YEL071W,23.790287
YGR128C,0
YMR294W,9926.626
YCR020C-A,9712.167
YBL089W,19913.834
YIL108W,537.8703
YMR318C,5.406148
YGL222C,2278.0063
YOL016C,3835.1472
YHR097C,218.9942
YNR065C,3136.064
YNL192W,2868.5024
YKR038C,167.98584
YNL281W,14195.752
YOR180C,940.5704
YJL149W,0
YOR035C,7586.6206
YKL155C,656.6757
YGL180W,805.34796
YPL195W,1204.9412
YIR033W,3839.1233
YML061C,10187.4375
YLR104W,2759.412
YPL094C,30463.562
YLR174W,225.54654
YDR116C,4494.5474
YNL225C,534.37665
YBR231C,15590.183
YIR017C,10446.435
YLL030C,486.8505
YBR162C,5715.437
YLR234W,231.2967
YGR295C,19976.54
YGL129C,28135.58
YNL258C,7950.6045
YGL170C,3176.8743
YOR322C,4840.496
YGL194C,214.75172
YIR012W,11311.262
YDR329C,3568.551
YIL097W,410.66095
YER157W,11084.229
YPR126C,15259.743
YMR263W,17864.86
YPL050C,6969.2075
YLR273C,2739.7769
YNL267W,1241.4357
YLR315W,4612.318
YMR266W,1527.4644
YKR022C,12188.635
YBR040W,102.03936
YPL128C,1704.4987
YDR485C,1068.0387
YLR369W,0
YGL023C,0
YJL019W,12987.543
YDL123W,4068.7312
YDR036C,15369.212
YNR008W,0
YIL037C,0
YPL202C,0
YHR182W,376.2681
YLR026C,24085.162
YGR068C,2765.9985
YNR037C,8009.854
YPL013C,8926.085
YHR024C,1.7336756
YOL018C,27157.553
YDR175C,7948.5156
YGR167W,439.4887
YDL086W,1958.762
YOR249C,1376.2249
YKL058W,6185.4004
YLR176C,2088.8374
YGL119W,188.38068
YJL222W,15190.878
YMR087W,493.45737
YNL234W,3519.427
YGR081C,1433.904
YDL003W,5297.185
YJR082C,51492.742
YHL025W,2585.7852
YLR239C,14075.015
YBR179C,229.13982
YMR224C,181.81891
YJL154C,4169.2295
YLR443W,31.122698
YGR034W,264.13864
YPL254W,220.61313
YKL064W,1088.2871
YGR174C,2515.0342
YLR083C,41783.06
YNL075W,1298.7479
YJL086C,1659.892
YKL020C,3447.647
YFR042W,3742.7024
YER063W,17825.584
YKR037C,6201.359
YLR108C,3972.6494
YCR061W,70213.336
YPL019C,3350.3271
YPL085W,1687.1206
YDL216C,2111.5024
YKR069W,277.7657
YNL066W,5598.8164
YGL043W,357.4825
YPL144W,2454.1448
YBR128C,2891.9773
YGL185C,1364.7871
YNR036C,0
YPL131W,10353.151
YCL050C,2274.6592
YLR136C,391.64075
YKL142W,13136.318
YER036C,23792.352
YPL234C,5721.8184
YOL044W,18923.398
YJR015W,6368.29
YIR042C,0
YDL209C,416.55524
YIL104C,3934.4985
YJL125C,20196
YJR140C,523.8056
YGR140W,2756.7969
YIL150C,3871.1035
YOL150C,2056.9014
YJL122W,112.11945
YDR425W,11848.05
YOR029W,754.8385
YDR423C,1368.1584
YAR035W,8598.535
YIL109C,7323.823
YDL240W,953.9644
YHR195W,19600.678
YLR003C,1438.876
YBL094C,4238.363
YLR039C,1513.5317
YIL042C,10253.915
YDL111C,1126.4132
YLR353W,976.67456
YOR100C,534.2068
YJL210W,5819.3735
YML025C,3719.8997
YHR144C,141.1561
YLR088W,4044.4656
YKL146W,29790.707
YGR289C,10958.033
YKL098W,474.1861
YNL134C,328.21603
YCR033W,1307.2723
YBR065C,2605.5605
YNL098C,1118.1171
YPR029C,2946.097
YDR180W,3782.8826
YKL190W,2489.282
YDR424C,278.80603
YGL236C,14293.201
YGL212W,33414.582
YGR261C,847.7027
YBR238C,10163.445
YCR096C,11874.565
YJL013C,739.9125
YLR389C,82.94764
YNL048W,7517.891
YKL109W,201.76312
YLR133W,5277.578
YPR105C,8405.821
YER140W,2116.8296
R0030W,0
YLL041C,323.6886
YLR037C,2412.971
YJL057C,4487.4155
YPR122W,7.4699945
YIL137C,382.27036
YDL084W,806.11096
YDR082W,1062.4904
YDL186W,915.1825
YFL062W,24659.938
YCR028C-A,541.3864
YBR293W,10679.003
YIR025W,800.8634
YPR036W,978.4809
YDR469W,4179.8896
YKL025C,5368.423
YNL253W,95.06466
YOR340C,129.98131
YML001W,15592.33
YDR457W,302.196
YPR033C,272.8826
YGR223C,505.83072
YGR205W,1574.3032
YNL125C,8893.969
YOR123C,5183.358
YJR108W,7722.3804
YDR276C,2286.4001
YIL060W,3520.9587
YFR014C,615.50354
YMR155W,3409.595
YKL196C,6691.649
YLL065W,5990.2
YBR057C,4342.6084
YBR298C,11939.0205
YBR074W,5067.6616
YHL019C,10323.128
YOL156W,13834.85
YJL089W,289.31207
YLR322W,10786.465
YMR209C,317.68002
YBR105C,269.61453
YGR294W,7268.5264
YMR323W,0
YGR281W,8872.798
YOR189W,3088.2336
YAL049C,33.841015
YPL138C,12818.879
YIL129C,7702.4873
YHR043C,116.183014
YDL072C,831.93463
YLL015W,7621.335
YPL009C,480.93402
YPR085C,10356.904
YHL044W,17181.4
YFL003C,734.47437
YBR047W,364.68097
YGL192W,574.0118
YHR180W,1495.9972
YOR054C,6452.1816
YIR016W,0
YCL005W,1154.542
YNL286W,0
YLL014W,0
YJL146W,0
YBR113W,0
YJR103W,911.6448
YPR101W,559.5213
YNL045W,437.19705
YLL061W,25453.133
YDR270W,10149.652
YNR013C,8081.4976
YPR052C,49.652134
YMR250W,575.70984
YDR268W,3481.425
YDL074C,15915.161
YHR117W,94.71547
YGL084C,14249.515
YOR033C,1304.4226
YNL021W,3339.8489
YNL005C,4061.32
YDL125C,438.8313
YBR236C,44.778183
YCL010C,396.59204
YLR274W,342.06827
YPR048W,5028.2144
YLR072W,901.76196
YOR373W,836.8594
YPL159C,963.5976
YOL003C,1446.6636
YOR379C,2193.3152
YPR070W,682.18066
YDL235C,46.249233
YOR298C-A,95.659935
YOR059C,13662.132
YDR319C,3877.059
YER084W,3546.1821
YPL020C,6303.6465
YMR065W,7296.5107
YMR144W,2241.9495
YPL146C,700.6266
YML038C,75527.25
YBR250W,2014.033
YHR057C,8150.1147
YDL232W,6594.401
YGR255C,601.53296
YLR090W,14833.442
YJL036W,1154.7887
YLR450W,2773.2568
YLL022C,638.7201
YGR056W,710.5199
YBR145W,1392.2766
YMR181C,6947.174
YLR056W,14578.41
YDR392W,142.2208
YFL028C,0
YOR140W,910.44604
YJR050W,11454.61
YPR168W,639.147
YLR092W,827.9706
YDL076C,6814.8677
YOR007C,20842.373
YMR293C,6327.4434
YJL091C,11794.037
YOL034W,2919.76
YNL073W,465.7707
YDR464W,299.78235
YDL135C,98.11384
YER182W,0
YDL206W,1875.7456
YNL202W,581.5107
YOL068C,3514.04
YHR209W,194.34523
YER149C,18546.576
YBR117C,1266.9235
YDR440W,157.94461
YEL061C,7542.3467
YGR032W,720.68744
YMR264W,13140.685
YBR058C,6477.9004
YDL191W,85.135284
YGL141W,69.62506
YGR263C,3015.4111
YAR064W,1207.0012
YER045C,7918.841
YOL142W,275.63678
YDR166C,232.445
YBL046W,209.19217
YGR089W,2511.248
YGR214W,339.7138
YIR037W,353.7
YML067C,3684.9175
YBR027C,1061.0742
YBL043W,1092.6302
YDL112W,1080.7137
YGL017W,0
YLR439W,3608.2305
YNR023W,1206.4922
YEL070W,1541.8489
YMR152W,2098.7378
YNR059W,531.27277
YLL049W,1650.6644
YPL247C,0
YMR280C,500.86368
YDR255C,64.103485
YNL210W,2731.823
YGL149W,858.78534
YHR103W,7199.8306
YLR305C,2342.2102
YJL222W-A,2930.9219
YOR023C,8603.179
YGL157W,2434.9937
YJR073C,167.55023
YML052W,77.66445
YLR011W,1288.6138
YNL082W,719.6928
YER028C,4020.2341
YDR326C,4765.3545
YJL024C,0
YHR123W,8319.839
YDR361C,881.6761
YDL233W,5386.804
YCR095C,11999.888
YNL266W,1267.5916
YGL085W,453.7022
YOR198C,3179.3467
YLR170C,108.16319
YOR062C,957.7426
YJR005W,4668.667
YPL166W,0
YNL063W,0
YDR517W,0
YPR135W,10354.814
YPL057C,3130.0564
YFR039C,82.0536
YOL138C,20.714388
YML117W,3190.362
YDR351W,2995.3445
YGL249W,248.41309
YMR031C,0
YDR051C,0
YLL032C,792.7885
YDR292C,2181.307
YPL157W,10168.132
YHL020C,428.97226
YLR200W,18175.861
YKL221W,20855.818
YLL051C,507.6233
YFR054C,2191.6882
YMR048W,9137.734
YOR154W,1217.1903
YER018C,401.58206
YJR060W,3063.231
YJL015C,871.41846
YFL005W,689.0831
YML100W,474.4488
YOL046C,2375.6423
YOR114W,6150.3135
YHR015W,472.96695
YHR005C-A,6278.0674
YDL217C,16266.941
YBR068C,3703.2253
YEL027W,2188.2466
YER131W,8616.85
YDR095C,285.0965
YMR187C,4240.1035
YDR527W,884.1408
YDL210W,17688.502
YPL105C,5671.894
YMR219W,0
YPR172W,7050.936
YIL084C,3242.6572
YJL048C,1226.064
YLR095C,344.37485
YBL092W,622.45996
YML116W,10717.482
YLR420W,244.8413
YDR438W,2535.2598
YHR130C,3982.5757
YGR047C,12948.475
YJR051W,0
YOR158W,4139.6733
YDR265W,5369.375
YKL099C,0
YMR221C,4276.951
YNL194C,6969.2637
YFR044C,23.83825
YBL061C,3279.328
YPL241C,2172.2012
YOR097C,5554.7085
YBR229C,583.5703
YDL166C,167.63158
YER139C,85.20175
YPL108W,0
YBR213W,293.6527
YCR041W,10239.491
YBR199W,2776.4165
YGR077C,188.17151
YML130C,3475.5286
YOR295W,0
YDR529C,2805.3108
YNL301C,3314.824
YGR153W,126.53055
YDR184C,2838.5237
YMR202W,1950.1588
YML059C,125.94378
YHR207C,421.09784
YMR064W,787.74207
YDR156W,2237.4253
YCR044C,641.1359
YFL012W,0
YPL046C,17.17242
YIL010W,1312.091
YMR111C,0
YML094C-A,0
YHR028C,0
YGR050C,0
YFL010W-A,0
YDR231C,0
YIL017C,0
YMR168C,726.3976
YHR051W,2514.5244
YLR329W,10397.394
YOR060C,1794.342
YOL151W,402.23648
YCR082W,4979.597
YPL233W,1363.6688
YMR184W,2498.6887
YJR023C,314.13806
YOR209C,10304.828
YBL084C,0.9668534
YGR191W,3009.982
YMR244W,1408.3613
YPR157W,2276.1433
YGL233W,1596.7859
YCL042W,0
YBL091C,0
YGR215W,2424.1594
YGR018C,5791.3423
YPL212C,607.71954
YIL013C,1812.8735
YCL061C,951.60046
YBL074C,55.069283
YDR160W,1512.8726
YNL173C,10109.819
YCR054C,149.96944
YHR085W,10100
YPL092W,6524.654
YMR258C,10613.053
YDR179C,2406.7837
YJL155C,6696.3794
YPR077C,203.55417
YMR154C,4442.0635
YCR038C,1011.13464
YLR323C,850.00836
YLR124W,2295.6543
YGR171C,0
YDR274C,0
YBL053W,1696.4113
YPL245W,237.46701
YGR231C,0
YHR214C-B,28.39138
YOR171C,6250.875
YOR008C,5870.2417
YPL119C,0
YNL264C,0
YMR237W,0
YMR207C,0
YLR126C,0
YLR120C,0
YMR043W,3859.134
YOR344C,4104.5386
YDL085W,478.54916
YDL058W,246.30078
YMR296C,5178.051
YGR004W,1805.7162
YFL021W,1815.7183
YLR359W,10384.019
YKL159C,166.81229
YPL270W,7846.3794
YDR043C,53.7013
YLR410W-B,0
YOL154W,774.07526
YGR033C,1715.2828
YEL020W-A,124.41723
YDR189W,1732.4246
YHR177W,874.77734
YOR211C,1250.4701
YNR054C,0
YPL229W,902.55756
YNR050C,8275.894
YIL126W,717.1555
YNL008C,4687.201
YBR216C,18.135468
YER089C,56.94604
YGR275W,226.11633
YDR102C,1915.7567
YNL242W,151.31075
YBR201W,3215.2761
YDL129W,606.74384
YGL058W,14992.281
YPR084W,932.82025
YPL008W,244.97984
YDR312W,102.43593
YFL034W,65.80385
YDL091C,348.27383
YPR112C,407.53677
YMR076C,30.804293
YPL064C,286.61792
YLR396C,454.79028
YGR071C,3090.5718
YPL118W,20719.05
YLL009C,1621.0009
YMR089C,1233.799
YPR046W,7631.329
YBR161W,5099.348
YIL162W,1352.8557
YHR122W,11144.072
YML012W,11663.187
YAL009W,3850.8977
YLR172C,1772.6626
YJL053W,5370.864
YIR038C,59608.355
YJR087W,317.39175
YGR269W,3227.9397
YML097C,12040.312
YDR269C,2550.6328
YLR265C,757.1207
YMR299C,11872.651
YOR213C,4580.41
YPL059W,6847.221
YCL017C,763.1127
YGR102C,200.52301
YLR119W,1672.8838
YNR006W,0
YHL026C,4862.1753
YEL016C,127.09166
YCR100C,1512.1927
YLR199C,62.3896
YFL026W,8274.488
YDL040C,422.88937
YGL071W,1641.7471
YDL046W,3531.771
YCR048W,266.10446
YBR107C,20594.588
YJL059W,3343.0498
YOR392W,288.72516
YIL092W,2697.099
YLL031C,10425.273
YOL089C,0
YNL238W,808.64514
YLR378C,9978.781
YGR271W,200.93854
YDR056C,2788.5464
YBL052C,1008.4169
YHR009C,1364.8428
YEL017W,36486.137
YJR048W,2757.9548
YHR007C,8297.453
YNL146W,464.4661
YDR021W,276.0785
YLR049C,805.10706
YDR121W,1372.4098
YFL048C,2574.9658
YBL059W,583.8201
YJR030C,7588.2
YLR098C,21865.982
YLR207W,4496.2007
YOL098C,124.66271
YBR091C,13014.229
YCL055W,4466.6387
YHR094C,2437.6262
YLR135W,1095.0522
YGL133W,2158.7424
YPL122C,10173.1
YKL206C,496.34232
YLR318W,1509.6901
YOR173W,300.8359
YHR001W,0
YBL029W,0
YPL207W,101.405334
YNL300W,3172.7986
YNL130C,12403.891
YHR215W,4984.857
YPR007C,0
YDL223C,0
YNL245C,0
YOR307C,2727.5583
YBR258C,0
YLR294C,9615.692
YPR185W,1275.8726
YHR003C,1358.1498
YKR092C,1629.7535
YER019C-A,716.39087
YJL219W,4878.297
YBR197C,1460.9247
YLR118C,6684.322
YNL251C,2151.1653
YAR066W,13011.577
YBR284W,10134.585
YAR030C,3861.564
YPR096C,7080.223
YGR175C,4078.2747
YLR151C,2077.3252
YNL041C,13620.681
YGL204C,1088.2031
YGR182C,4564.8257
YER073W,10347.857
YKL079W,1312.7075
YOR063W,1613.5363
YBR192W,1572.6608
YNL099C,841.0379
YOR323C,23.217508
YLR456W,11267.385
YKL075C,10597.164
YNL280C,1802.6819
YPL063W,4050.669
YDR373W,595.04395
YLR283W,1060.8229
YLR068W,1220.1989
YGL086W,345.58206
YDR520C,10754.13
YLR034C,4095.0486
YMR189W,153.45543
YBR067C,11294.696
YOR064C,2823.7976
YLR066W,1165.9474
YKL224C,1817.3214
YER066W,1543.3999
YBR044C,16267.093
YMR310C,1075.8856
YLR390W-A,862.67084
YKR083C,1244.8373
YKL119C,4751.963
YJR038C,862.5725
YHR031C,5.3951344
YKL160W,1494.5146
YLR363W-A,0
YJL145W,0
YHL016C,0
YER014W,0
YER096W,296.86966
YNL171C,14620.559
YJR119C,3958.241
YKL183W,11592.448
YML018C,5022.238
YNL105W,4974.0845
YCR059C,20198
YPR148C,20196
YHR211W,10100
YJL152W,774.421
YPR130C,0
YPR114W,0
YPL052W,0
YOL101C,0
YOL072W,0
YNL109W,0
YMR278W,0
YMR160W,0
YMR067C,0
YML013W,0
YLR379W,0
YLR333C,0
YLR205C,0
YKR087C,0
YKR040C,0
YKL138C,0
YKL111C,0
YKL076C,0
YJR123W,0
YJL192C,0
YIL096C,0
YHR049W,0
YHL033C,0
YGR064W,0
YGR042W,0
YGL217C,0
YGL069C,0
YGL045W,0
YER058W,0
YEL075C,0
YEL008W,0
YDR526C,0
YDR031W,0
YDL075W,0
YBR174C,0
YBR076W,0
YAL066W,0
YMR071C,1611.8823
YJL159W,13537.32
YOR194C,2203.969
YHL006C,11949.26
YGR243W,665.19214
YOR378W,10312.154
YPL265W,2126.3484
YDR046C,1146.8815
YDR016C,6271.0176
YNR033W,260.24985
YJL168C,6976.5723
YDL199C,3016.5293
YPR180W,22050.826
YDR042C,367.79767
YLR125W,22520.021
YKL179C,137.03842
YBL072C,13979.947
YER064C,11871.831
YAL064W,3880.9468
YIL005W,28560.28
YHR072W,276.72897
YJR049C,1636.3616
YOR275C,1498.1774
YIL093C,158.69922
YOL059W,447.0591
YCL038C,5277.398
YBR144C,1122.565
YCR046C,13891.057
YDR364C,13.449861
YCR007C,3707.8186
YNL196C,2164.3562
YER015W,236.2626
YNR022C,31.660606
YKR052C,2550.9683
YGR139W,2049.7222
YML053C,0
YIL009W,1189.5786
YMR231W,229.48874
YJL056C,340.31326
YNL255C,313.28726
YOR239W,11388.008
YJL006C,0
YHL017W,3633.945
YAL045C,684.1704
YBR295W,3020.5298
YDL207W,370.71808
YBR139W,922.35474
YCR016W,10438.494
YJL214W,2707.4138
YGR141W,1257.2711
YPL109C,1232.3451
YIL117C,4658.8516
YLR221C,341.9522
YLR270W,113.31903
YGL128C,13.165024
YLR266C,0
YEL064C,3399.8418
YOL019W,278.89624
YER119C,11263.288
YDL012C,26051.61
YDR479C,12389.597
YOR289W,1163.2881
YJL174W,622.46454
YLR007W,63.193962
YOR311C,17504.584
YJL065C,9430.909
YKL006C-A,2269.0146
YGL030W,924.3259
YPR094W,1053.5442
YML072C,276.8458
YKL052C,2770.4153
YDL036C,506.0441
YDL044C,3241.0723
YHR090C,449.25104
YER144C,4625.7725
YMR277W,65.26289
YIL055C,357.81168
YGR084C,13136.262
YDR218C,0
YJL134W,1055.2112
YDR132C,160.28052
YLR441C,97.85763
YER168C,261.76886
YML035C,556.4066
YLR021W,402.28186
YBR302C,30013.697
YGL042C,4421.8467
YJR149W,0
YJR047C,0
YJL118W,0
YGR217W,0
YDR291W,0
YCR101C,4105.119
YPR163C,13625.565
YJL172W,1857.272
YBR061C,65704.72
YDR024W,0
YFR022W,579.37305
YKL177W,3734.1003
YAL025C,10107.832
YLR461W,20121.8
YER159C,10100
YOR164C,3732.471
YMR176W,0
YFR006W,0
YBL044W,800.0741
YIR014W,1253.3323
YOR175C,0
YOL002C,0
YML131W,0
YLR112W,0
YLL054C,0
YKR032W,0
YIR021W,0
YGR114C,0
YGR110W,0
YGR031W,0
YGL018C,0
YDL037C,0
YBR177C,0
YBR109W-A,0
YKR099W,10715.39
YLR422W,283.8146
YLR330W,0
YKR061W,0
YHR079C,1528.1614
YMR009W,3567.9546
YPL045W,1016.3235
YOR161C,5777.232
YLR326W,507.6272
YMR300C,762.52466
YOL106W,1165.7637
YJR016C,0
YLR357W,838.6724
YPL191C,0
YOR150W,3786.6064
YER092W,1505.6521
YDR468C,11855.1045
YHR012W,390.24945
YJL184W,1782.1031
YMR127C,1622.1881
YPL060W,262.0403
YML029W,520.06885
YPR194C,4126.581
YJR025C,1252.8353
YLR202C,1078.3328
YGR150C,195.40062
YPL113C,0
YDL215C,250.27133
YGL028C,116.872604
YNL289W,0
YJL181W,0
YHR071W,0
YJR146W,5311.3335
YOR084W,49.223907
YNL237W,6451.27
YNL190W,0
YNL158W,0
YLR290C,0
YLR252W,0
YLR050C,0
YKL163W,0
YKL107W,0
YKL044W,0
YKL024C,0
YJR157W,0
YHR175W,0
YGL168W,0
YBR124W,0
YOR371C,469.00537
YMR316W,279.11823
YKL176C,98.780334
YLR004C,57.5107
YNL204C,2235.7502
YGR016W,223.27072
YOR051C,0
YGL050W,0
YDL022W,0
YCR098C,5983.315
YLL033W,3446.764
YOR106W,3136.6282
YPR173C,14935.816
YLR287C,416.3444
YGR017W,158.85858
YPR136C,1162.5267
YFR055W,1162.5267
YAL053W,13535.371
YPR078C,1800.195
YDR078C,3122.8044
YIR008C,1351.2996
YER011W,1946.9724
YMR025W,11435.537
YPL231W,28.735832
YNL314W,152.4353
YDR233C,2693.6538
YDR508C,15738.221
YOR243C,10181.066
YNL167C,108.137314
YJL079C,1447.855
YBR186W,2057.019
YGR075C,4.0711923
YFL004W,10153.741
YOR385W,0
YMR171C,0
YKR018C,0
YIR022W,1973.8389
YGL025C,990.9756
YMR039C,2113.027
YPR201W,13609.322
YJL023C,8.186856
YNL329C,12466.958
YPL065W,0
YJL083W,799.30066
YHL014C,31.790037
YMR206W,1318.8656
YOR147W,923.4194
YBR243C,2258.729
YBR286W,3358.0176
YDR177W,553.16504
YAR028W,8204.27
YEL054C,8613.347
YIR040C,1965.8243
YOR346W,0
YMR044W,0
YLR213C,0
YLR017W,0
YBL063W,0
YBL040C,586.1675
YDR357C,2216.729
YDR408C,2002.5187
YDR088C,20931.035
YOR263C,1707.957
YIL169C,374.2646
YDR106W,105.627144
YDR310C,3103.684
YPL040C,26.028748
YNL091W,4871.9043
YBR296C,20210.396
YPL133C,198.4607
YHR204W,1031.8134
YDR040C,1699.285
YER145C,11430.27
YGR063C,111.918144
YER067W,158.25476
YJL108C,2553.3606
YPR133C,207.47942
YLR178C,12.711646
YHL010C,569.0356
YNL279W,2217.681
YPL170W,153.59174
YFR029W,0
YHR187W,12888.849
YNL054W,479.1862
YMR233W,276.08804
YPL156C,495.01782
YMR179W,1660.4502
YGR198W,145.06691
YHR034C,10611.027
YPR011C,403.39563
YGL143C,56.81792
YER104W,869.9277
YOL065C,1157.6967
YOR074C,353.03806
YIR018W,10680.645
YDR503C,1846.1368
YHR087W,246.05338
YMR238W,12113.713
YCR107W,2129.3342
YHR059W,2430.0347
YLR451W,156.6173
YNR040W,1150.0251
YFL049W,10867.885
YMR257C,5102.1714
YKL092C,1271.4276
YIL145C,4142.8145
YHR214W-A,0
YPR179C,637.08167
YMR193W,4288.6826
YPL029W,38.178783
YKR039W,131.60599
YLR455W,0
YBR242W,388.68372
YOR049C,6062.296
YHL043W,305.09286
YKL209C,3182.1665
YAL055W,4027.0952
YMR142C,117.711784
YDR104C,0
YKR066C,9070.078
YOR320C,0
YOR102W,1071.3289
YJR041C,0
YHL038C,0
YFR032C,0
YKR020W,1601.8037
YOL144W,431.53622
YDR322W,1532.6224
YNR043W,0
YLR261C,75.4816
YAL004W,97.84508
YOL097C,0
YLR143W,820.04364
YOL020W,7035.6025
YPL098C,0
YLR411W,9555.221
YKR100C,894.0463
YKL125W,133.50449
YML011C,11968.098
YGR100W,419.68506
YOL031C,10100
YPR056W,310.94135
YDL056W,375.59708
YOL140W,0
YNL050C,0
YGL117W,0
YDR135C,0
YNR074C,1492.1746
YOR010C,10124.153
YLL067W-A,83.52834
YCR021C,8236.058
YPL053C,2367.571
YPL216W,0
YLR336C,0
YDR236C,0
YOR038C,175.94876
YBL078C,2195.6409
YLR152C,0
YBL100W-A,23988.148
YMR002W,777.3192
YHR074W,126.63217
YPL260W,128.4622
YMR279C,10553.807
YPL190C,1311.0035
YJL204C,0
YGL186C,0
YBR097W,307.26053
YIL039W,136.36272
YDL045C,1459.7198
YDR045C,349.38577
YJL029C,223.02663
YDR159W,327.9111
YBR233W,1107.4082
YER005W,3154.2112
YOR112W,1624.4921
YIL071C,808.6031
YCR028C,1001.70764
YER030W,0
YJL062W,477.17862
YMR096W,2081.1204
YGR179C,2246.1736
YPL077C,2513.6013
YBR182C,0
YGL005C,788.0576
YOR121C,2200.7754
YML105C,1883.2565
YKL194C,340.555
YGL146C,21.094395
YNL327W,0
YDR178W,3686.1729
YIL114C,378.27292
YLL004W,938.1804
YMR298W,1008.3938
YDL088C,331.0006
YGR151C,3942.853
YHL049C,3165.268
YML031W,3500.3208
YGR222W,17776.111
YLR312C,20196
YLR077W,10100
YLR434C,10100
YJR136C,10100
YOR286W,0
YOR251C,0
YOL146W,0
YNR061C,0
YNL319W,0
YMR157C,0
YJR079W,0
YBR301W,0
YBR273C,0
YBR008C,0
YAR033W,382.5017
YPR162C,194.40503
YIL023C,2360.0012
YDR169C,97.200455
YCR052W,687.91486
YKR062W,622.5002
YLR032W,0
YDR452W,4403.4155
YPR005C,0
YKR072C,0
YLR256W-A,0
YNR027W,0
YLR030W,1105.3019
YEL018W,273.21695
YHR077C,2782.782
YGR189C,1290.1276
YER098W,0
YPL208W,333.04544
YJL179W,960.46356
YPL066W,236.76262
YPL238C,0
YDR368W,172.90843
YPL120W,1803.1053
YKR034W,2548.2974
YOR053W,146.50903
YKR050W,2711.1323
YBR012W-B,1522.1984
YER083C,1423.3004
YJL137C,212.22868
YGR209C,188.9188
YBL067C,157.9292
YOR045W,5329.051
YJL135W,505.66003
YBL102W,16014.961
YBR240C,682.144
YHR190W,2780.765
YEL011W,1333.1376
YIL120W,20960.584
YEL042W,12111.765
YLR344W,451.34854
YJL209W,0
YDL069C,0
YLL043W,2091.316
YJR043C,4573.18
YJR162C,1579.2507
YDR433W,260.28442
YDR483W,874.543
YGR160W,1290.2355
YNL095C,313.43164
YOR031W,127.41301
YDR107C,2446.9282
YKL050C,4437.3154
YMR090W,301.0762
YDR505C,497.90125
YDR105C,368.236
YBR146W,282.17902
YHR136C,34.46609
YDR534C,128.26312
YIL002C,348.5027
YDR524C,267.81964
YJR148W,677.06683
YNL038W,0
YPL112C,136.92453
YMR042W,1093.2167
YBR042C,391.51273
YKL124W,0
YPL091W,65.926544
YKL165C,45.83021
YGR200C,9943.004
YDL131W,0
YNL231C,330.79877
YAL061W,0
YJL078C,750.67114
YFL060C,1387.2279
YMR017W,3469.0732
YGL055W,10269.242
YER071C,25511.893
YER051W,1057.4581
YIL110W,818.7361
YOL011W,2365.2437
YLR138W,2464.7268
YIL051C,8465.657
YIR039C,10373.199
YMR180C,222.43448
YPL100W,0
YOR013W,0
YIL082W-A,0
YGR131W,0
YBR053C,0
YLL006W,6287.65
YAL026C,415.31384
YMR091C,76.4791
YHR081W,421.3528
YOL061W,34782.523
YML104C,10448.872
YIL151C,1691.5336
YAL067C,923.6896
YLR227C,341.90906
YDL173W,127.90385
YER004W,27.30522
YDR007W,3358.6802
YMR212C,452.93707
YPL205C,492.65527
YDR455C,23327.637
YHR039C,197.07585
YIL088C,16.901999
YLR075W,333.41956
YDR170W-A,173.60953
YBR141C,2696.6265
YBR172C,729.36597
YGL145W,6163.271
YIL141W,3028.0105
YHR105W,2872.7683
YGL162W,261.87006
YOL073C,2317.0557
YNR042W,1077.26
YML106W,0
YCL033C,0
YOL107W,10890.108
YBR123C,21828.53
YNL159C,1050.6858
YMR195W,345.63168
YPR149W,0
YPR134W,0
YOR387C,0
YOR318C,0
YOR300W,0
YOR258W,0
YOR246C,0
YOR222W,0
YKR073C,0
YIL044C,0
YGR293C,0
YGL110C,0
YGL039W,0
YDR531W,0
YDR512C,0
YDR012W,0
YDL168W,0
YBR241C,0
YBR168W,0
YAL060W,0
YJL045W,402.44406
YOR124C,77.848915
YOR202W,0
YMR261C,0
YMR140W,1110.4172
YMR083W,627.7949
YDL118W,2550.8652
YGR038W,801.88165
YKL141W,4913.7197
YOL052C,0
YJR069C,369.43744
YPR097W,0
YNL065W,0
YDR545W,0
YDL027C,0
YLR398C,167.2742
YJR084W,5.415996
YOR359W,261.70917
YIR035C,343.54395
YGL022W,2308.7622
YOR108W,1166.9702
YBR063C,0
YDR390C,503.56128
YML021C,0
YIL059C,397.72495
YGL054C,3157.8796
YGR225W,221.57579
YPR176C,726.08093
YNR005C,150.89143
YMR165C,151.22562
YBR188C,2475.1138
YDL020C,0
YOL067C,0
YJL063C,10868.658
YIL111W,5622.624
YLR010C,0
YFL066C,0
YOL017W,295.36392
YDL082W,0
YDR462W,354.71915
YOR129C,0
YNR067C,0
YMR247C,0
YLR361C,0
YKL040C,0
YDR242W,0
YBR255W,0
YER099C,1624.3705
YBR265W,10257.568
YLR226W,3870.5652
YFR026C,346.80908
YJR074W,0
YJR011C,82.97152
YOR283W,0
YPL104W,0
YLR203C,131.44261
YLL002W,1207.0682
YOR172W,101.47297
YOL043C,635.47327
YGL053W,8601.641
YNL028W,348.1097
YCL069W,1654.5607
YGR246C,1037.8864
YFR043C,1895.6105
YGL014W,566.61664
YGR199W,813.8604
YMR163C,394.0877
YPL201C,4.5917215
YLR465C,864.0218
YOL030W,51255.188
YDR084C,17953.955
YNL261W,169.40324
YNR068C,808.476
YJL190C,261.09314
YGR122W,1056.5884
YPR057W,0
YPR035W,0
YMR251W,0
YIR032C,0
YIL177C,0
YER048C,327.85498
YHR206W,913.61835
YHR145C,44.131115
YMR177W,0
YER166W,678.1549
YJL197W,0
YDL202W,266.40427
YDL198C,376.5794
YJL156C,0
YKL192C,10977.194
YAL022C,4253.807
YML093W,0
YJL067W,474.55548
YGR257C,10100
YHR143W,0
YDL073W,0
YMR204C,488.06354
YPR079W,12476.835
YPL086C,2807.9219
YKR088C,4523.996
YMR004W,5402.288
YJR006W,6456.863
YIL135C,10100
YPL024W,163.4355
YBR173C,1602.9423
YHL021C,21733.305
YFL040W,22099.213
YDR410C,896.6278
YJR001W,4193.373
YNL304W,310.08694
YNL292W,478.6584
YLR158C,10930.984
YLR301W,1170.4215
YJL099W,733.3377
YHR132C,400.95944
YJR024C,0
YDR489W,21884.795
YJR102C,3969.461
YJL166W,1663.568
YOL147C,977.61816
YGL027C,20196
YGL073W,507.0778
YJR126C,324.46497
YOL085C,0
YDR332W,10100
YDL176W,0
YPR006C,0
YKR005C,0
YKL164C,0
YKL106W,0
YDR305C,0
YDL241W,0
YDL221W,0
YML023C,335.07556
YNL273W,825.23254
YDR445C,2328.0117
YML014W,1234.1198
YOL143C,1422.5394
YPR071W,290.2311
YGR165W,591.1817
YLR141W,687.58966
YMR018W,183.43124
YNL328C,1233.6913
YMR033W,48.585606
YGR290W,688.63763
YDR068W,859.01794
YDR198C,0
YML110C,0
YJL114W,0
YPR001W,0
YGL065C,0
YOR266W,21204.754
YEL005C,11773.453
YLR063W,10100
YLR460C,2555.0256
YGL010W,3604.5996
YOR293W,0
YMR230W,0
YLR087C,0
YJL198W,0
YGL072C,0
YER055C,0
YDR096W,0
YDL159W-A,0
YAL063C-A,0
YPR118W,0
YOL050C,0
YOL008W,0
YNL324W,0
YNL205C,0
YNL009W,0
YMR141C,0
YML079W,0
YLR168C,0
YJR154W,0
YJR120W,0
YJR100C,0
YJL225C,0
YIR036C,0
YIL157C,0
YIL032C,0
YIL020C,0
YHR138C,0
YHR127W,0
YGR148C,0
YGL047W,0
YDR530C,0
YDL077C,604.7048
YNR039C,2104.3647
YPL228W,0
YLR358C,16115.458
YER013W,2406.4897
YBR235W,451.76294
YGL095C,1184.3126
YGR237C,451.2285
YNL164C,391.17703
YNL097C,1076.4811
YNL284C-B,0
YMR045C,0
YKL147C,0
YGR161C-D,0
YFL063W,0
YBL005W-B,0
YAR068W,0
YAL069W,0
YMR265C,339.058
YLR073C,204.65186
YJL123C,0
YKR075C,0
YOR146W,0
YOR262W,0
YBL024W,929.1578
YER087W,295.72974
YCR063W,334.48782
YHR047C,0
YBL082C,0
YJR014W,1764.9316
YHR040W,259.68484
YDR072C,308.8335
YNR066C,2529.7192
YDR196C,181.25342
YBL071C,713.2805
YMR072W,557.4409
YNL291C,486.29242
YBL042C,354.24835
YCL023C,312.20947
YPL224C,384.55267
YKR106W,1559.4192
YGL223C,1353.4745
YMR019W,133.47568
YCR011C,3983.573
YNL062C,0
YPL056C,0
YML120C,0
YLL060C,0
YBL031W,0
YJL071W,4382.1743
YOL014W,3493.3308
YIL130W,44.06067
YMR227C,0
YLL020C,2312.4412
YDR345C,753.40704
YNR009W,569.682
YPL047W,0
YBR111W-A,0
YBR052C,0
YPR160C-A,0
YMR103C,0
YKR049C,0
YKR023W,0
YKL202W,0
YKL105C,0
YEL022W,32.64809
YAL038W,1127.2001
YBR024W,10379.266
YER154W,18637.666
YDR136C,622.2058
YOR079C,3770.7034
YPL051W,14318.905
YDR532C,5502.096
YDR314C,277.5566
YGR207C,545.2966
YJR099W,2098.1787
YOR067C,551.4733
YKL038W,0
YDR079W,940.13983
YIR004W,336.03625
YGR073C,299.37836
YGL210W,638.83923
YJL075C,101.303635
YOL116W,162.21774
YKL174C,1581.7251
YBL095W,622.68506
YEL041W,2767.0596
YAL056W,0
YER044C,2739.2842
YER180C,129.70703
YPL096W,10100
YLR242C,2302.486
YMR057C,0
YFL050C,1369.5498
YHR154W,0
YPL189W,3702.1138
YHR002W,0
YLR214W,8489.179
YBR086C,995.28436
YOR312C,10279.726
YHL008C,76.12598
YMR088C,382.12717
YLR121C,970.57605
YML019W,4814.311
YKL017C,85.00482
YOR241W,0
YKR009C,0
YER056C,1118.6289
YDR181C,40.684456
YNR028W,3558.704
YJL185C,552.6641
YNL295W,0
YER183C,0
YOR085W,2155.3806
YDR137W,0
YNL213C,0
YNL040W,0
YOR298W,0
YDR296W,942.2345
YBR230C,749.04706
YDR115W,6631.9873
YGL009C,38.52034
YOR333C,0
YJL189W,0
YNR075W,20408.242
YMR271C,9767.204
YNL011C,0
YMR008C,0
YGL138C,0
YKR064W,0
YIL057C,211.38295
YOR331C,127.81549
YER019W,3496.1255
YOL042W,312.22903
YMR203W,578.49207
YKL063C,1135.5427
YGR129W,0
YMR322C,193.51405
YDR506C,1187.7018
YPL002C,2490.0366
YOL109W,921.3817
YMR038C,408.41354
YOR219C,0
YIL029C,0
YKL134C,1550.5737
YMR243C,5079.0283
YJR034W,0
YGR046W,0
YFR033C,0
YOL129W,2352.1682
YHL001W,0
YDL128W,10379.564
YNL126W,1053.2795
YPL025C,0
YNR072W,1215.5178
YHR042W,4312.239
YKL089W,720.4435
YJR028W,0
YJR027W,0
YMR131C,186.59447
YGL251C,112.30093
YFL025C,500.02118
YPL034W,20198
YNL133C,0
YNL072W,0
YLR251W,0
YLR110C,0
YDR144C,0
YBR215W,0
YAR071W,0
YEL031W,1307.8812
YKR093W,1656.0913
YIL014W,0
YKL004W,2458.4846
YLR166C,864.0335
YIL025C,10753.816
YPR066W,921.93097
YPR083W,0
YNL282W,13969.231
YER038C,1360.8838
YOR138C,71.84398
YCL016C,10732.807
YOR113W,0
YOL024W,0
YLR149C,0
YGR021W,0
YDR213W,0
YNL121C,10881.896
YMR118C,10100
YAL042W,588.7303
YOR336W,0
YOR334W,0
YOR143C,0
YOR072W,0
YOL022C,0
YNR024W,0
YNL235C,0
YNL211C,0
YMR114C,0
YML082W,0
YKL051W,0
YJL142C,0
YHR116W,0
YHL005C,0
YFR038W,0
YEL012W,0
YBL065W,0
YGL187C,1643.0677
YBR158W,812.4429
YPR014C,0
YKR080W,0
YIL139C,0
YDR376W,324.64148
YMR035W,208.7812
YGR062C,0
YOL015W,1095.5194
YJR143C,240.04662
YDR498C,63.1389
YJL016W,1117.1913
YOR327C,31363.566
YLR327C,1071.3408
YDL035C,460.5989
YDR026C,523.69135
YHR168W,1802.7985
YDR108W,664.29144
YOR099W,842.4073
YPL177C,0
YPL188W,0
YOR384W,0
YIL052C,0
YDR511W,0
YOR115C,811.4666
YGL263W,1721.4578
YOR377W,643.9261
YPL095C,506.6165
YGL006W,287.1974
YMR292W,42.449394
YGL093W,0
YLR332W,384.84024
YCR039C,0
YCL044C,0
YJR161C,1.3995762
YPL272C,0
YAL048C,0
YOR082C,786.15314
YHR147C,358.39648
YNL087W,0
YLL038C,98.42033
YPR155C,506.70074
YGL029W,0
YIL011W,0
YBR116C,275.87268
YNL252C,10572.407
YDR237W,193.67346
YNL306W,0
YNL137C,0
YDR347W,0
YDR041W,0
YNL141W,1056.4717
YGL154C,1623.0475
YDR363W,10100
YDR061W,75.39133
YKL036C,479.55542
YBL080C,2403.2036
YNL188W,167.636
YLR093C,2823.0593
YJR075W,12097.971
YDR133C,482.24533
YKL028W,5091.2505
YOR134W,0
YMR317W,0
YKR031C,147.38243
YER189W,0
YDR315C,2249.3042
YLR365W,0
YLR240W,804.3788
YDR120C,950.35486
YJR031C,115.76058
YLR285W,10378.943
YOL095C,159.36772
YDR140W,1003.58887
YEL036C,18324.602
YML108W,6361.8364
YDR415C,10296.347
YMR075W,20937.934
YLR381W,430.3022
YOL152W,1157.2906
YHR167W,342.72504
YNR055C,237.30951
YHR046C,0
YDR350C,144.27917
YPR037C,209.98705
YGL259W,8971.209
YOR103C,10104.997
YGL226C-A,4.9973326
YPL090C,0
YCR024C,0
YJL072C,1346.1205
YGR079W,10150.571
YOR025W,0
YKR063C,0
YNL224C,0
YML127W,10141.449
YHR050W,904.5865
YER053C,854.20624
YKR068C,6651.643
YLR311C,672.014
YNL096C,1167.9188
YLR146C,6.3995123
YNL276C,0
YNL163C,0
YMR305C,821.9849
YMR282C,0
YIR024C,588.9211
YNL074C,0
YNL185C,876.1439
YDR252W,8695.419
YLR076C,0
YGL165C,0
YGR276C,889.14325
YGR041W,17715.541
YMR095C,0
YNL277W-A,0
YLR410W,0
YLR142W,0
YDR208W,0
YLR198C,90.74014
YOR271C,10100
YLR080W,2040.807
YPL097W,0
YOL066C,0
YLR201C,0
YKL208W,0
YGR291C,0
YGR053C,0
YER076C,0
YDL158C,0
YBR209W,0
YBL020W,0
YMR011W,3.1566257
YGL169W,502.33917
YPR189W,178.26389
YPR129W,0
YGL052W,0
YMR211W,2368.7402
YKL133C,0
YBL054W,0
YJR101W,0
YBL090W,0
YJL070C,40836.12
YML114C,8.751568
YDL001W,2755.85
YNL277W,503.755
YOR070C,109.84489
YBR180W,527.45233
YIL077C,192.63417
YDL115C,0
YKL122C,0
YDL092W,0
YNL136W,0
YGR124W,897.5914
Q0050,0
YBR064W,150.44919
YOR390W,0
YPL243W,0
YPL210C,0
YPL114W,10100
YGL057C,267.51202
YPL102C,0
YOR009W,0
YGL125W,0
YGL147C,0
YNL029C,162.29515
YPR045C,309.3973
YDR063W,1040.227
YMR225C,24.092472
YML009C,24.092472
YCR071C,24.092472
YKL090W,458.0542
YPL145C,0
YJL186W,0
YHR083W,77.11055
YCR037C,0
YGR072W,13560.941
YIR010W,209.63025
YDR367W,42.51108
YMR218C,338.48993
YDR407C,338.48993
YOL136C,0
YNR051C,1832.3243
YBR282W,94.062675
YFL053W,0
YML101C,266.48883
YGR185C,137.61609
YML133C,744.5548
YMR274C,0
YER060W-A,0
YMR053C,448.71814
YDR111C,261.13922
YDL121C,318.8265
YEL049W,243.3989
YDL133W,682.638
YPR137C-A,0
YLL037W,78.693146
YGR065C,0
YDR446W,0
YGR105W,10100
YNL153C,723.12384
YLR033W,0
YKL137W,10685.671
YPL252C,0
YOL159C,0
YGL020C,0
YDR513W,0
YDR431W,0
YDR304C,0
YKL077W,0
YKR071C,0
YJR098C,0
YNL191W,63.56239
YHR056C,10227.094
YNL119W,0
YCR067C,264.67862
YOL112W,0
YOR162C,0
YJL032W,0
YER184C,0
YEL038W,0
YJR080C,150.39232
YNR026C,0
YLL056C,0
YPL121C,0
YGR224W,826.92804
YDL162C,490.72565
YIL009C-A,168.53702
YNL036W,1152.021
YDR050C,0
YNL018C,1292.3002
YBR220C,0
YBR219C,0
YBR185C,0
YAR047C,0
YOR040W,120.03658
YLR390W,57.910915
YBR021W,364.5043
YPL075W,37.609425
YKL201C,10494.389
YDL093W,1094.5887
YOR096W,822.5227
YPR051W,2057.271
YGR121C,1290.6215
YPL232W,556.3395
YLR228C,0
YNL003C,1406.404
YPL087W,0
YMR183C,581.42053
YOR225W,0
YOR393W,0
YHR045W,0
YBR134W,0
YOR092W,685.5627
YBR006W,77.25483
YLR281C,0
YJR122W,0
YBR291C,370.24307
YKL170W,0
YKL072W,831.5422
YLR428C,0
YNL070W,1285.2114
YMR188C,0
YGL001C,364.50595
YLR440C,1952.3484
YPR152C,10710.9
YGR242W,360.93924
YLR132C,0
YNL275W,125.35626
YGL012W,0
YIL054W,0
YGR169C,89.51374
YFL031W,0
YCR068W,622.8481
YLR053C,2045.7719
YBL014C,1021.9733
YBR167C,27274.326
YLR338W,175.95776
YPL136W,76.685135
YHL039W,0
YHR134W,1239.1179
YLR312W-A,0
YGL113W,263.96735
YFL056C,81.61426
YDL071C,8012.0015
YMR031W-A,0
YDL119C,0
YLR218C,0
YDL110C,7118.169
YBR156C,0
YMR123W,0
YNL217W,4381.075
YML125C,10100
YKL086W,895.57874
YJL211C,0
YJL178C,0
YDR459C,1893.2622
YPL253C,998.9103
YFL027C,239.73
YJL129C,25.851135
YGR236C,38.938072
YKL153W,195.85559
YJR124C,0
YGL167C,0
YEL004W,0
YJL170C,2723.6306
YOR381W,190.66501
YJL182C,0
YER181C,0
YER109C,0
YDR340W,0
YDR286C,0
YDR067C,0
YDL183C,0
YBR157C,0
YBR089W,0
YMR079W,76.543144
YNR070W,1535.9563
YDL041W,523.2615
YOL075C,27408.494
YGR181W,463.7941
YNR056C,141.58272
YHR048W,703.59235
YPR113W,62.49033
YGL015C,0
YOR142W-A,10457.502
YDR070C,114.491554
YAL033W,1038.5897
YOR245C,10623.799
YLR376C,559.81415
YPR076W,0
YPR075C,0
YDL016C,0
YGL094C,40.257053
YOR048C,28.621086
YKR079C,956.569
YJL222W-B,0
YBR004C,0
YHR004C,48.996807
YMR158W,0
YER037W,0
YDR542W,165.19632
YMR020W,1447.0112
YLR437C,80.40894
YDL243C,0
YJL064W,1856.3398
YJR020W,648.6547
YGR069W,49.962845
YML030W,0
YIL152W,81.614494
YLR185W,0
YHL047C,0
YBR023C,795.77606
YMR173W,375.16223
YER088C,10.078448
YHR036W,0
YNR046W,11015.736
YAL013W,239.45477
YDR186C,0
YLR220W,724.04816
YML037C,0
YJR097W,0
YIL024C,0
YJR152W,31.153444
YIL072W,0
YLR297W,778.164
YJL120W,0
YJR158W,0
YKL178C,143.61766
YCR010C,1938.4543
YGL077C,0
YBR043C,10192.849
YOL105C,575.1799
YLR014C,10795.16
YPL147W,189.22186
YAR023C,373.83893
YNL129W,0
YCL056C,20424.23
YML071C,0
YGR194C,0
YML077W,459.9259
YGR057C,4125.785
YPL005W,128.89415
YNL226W,0
YDL011C,28.267492
YMR306W,331.73608
YOR348C,13897.877
YDL201W,0
YMR110C,0
YPR065W,177.8082
YPL175W,1843.8424
YDR245W,5098.7603
YML094W,539.7156
YJL112W,71.550896
YJL139C,0
YLR363C,0
YPR102C,0
YNL326C,988.9839
YIL040W,86.6673
YML129C,566.94904
YML054C,0
YIL006W,299.90445
YDL067C,10762.886
YIL049W,1228.9084
YOL064C,243.29892
YOR282W,0
YLR459W,104.76697
YPL107W,0
YLR057W,0
YLR028C,0
YEL006W,0
YDR317W,0
YBL097W,0
YDL094C,1240.5222
YMR077C,1594.4724
YOR011W,0
YNL165W,0
YJL202C,0
YMR182C,1082.8473
YDR281C,0
YGR138C,0
YOR383C,0
YLR060W,0
YDR284C,1076.755
YJR116W,343.18988
YGL258W,0
YER170W,0
YER121W,0
YEL074W,0
YEL057C,0
YDR290W,0
YCL049C,0
YBR262C,0
YBR261C,0
YOL032W,0
YLR130C,0
YER101C,0
YNL178W,194.35191
YLL062C,173.52176
YJL025W,246.27614
YLR189C,27.47127
YKR085C,27.47127
YGL013C,0
YFR012W,0
YMR132C,0
YHR062C,529.03406
YKR074W,0
YDR421W,0
YKL070W,0
YOL013C,165.2514
YER176W,0
YJL208C,10354.15
YOR321W,359.0997
YKL188C,3863.259
YOR252W,933.5058
YDL062W,0
YER087C-B,18.551973
YOR132W,0
YOR279C,659.544
YMR312W,319.5036
YOR050C,0
YEL047C,0
YLR417W,620.9302
YBR131W,218.96187
YIL163C,0
YGL126W,0
YKR006C,127.50337
YPR128C,10650.257
YJR012C,0
YDR288W,10100
YJR135W-A,0
YOR363C,10100
YOL104C,153.92287
YDR330W,0
YLR194C,0
YHR203C,10100
YOR309C,0
YOL118C,0
YJL175W,0
YFL001W,0
YBR041W,0
YDL114W,10126.602
YKR008W,0
YOR205C,0
YNL186W,0
YKL003C,0
YDL045W-A,0
YLR237W,1045.0951
YPL132W,538.3699
YMR260C,0
YDR384C,694.07025
YDR509W,0
YBR115C,89.88295
YEL058W,0
YIL121W,0
YDR126W,498.6332
YDR038C,20518.283
YPL101W,0
YBR058C-A,0
YKR058W,0
YOR297C,836.59973
YNR034W,0
YDR492W,20196
YOL035C,0
YLL029W,0
YDR020C,0
YDR323C,0
YPL263C,0
YBL018C,712.20593
YJR095W,457.72577
YOR196C,10100
YDR039C,3.266794
YMR222C,0
YGR026W,0
YOR345C,0
YJL031C,547.87305
YGL239C,270.74048
YDR441C,118.2054
YGR055W,306.66534
YPR203W,0
YLR164W,0
YOR292C,728.775
YNL138W-A,0
YBR077C,1173.787
YCR075C,334.5949
YHR032W,240.77553
YMR069W,10100
YNR011C,100.43717
YBL098W,0
YPR073C,0
YKL181W,647.3598
YHL046C,0
YNR025C,86.36295
YHR189W,11411.625
YGR036C,0
YFL015C,0
YER035W,0
YDR478W,0
YDL096C,0
YDL061C,0
YDL050C,0
YDL026W,0
YLR435W,21345.982
YBR248C,0
YOR364W,2775.8845
YJR040W,2516.114
YER188W,0
YDL180W,0
YKR011C,29.58401
YDR254W,380.18637
YBL019W,0
YCL057W,0
YNL122C,0
YCR036W,0
YIL030C,269.5969
YMR101C,0
YIL082W,0
YDR405W,608.81134
YPR145W,0
YJL054W,10135.399
YER147C,92.50344
YLR395C,0
YNL246W,1307.2598
YLR466W,0
YNL046W,0
YDR366C,149.2069
YLR065C,173.64026
YHR092C,47.26518
YPR004C,0
YGL036W,75.64468
YPL257W-B,0
YHL031C,0
YDR215C,143.8798
YDR461W,176.562
YBR244W,0
YBR190W,0
YHR106W,0
YGL079W,252.66893
YOR226C,308.8422
YBR277C,0
YBR096W,0
YMR150C,8025.644
YBR015C,0
YOR165W,272.35632
YJL043W,0
YER150W,0
YBR090C,0
YJL193W,0
YOR111W,10100
YGR125W,0
YOR071C,54.58802
YGL021W,506.31238
YDL099W,64.1969
YDR538W,0
YDL218W,0
YMR134W,0
YOR338W,0
YIL064W,0
YOL103W,2115.604
YBR237W,0
YGR216C,263.03986
YGR177C,0
YBL068W,143.18375
YIL158W,0
YDL167C,10486.155
YJL212C,0
YBR263W,82.015114
YDR081C,0
YKL019W,10140.868
YLL046C,40.60571
YMR119W,99.26738
YGR208W,91.94992
YOL122C,0
YNR049C,0
YLR181C,176.66281
YKR070W,0
YBR269C,0
YHR109W,68.592316
YHR053C,0
YPL183W-A,0
YKL167C,0
YGR076C,0
YGL064C,0
YMR010W,0
YBL081W,2347.9424
YNL220W,0
YAL030W,81.93531
YNR015W,204.91464
YJL035C,10100
YDL245C,88.053505
YNL320W,0
YDR387C,489.0314
YLR454W,35.452103
YOR325W,0
YJR127C,394.69067
YBR285W,621.67664
YNL212W,0
YPL073C,10102.61
YDR472W,0
YPR068C,0
YPL116W,0
YNR018W,0
YPL200W,28.209726
YLR334C,0
YKL114C,0
YJL055W,0
YHR067W,0
YOR316C,0
YJL131C,0
YDR450W,0
YKL180W,0
YOR034C,189.08891
YNR063W,0
YLR114C,0
YEL020C,0
YOR242C,237.65561
YOR118W,0
YIL119C,0
YLR448W,0
YDR246W,0
YDL095W,0
YDL211C,0
YLR225C,726.90845
YLR246W,10246.584
YDR086C,46.556667
YCL058C,0
YAR069C,0
YCL004W,0
YDR249C,0
YML060W,0
YGL024W,0
YDR253C,0
YGR277C,252.45674
YCR015C,0
YPL068C,0
YPR169W,0
YNR060W,224.38658
YGR029W,10100
YDR413C,184.74593
YJL093C,149.64957
YKR095W-A,0
YGR023W,221.43788
YER152C,0
YFL020C,11742.421
YGR133W,91.54492
YLR167W,0
YDR077W,0
YGR143W,0
YFL011W,179.00424
YOR065W,81.55027
YJR106W,0
YBL033C,70.84287
YPL162C,41.437428
YKR065C,10100
YPR021C,53.14601
YLR325C,10200.33
YGL230C,1297.23
YIR013C,0
YJR135C,70.70341
YLR012C,0
YPR100W,0
YFL055W,433.53845
YGR028W,0
YLR253W,0
YHR194W,10100
YPR177C,0
YPL067C,0
YPL023C,0
YLR462W,0
YMR178W,0
YMR097C,0
YGR132C,0
YIL134W,321.9492
YGL091C,38.348087
YIL086C,0
YER007C-A,130.50748
YNL318C,278.48218
YOL099C,119.668236
YEL053C,0
YOR274W,0
YHR212W-A,66.34883
YJR008W,0
YMR151W,10100
YOR068C,0
YDR263C,0
YGL132W,257.39572
YMR013C,0
YJL097W,477.35318
YIL091C,0
YKL049C,0
YOR273C,10100
YDR406W,0
YCL073C,0
YAL023C,0
YKR044W,0
YGR115C,0
YKL110C,675.6008
YDR541C,0
YOL009C,310.9488
YDL049C,20293.389
YGR283C,0
YMR063W,0
YNR030W,0
YPR058W,1886.7217
YJR004C,0
YJL162C,60.85325
YAL064W-B,0
YBL010C,0
YBR070C,0
YDR205W,291.67917
YOR354C,0
YNL051W,0
YLR217W,0
YDR066C,0
YBR162W-A,10166.177
YGR247W,201.27309
YGL098W,709.40985
YPL172C,0
YER001W,0
YBR029C,0
YMR041C,0
YMR210W,0
YNL142W,0
YGR206W,0
YFL052W,10100
YIL153W,0
YPL280W,0
YEL039C,0
YGL059W,0
YGR213C,228.8867
YBL086C,217.89104
YCR097W,0
YMR023C,0
YKR043C,0
YJL158C,76.80076
YDR003W,0
YFR045W,0
YKL186C,0
YKL220C,72.8753
YOR288C,0
YKR035C,0
YKL219W,0
YJL163C,0
YNL259C,0
YPL055C,0
YLR308W,0
YPL257W,26.876984
YLR054C,41565.12
YEL003W,0
YDR349C,10100
YGL083W,0
YKL034W,0
YHL029C,0
YLR416C,0
YCR106W,4393.863
YNR004W,0
YOR221C,0
YLR257W,1176.4626
YBL107C,0
YOL039W,52.208767
YGR101W,10171.928
YPL244C,287.97693
YHR157W,0
YCL076W,0
YLR356W,0
YDR514C,0
YIL019W,0
YBR276C,0
YDL102W,0
YOL080C,0
YGR244C,0
YDR333C,0
YBR178W,0
YGL142C,0
YGR149W,10100
YDR371W,0
YLR204W,0
YHL015W,618.24475
YNR029C,157.79904
YDL024C,0
YPL130W,10100
YNL336W,0
YDR079C-A,0
YDL238C,0
YLR145W,0
YNL221C,1202.8322
YJL191W,0
YOR148C,0
YKR084C,0
YBR246W,0
YPR138C,0
YGR201C,352.57227
YKL148C,0
YNL104C,0
YDL237W,10100
YJL160C,0
YDR400W,0
YOR360C,0
YDR327W,0
YDL023C,0
YLR046C,0
YMR030W,0
YLR008C,0
YIL098C,0
YHR063C,0
YPR125W,0
YLR140W,0
YIL166C,10100
YBR037C,291.92795
YKL093W,0
YDL231C,0
YDR018C,0
YIL172C,0
YDR151C,0
YKL055C,0
YGR251W,0
YPR063C,0
YOR192C,0
YLR339C,10991.152
YHL036W,0
YGR235C,0
YGR219W,0
YBR300C,0
YJR044C,0
YDR397C,0
YGL242C,0
Q0250,595.75073
YER153C,307.7409
YER128W,0
YER069W,230.2522
YOR153W,0
YER137C,0
YLR171W,0
YOR356W,0
YDL248W,0
YKL197C,0
YJR055W,10499.661
YGR006W,0
YDL144C,0
YML089C,0
YLR137W,0
YIL056W,0
YJL183W,10100
YFL036W,701.65674
YCR060W,0
YGR168C,0
YDR370C,0
YDL196W,156.49483
YLR412W,0
YLL059C,0
YGL139W,0
YLR393W,0
YGR161W-B,10100
YJL165C,128.81815
YNR045W,0
YOL088C,10100
YLR042C,0
YKL033W,0
YDR346C,0
YAL058W,10100
YFL058W,0
YLR250W,0
YMR228W,340.72025
YCL019W,30441.164
YGL038C,0
YCL007C,0
YCR003W,0
YPL196W,0
YER163C,0
YCR105W,0
YPR099C,0
YLR173W,0
YGL148W,0
YPL007C,0
YAL001C,0
YHL024W,0
YLR255C,0
YJR003C,0
YDR442W,0
YPL163C,0
YGL032C,0
YDR536W,0
YOR107W,0
YLR349W,0
YDR435C,0
YER175C,0
YDR013W,0
YBL006C,0
YNR002C,10100
YMR074C,0
YML070W,0
YEL019C,0
YGR107W,0
YGR126W,0
YDR119W,2697.7295
YNL145W,0
Q0275,0
YGL183C,0
YOR350C,289.22473
YBR204C,0
YLR366W,0
YLL012W,10100
YCR047C,959.352
YKL102C,0
YPR123C,0
YOR131C,0
YOR352W,0
YLR123C,0
YPL134C,0
YLR351C,0
YGR197C,0
YKL015W,70.356735
YIR027C,0
YDR275W,0
YKL087C,0
YHR080C,0
YOR305W,0
YCR023C,10100
YGL247W,0
YGL184C,0
YNL081C,0
YNL155W,59.232822
YPL251W,0
YGR045C,0
YDR504C,0
YDR374C,0
YDR250C,0
YBL100C,0
YMR133W,0
YKL149C,0
YFR018C,0
YML043C,0
YFL067W,0
YOR003W,0
YJL096W,20377.926
YBR194W,0
YGR030C,0
YBR257W,0
YLR038C,0
YOL103W-B,0
YGR228W,0
YOL124C,0
YGR157W,0
YJL082W,0
YNL100W,0
YDL157C,0
YCR045C,0
YNL052W,0
YKL222C,0
YGL114W,0
YDL103C,0
YAL051W,0
YNL034W,0
YLR040C,0
YDR380W,10100
YJR067C,10100
YDR344C,0
YLL047W,0
YML107C,0
YGL214W,0
YHR078W,92.79254
YGL177W,0
YJR125C,0
YBR212W,0
YGL155W,0
YLR316C,0
YER061C,0
YOL110W,0
YKL084W,0
YBR222C,0
YLR036C,0
YIL085C,0
YGL102C,0
YDR221W,0
YEL072W,0
YBR226C,0
YMR289W,0
YIL027C,0
YOR366W,0
YGR292W,30294
YLR099C,0
YJL213W,0
YNL219C,0
YKL047W,0
YLR085C,0
YKL217W,0
YFL044C,0
YPL193W,0
YIR028W,0
YCL020W,0
YHR091C,0
YOR236W,0
YDR261W-A,10100
YDR261W-B,0
YOR130C,0
YOR095C,0
YMR075C-A,0
YKL191W,10100
YOR382W,0
YLR406C,0
YBR013C,0
YDL104C,0
YBR299W,0
YFL002W-B,0
YIL103W,0
YFL051C,2
YNL316C,0
YKL026C,0
YLR299W,0
YNL193W,0
YHR151C,0
YLR317W,0
YNL140C,0
YOL056W,0
YLR387C,0
YJL094C,0
YLR193C,0
YOL137W,0
YNL019C,0
YLR001C,0
YLR415C,0
YFL065C,0
YLR388W,0
YKR016W,0
YJR130C,0
YEL059W,0
YER169W,0
YPL071C,0
YPR031W,0
YBR266C,0
YHR163W,0
YDR287W,0
YDR454C,0
YDR262W,0
YLR348C,0
YBL113C,0
YDR403W,0
YKR053C,0
YFR007W,0
YBR056W,0
YCL065W,0
YLR374C,0
YBR012C,0
YPL221W,0
YBR033W,0
YNL228W,0
