YLR259C,41.98387097,,1
YPR110C,31.60275424,,0.752735598
YNL064C,30.64379415,,0.729894444
YDL126C,28.46145494,,0.677914025
YBR196C,23.36246787,,0.55646293
YNL061W,21.24043716,,0.50591898
YMR186W,19.80432544,,0.471712707
YJL034W,18.66397578,,0.444551094
YBR072W,18.55555556,,0.441968669
YMR205C,18.29225352,,0.435697164
YHL004W,17.80801688,,0.424163291
YBR251W,16.89404642,,0.40239373
YML064C,16.40507726,,0.390747134
YDL140C,16.38604144,,0.390293726
YER179W,16.22018349,,0.38634321
YGR220C,15.88496468,,0.378358744
YBR020W,15.69613948,,0.373861179
YLR383W,15.56811302,,0.370811758
YNL244C,15.22783251,,0.362706729
YNL189W,14.04078303,,0.334432788
YER118C,13.93920335,,0.332013295
YNL284C,13.73689516,,0.327194583
YLR175W,13.37770898,,0.318639246
YER095W,12.93949395,,0.308201546
YER081W,12.9173913,,0.30767509
YDL029W,12.7617896,,0.303968865
YOL126C,12.48627881,,0.297406564
YKL173W,12.44600432,,0.296447279
YJR022W,12.41550054,,0.29572072
YDL047W,11.97031963,,0.285117102
YLR310C,11.89225589,,0.283257728
YGR254W,11.54474708,,0.27498053
YBR114W,11.43602484,,0.272390911
YAR007C,11.41103448,,0.271795673
YJL130C,11.26043406,,0.268208572
YBR109C,11.25787631,,0.268147649
YOL094C,11.12952159,,0.265090411
YDL229W,10.6629667,,0.253977693
YIL021W,10.43220339,,0.248481218
YFL016C,10.00995575,,0.23842384
YBL075C,9.856710394,,0.23477374
YBL038W,9.758375635,,0.232431536
YOL090W,9.681114551,,0.23059128
YDL200C,9.652173913,,0.229901953
YDR394W,9.44516129,,0.224971187
YER133W,9.195205479,,0.219017572
YER017C,9.133764833,,0.217554137
YKL104C,9.114775726,,0.217101842
YOL055C,9.077683616,,0.216218357
YGL208W,9.060506051,,0.215809211
YDL059C,8.982954545,,0.213962037
YLR291C,8.96302521,,0.213487347
YIL007C,8.8624052,,0.211090712
YNL135C,8.775700935,,0.209025531
YGL245W,8.741200828,,0.208203785
YIL066C,8.698553949,,0.207187993
YAL015C,8.646938776,,0.205958588
YER173W,8.553117783,,0.203723896
YDR101C,8.535677353,,0.203308489
YDR171W,8.290322581,,0.197464464
YKL152C,8.27704918,,0.197148309
YOL145C,8.18989899,,0.195072508
YLL019C,8.070692194,,0.19223316
YKR026C,8.047337278,,0.191676877
YKL085W,7.808903366,,0.185997698
YGR260W,7.774795799,,0.185185301
YNL330C,7.732163743,,0.184169862
YOL115W,7.542087542,,0.1796425
YMR240C,7.516161616,,0.179024979
YJR091C,7.471698113,,0.177965917
YMR049C,7.343042071,,0.174901501
YDR267C,7.155862069,,0.170443123
YDL192W,7.11751663,,0.169529785
YER171W,7.117241379,,0.169523229
YBR088C,7.105908584,,0.169253297
YBR106W,6.99382716,,0.166583666
YOL133W,6.898203593,,0.16430604
YPL111W,6.816433566,,0.162358387
YKL060C,6.662420382,,0.158689998
YBR011C,6.637223975,,0.158089853
YDL145C,6.620567376,,0.157693115
YJR062C,6.58118701,,0.156755127
YJR121W,6.529288703,,0.155518978
YIL128W,6.49724366,,0.154755708
YDR128W,6.485900217,,0.154485522
YJR068W,6.427046263,,0.153083699
YFL039C,6.363136176,,0.151561446
YOR027W,6.334706488,,0.150884288
YIL018W,6.326041667,,0.150677904
YGL008C,6.293290043,,0.149897804
YBR155W,6.196954315,,0.147603215
YGR091W,6.136470588,,0.146162573
YHR166C,6.089958159,,0.145054708
YBR221C,6.037148594,,0.143796855
YDR097C,5.995683453,,0.14280921
YHR169W,5.876443418,,0.139969071
YFR028C,5.869662921,,0.139807569
YNL290W,5.862459547,,0.139635994
YNL185C,5.839717742,,0.139094314
YJL088W,5.80270793,,0.13821279
YEL015W,5.749719416,,0.136950674
YMR214W,5.694248234,,0.135629424
YBR118W,5.687209302,,0.135461766
YOR001W,5.643835616,,0.134428662
YJL092W,5.53689168,,0.1318814
YDR075W,5.394977169,,0.128501185
YJL138C,5.374240583,,0.128007267
YHR033W,5.345323741,,0.127318506
YBR283C,5.315614618,,0.126610874
YFL018C,5.303153611,,0.12631407
YLL026W,5.299277606,,0.126221749
YKL008C,5.260325407,,0.125293959
YBL099W,5.234332425,,0.124674841
YNL207W,5.225225225,,0.124457919
YCR002C,5.205685619,,0.123992512
YBR039W,5.177358491,,0.123317797
YGL234W,5.17403709,,0.123238686
YDL101C,5.157575758,,0.122846599
YDR004W,5.154734411,,0.122778922
YKL210W,5.15167364,,0.122706018
YGL104C,5.149895178,,0.122663658
YOR319W,5.144605117,,0.122537655
YJR035W,5.142857143,,0.122496021
YFR053C,5.108943089,,0.121688233
YDL188C,5.063926941,,0.120616009
YDL100C,5.03046595,,0.119819012
YDR131C,4.978159126,,0.118573133
YLR180W,4.919354839,,0.117172493
YBR110W,4.705400982,,0.112076397
YDR283C,4.701803051,,0.111990699
YDL225W,4.693979933,,0.111804363
YKL139W,4.692124105,,0.111760159
YAL021C,4.676291793,,0.111383055
YDR062W,4.676143387,,0.11137952
YNL250W,4.669014085,,0.111209709
YEL054C,4.666666667,,0.111153797
YML057W,4.658788774,,0.110966156
YNL183C,4.65625,,0.110905686
YBL036C,4.653225806,,0.110833653
YOR128C,4.652631579,,0.1108195
YPL235W,4.613848202,,0.109895731
YER103W,4.605077574,,0.109686827
YPL164C,4.599330357,,0.109549936
YDR306C,4.536614646,,0.108056131
YNL007C,4.49445005,,0.107051826
YDL175C,4.461126005,,0.106258092
YFL037W,4.419263456,,0.105260981
YEL030W,4.417258883,,0.105213235
YKL171W,4.409214092,,0.105021619
YOL139C,4.404109589,,0.104900036
YPL061W,4.402015677,,0.104850162
YLR378C,4.377314815,,0.10426182
YCR079W,4.357400722,,0.103787493
YLR216C,4.356424581,,0.103764243
YNL005C,4.351409978,,0.103644802
YKL067W,4.318238994,,0.102854713
YJR053W,4.286659316,,0.102102527
YGL163C,4.276376147,,0.101857596
YML085C,4.262008734,,0.101515383
YNL030W,4.246098439,,0.101136421
YGR192C,4.22484472,,0.100630185
YDL193W,4.22310757,,0.100588809
YBL056W,4.219653179,,0.10050653
YKR055W,4.204603581,,0.100148068
YMR108W,4.173387097,,0.099404533
YNL088W,4.159763314,,0.099080033
YJR109C,4.152849741,,0.098915361
YNL102W,4.091194969,,0.097446826
YKL193C,4.013129103,,0.095587401
YIL061C,4.006747638,,0.095435403
YEL034W,4.003460208,,0.095357101
YDR237W,3.978701826,,0.094767389
YBR127C,3.961538462,,0.09435858
YHR120W,3.952998379,,0.094155167
YDR419W,3.932773109,,0.093673428
YNL128W,3.90228013,,0.092947126
YDR322W,3.895249695,,0.09277967
YDR099W,3.893351801,,0.092734465
YJL005W,3.879708384,,0.092409497
YLR229C,3.828571429,,0.091191482
YML025C,3.82542886,,0.091116631
YPL149W,3.794818653,,0.090387536
YOR151C,3.698113208,,0.088084141
YPR016C,3.642941874,,0.086770033
YFR030W,3.640449438,,0.086710667
YLR371W,3.623093682,,0.086297276
YGR258C,3.605351171,,0.085874673
YCR092C,3.589855072,,0.085505576
YER006W,3.577387486,,0.085208615
YDL138W,3.555191257,,0.08467993
YPR028W,3.539823009,,0.084313879
YER036C,3.539568345,,0.084307813
YLR347C,3.483443709,,0.082970999
YDR200C,3.473333333,,0.082730183
YER125W,3.47314578,,0.082725716
YKL078W,3.469640644,,0.082642228
YER047C,3.455273698,,0.082300027
YJL199C,3.446191052,,0.08208369
YBR198C,3.439952438,,0.081935095
YJR117W,3.42823804,,0.081656073
YPR180W,3.419621749,,0.081450845
YBL035C,3.376451078,,0.080422577
YHR042W,3.362940276,,0.080100767
YJR017C,3.319508449,,0.079066279
YPL074W,3.313624679,,0.078926135
YOR386W,3.31270903,,0.078904326
YIL147C,3.304112554,,0.078699569
YDL164C,3.304015296,,0.078697253
YLR304C,3.300904977,,0.078623169
YDR129C,3.297939778,,0.078552542
YMR055C,3.264890282,,0.077765347
YGL120C,3.26450116,,0.077756078
YOR150W,3.25182102,,0.077454054
YBR103W,3.251106195,,0.077437028
YPL070W,3.246153846,,0.07731907
YLR044C,3.228116711,,0.076889449
YDL132W,3.218944099,,0.07667097
YPL256C,3.21340388,,0.076539009
YPR111W,3.208139535,,0.076413619
YER117W,3.205683356,,0.076355116
YDR502C,3.198317308,,0.076179667
YPL234C,3.184108527,,0.075841233
YDL213C,3.178909953,,0.07571741
YGL048C,3.174586777,,0.075614437
YLR245C,3.166134185,,0.075413108
YPL262W,3.151515152,,0.075064902
YDL160C,3.150392817,,0.075038169
YLR249W,3.147651007,,0.074972863
YPR183W,3.147163121,,0.074961242
YOR080W,3.146534653,,0.074946273
YGR267C,3.139896373,,0.074788158
YLR074C,3.138554217,,0.07475619
YCR012W,3.128950695,,0.074527446
YDR510W,3.074468085,,0.073229743
YKL081W,3.059588299,,0.072875326
YKR036C,3.044392523,,0.072513383
YGR094W,3.035493827,,0.072301428
YFR009W,3.027308192,,0.072106457
YOR276W,3.023448276,,0.072014519
YKL166C,3.004651163,,0.071566797
YAL005C,3,,0.071456012
YPR086W,2.988151659,,0.071173801
YMR024W,2.972222222,,0.070794383
YBR154C,2.957824639,,0.070451451
YDL171C,2.956448911,,0.070418683
YAR028W,2.955789474,,0.070402976
YOL128C,2.955493741,,0.070395932
YDR453C,2.949695122,,0.070257817
YDR116C,2.949596774,,0.070255474
YBR044C,2.94259012,,0.070088585
YHR066W,2.928338762,,0.069749137
YER023W,2.918079096,,0.069504765
YKR081C,2.910213244,,0.069317411
YGL130W,2.896103896,,0.068981345
YER078C,2.882869693,,0.068666124
YMR226C,2.873298429,,0.068438149
YKL182W,2.868421053,,0.068321977
YLR340W,2.867043847,,0.068289173
YDR092W,2.866108787,,0.068266902
YGR262C,2.858527132,,0.068086317
YBR234C,2.839350181,,0.067629547
YHR064C,2.816199377,,0.067078126
YKL103C,2.810492505,,0.066942196
YFR004W,2.808102345,,0.066885265
YAL035W,2.801857585,,0.066736523
YLL027W,2.791245791,,0.066483765
YKR069W,2.783505155,,0.066299393
YBR019C,2.779639175,,0.06620731
YDR353W,2.778162912,,0.066172148
YGL063W,2.771134021,,0.066004729
YGL194C,2.767466111,,0.065917364
YMR296C,2.760197775,,0.065744242
YBR208C,2.757936508,,0.065690382
YML067C,2.748287671,,0.065460559
YGL173C,2.746081505,,0.065408011
YDR170C,2.734496124,,0.065132063
YDL008W,2.732217573,,0.065077791
YGL099W,2.728476821,,0.064988691
YGR060W,2.722100656,,0.064836819
YER041W,2.711571675,,0.064586033
YOR110W,2.697850822,,0.06425922
YOR272W,2.695081967,,0.06419327
YCR005C,2.694896851,,0.064188861
YAL036C,2.688,,0.064024587
YDL042C,2.687218045,,0.064005962
YJR113C,2.682653061,,0.06389723
YNL118C,2.675057208,,0.063716307
YDL014W,2.653306613,,0.063198237
YNL317W,2.652654867,,0.063182713
YDL154W,2.638571429,,0.062847264
YIL094C,2.634420697,,0.062748399
YDL043C,2.623115578,,0.062479126
YHR197W,2.610632184,,0.062181788
YMR234W,2.604247104,,0.062029704
YCL028W,2.599656357,,0.061920359
YLR453C,2.591240876,,0.061719913
YDR337W,2.580952381,,0.061474855
YKL154W,2.569961489,,0.061213067
YOR089C,2.569148936,,0.061193713
YOR125C,2.566747573,,0.061136515
YLR314C,2.560200669,,0.060980577
YOR181W,2.556485356,,0.060892083
YJL063C,2.537131231,,0.060431093
YHL042W,2.53526971,,0.060386755
YOR285W,2.533687943,,0.060349079
YGR155W,2.527431421,,0.060200057
YDR404C,2.525462963,,0.060153171
YOR191W,2.525229358,,0.060147607
YHR011W,2.512987013,,0.05985601
YGL003C,2.512850467,,0.059852758
YNL262W,2.502096436,,0.059596611
YGL128C,2.489678899,,0.059300842
YCR046C,2.483206934,,0.059146688
YIL143C,2.47826087,,0.05902888
YNL071W,2.47826087,,0.05902888
YGR284C,2.470449173,,0.058842815
YDR296W,2.466312057,,0.058744275
YNL182C,2.462389381,,0.058650842
YJR057W,2.458544839,,0.05855927
YKL035W,2.457627119,,0.058537411
YBR101C,2.45200486,,0.058403496
YNL048W,2.436762226,,0.058040437
YBL024W,2.431241656,,0.057908945
YNL236W,2.425531915,,0.057772946
YER142C,2.422058824,,0.057690222
YOR020C,2.415322581,,0.057529773
YHR171W,2.402777778,,0.057230973
YML075C,2.39953271,,0.05715368
YLR153C,2.383512545,,0.056772101
YOR254C,2.375415282,,0.056579235
YBL076C,2.371237458,,0.056479724
YNL021W,2.371108344,,0.056476649
YEL021W,2.366863905,,0.056375552
YPL022W,2.364379085,,0.056316367
YPR193C,2.359724613,,0.056205504
YFR036W,2.351464435,,0.056008757
YDR436W,2.342465753,,0.055794421
YLR186W,2.334951456,,0.05561544
YMR094W,2.333853354,,0.055589285
YFL017C,2.332703214,,0.05556189
YLL034C,2.332644628,,0.055560494
YDR328C,2.322195704,,0.055311615
YGL116W,2.308628319,,0.054988458
YER025W,2.302725968,,0.054847872
YGL237C,2.301401869,,0.054816333
YBR136W,2.298630137,,0.054750314
YGR162W,2.291457286,,0.054579467
YFL022C,2.284994965,,0.054425543
YIL148W,2.276081425,,0.054213234
YOR362C,2.265210608,,0.053954306
YGR210C,2.264935065,,0.053947743
YMR109W,2.259649123,,0.053821839
YOR374W,2.248737374,,0.053561935
YDL052C,2.239271782,,0.053336477
YDR300C,2.213649852,,0.052726197
YBR243C,2.212927757,,0.052708998
YMR105C,2.210836278,,0.052659181
YPR015C,2.205016358,,0.052520559
YLR035C,2.19851577,,0.052365723
YLR082C,2.197333333,,0.052337559
YCR096C,2.193737769,,0.052251918
YDR155C,2.187356322,,0.05209992
YBR084W,2.187192118,,0.052096009
YML115C,2.185035389,,0.052044639
YAL029C,2.182973316,,0.051995523
YDR030C,2.145085803,,0.051093093
YGR264C,2.139344262,,0.050956337
YNL180C,2.119825708,,0.050491431
YHR019C,2.115681234,,0.050392715
YDR390C,2.106382979,,0.050171243
YBR218C,2.104669887,,0.050130439
YGR173W,2.095238095,,0.049905786
YCL040W,2.076422764,,0.04945763
YGL019W,2.072249589,,0.049358231
YPL266W,2.063321386,,0.049145573
YER146W,2.060818713,,0.049085962
YPL160W,2.057052298,,0.048996251
YDR386W,2.056872038,,0.048991958
YPR106W,2.053283767,,0.04890649
YDL055C,2.051689861,,0.048868525
YJL218W,2.048913043,,0.048802385
YDR456W,2.031212485,,0.048380781
YPL013C,2.019459459,,0.04810084
YDR071C,2,,0.047637342
YGR038W,2,,0.047637342
YGR078C,2,,0.047637342
YIL075C,2,,0.047637342
YIL162W,2,,0.047637342
YIR008C,2,,0.047637342
YJR043C,2,,0.047637342
YKR066C,2,,0.047637342
YLL024C,2,,0.047637342
YLR350W,2,,0.047637342
YMR139W,2,,0.047637342
YMR193W,2,,0.047637342
YNL113W,2,,0.047637342
YNL077W,2,,0.047637342
YML130C,2,,0.047637342
YPL194W,2,,0.047637342
YOR217W,2,,0.047637342
YER126C,1.998887653,,0.047610847
YGL207W,1.998746867,,0.047607494
YMR290C,1.997818975,,0.047585392
YOR243C,1.992771084,,0.047465158
YJL140W,1.991755006,,0.047440957
YDR347W,1.989272944,,0.047381837
YJR101W,1.989272944,,0.047381837
YML009C,1.988235294,,0.047357122
YBR146W,1.986472425,,0.047315133
YDR316W,1.985714286,,0.047297075
YGL240W,1.98273878,,0.047226202
YKL129C,1.98245614,,0.04721947
YLR384C,1.97891232,,0.047135061
YPL118W,1.977777778,,0.047108038
YGL221C,1.976415094,,0.04707558
YPL003W,1.97582038,,0.047061415
YDL208W,1.975763962,,0.047060071
YOR210W,1.974244121,,0.047023871
YMR213W,1.973623853,,0.047009097
YDL191W,1.972078594,,0.046972291
YHR165C,1.970114943,,0.046925519
YIL093C,1.96969697,,0.046915564
YFL041W,1.96898263,,0.046898549
YKR088C,1.968365554,,0.046883851
YPR187W,1.967032967,,0.046852111
YGL220W,1.96432319,,0.046787567
YKR085C,1.963878327,,0.046776971
YNL092W,1.962585034,,0.046746167
YKR062W,1.960809102,,0.046703866
YBR169C,1.960645812,,0.046699977
YGR048W,1.956371986,,0.04659818
YNL137C,1.951417004,,0.046480159
YHR013C,1.948979592,,0.046422103
YNL306W,1.948536831,,0.046411557
YDR041W,1.947154472,,0.046378631
YDR429C,1.944272446,,0.046309985
YCR014C,1.93438914,,0.046074578
YOL005C,1.934322034,,0.04607298
YPL227C,1.932121212,,0.046020559
YOR341W,1.931972789,,0.046017024
YDL102W,1.928571429,,0.045936008
YJR032W,1.928338762,,0.045930466
YGL026C,1.925824176,,0.045870572
YHR018C,1.925465839,,0.045862037
YKL211C,1.921291625,,0.045762613
YLR433C,1.914414414,,0.045598807
YGL068W,1.913705584,,0.045581923
YKL095W,1.913520097,,0.045577505
YBL084C,1.908995816,,0.045469743
YKL155C,1.905817175,,0.045394032
YMR225C,1.904347826,,0.045359034
YOR290C,1.901486989,,0.045290893
YNL307C,1.90104773,,0.04528043
YGR084C,1.899117276,,0.045234449
YMR137C,1.890710383,,0.045034208
YPR124W,1.890566038,,0.04503077
YDR098C,1.886673662,,0.044938059
YLR442C,1.885780886,,0.044916794
YCL014W,1.880813953,,0.044798488
YMR201C,1.87958884,,0.044769308
YLR134W,1.87654321,,0.044696765
YMR246W,1.872,,0.044588552
YOL086C,1.870535714,,0.044553674
YBR249C,1.870192308,,0.044545495
YGL181W,1.868383405,,0.044502409
YDR341C,1.864,,0.044398002
YOR123C,1.858490566,,0.044266775
YER091C,1.856097561,,0.044209777
YOR007C,1.852164731,,0.044116102
YBR034C,1.846889952,,0.043990464
YKL175W,1.844913151,,0.043943379
YMR297W,1.84279476,,0.043892922
YDL226C,1.84,,0.043826354
YDL031W,1.838251366,,0.043784704
YDL060W,1.837837838,,0.043774854
YDL105W,1.829694323,,0.043580887
YPR137C-B,1.827586207,,0.043530674
YAL040C,1.822695035,,0.043414173
YJL157C,1.822695035,,0.043414173
YLR418C,1.820754717,,0.043367957
YBL100W-A,1.819875776,,0.043347022
YIL105C,1.81871345,,0.043319337
YBR042C,1.816696915,,0.043271306
YDL147W,1.816,,0.043254706
YNL013C,1.810506567,,0.04312386
YCL030C,1.808219178,,0.043069377
YPL131W,1.804347826,,0.042977167
YLR377C,1.800653595,,0.042889175
YPR103W,1.79925187,,0.042855788
YER112W,1.79270073,,0.042699748
YPL270W,1.788259958,,0.042593975
YBR069C,1.786967419,,0.042563189
YNL014W,1.785100287,,0.042518716
YOL061W,1.784023669,,0.042493072
YMR032W,1.780445969,,0.042407856
YDL128W,1.773584906,,0.042244435
YDL153C,1.768072289,,0.042113132
YEL031W,1.76419214,,0.042020712
YHR026W,1.76375,,0.042010181
YPL059W,1.763392857,,0.042001674
YDR414C,1.753812636,,0.041773486
YLR118C,1.75,,0.041682674
YBR049C,1.748101266,,0.041637449
YGR103W,1.746386334,,0.041596601
YLR449W,1.746227709,,0.041592823
YER043C,1.739130435,,0.041423775
YPR160W,1.72985244,,0.041202786
YMR303C,1.727755644,,0.041152843
YFL008W,1.714871795,,0.040845967
YKL198C,1.712328767,,0.040785395
YJR076C,1.709677419,,0.040722244
YPR119W,1.708812261,,0.040701637
YDR430C,1.70433145,,0.04059491
YMR224C,1.698189135,,0.040448608
YHR174W,1.695167286,,0.040376631
YCR028C-A,1.694980695,,0.040372187
YLR151C,1.69348659,,0.0403366
YBR122C,1.691860465,,0.040297867
YFR024C-A,1.690322581,,0.040261237
YDL179W,1.665048544,,0.039659243
YKL073W,1.65470297,,0.039412825
YNL106C,1.653225806,,0.039377641
YNL230C,1.652575958,,0.039362163
YBL021C,1.652,,0.039348444
YDR148C,1.647810219,,0.039248649
YOR093C,1.645441389,,0.039192227
YFR031C,1.642975207,,0.039133486
YDR369C,1.641949153,,0.039109046
YOR005C,1.639566396,,0.039052292
YNL321W,1.637735849,,0.039008691
YGR239C,1.633986928,,0.038919397
YDR164C,1.633136095,,0.038899131
YMR117C,1.628318584,,0.038784384
YGL001C,1.615973742,,0.038490347
YHR115C,1.613333333,,0.038427455
YMR190C,1.606026786,,0.038253423
YLR058C,1.605128205,,0.03823202
YHL011C,1.603469641,,0.038192515
YPL009C,1.5975039,,0.038050419
YGR218W,1.595238095,,0.037996451
YDL155W,1.591726619,,0.037912812
YBR010W,1.580606061,,0.037647935
YOR332W,1.57827476,,0.037592407
YPR066W,1.578268877,,0.037592267
YMR267W,1.570446735,,0.037405954
YOR361C,1.565045992,,0.037277315
YHL021C,1.561643836,,0.03719628
YGL112C,1.559633028,,0.037148386
YLR268W,1.557142857,,0.037089073
YBL001C,1.555873926,,0.037058849
YGL156W,1.552462527,,0.036977594
YGL040C,1.54767184,,0.036863486
YKR001C,1.544827586,,0.03679574
YDL137W,1.542776999,,0.036746897
YGR123C,1.540865385,,0.036701365
YDR321W,1.54076087,,0.036698876
YIL074C,1.537037037,,0.036610179
YJL090C,1.536340852,,0.036593597
YGR185C,1.533523538,,0.036526492
YER012W,1.519318182,,0.03618814
YLR397C,1.515603799,,0.036099668
YDR382W,1.511037528,,0.035990905
YJR063W,1.504535147,,0.035836027
YBR073W,1.501146789,,0.035755321
YDL117W,1.490421456,,0.035499858
YMR167W,1.476730988,,0.035173769
YHR196W,1.473684211,,0.035101199
YKL117W,1.470449173,,0.035024145
YMR300C,1.461442786,,0.034809625
YDL220C,1.458970793,,0.034750745
YGL044C,1.456944444,,0.03470248
YMR058W,1.451077944,,0.034562748
YDR076W,1.446644664,,0.034457153
YDR408C,1.445141066,,0.034421339
YPR017C,1.444186047,,0.034398592
YLR335W,1.426984127,,0.033988865
YGR232W,1.41928494,,0.033805481
YLR147C,1.416374269,,0.033736152
YNL090W,1.406466513,,0.033500163
YOR206W,1.405017921,,0.033465659
YER148W,1.402628435,,0.033408745
YCR066W,1.402469136,,0.033404951
YGR229C,1.401069519,,0.033371614
YHL015W,1.397058824,,0.033276084
YCL009C,1.394153226,,0.033206877
YBR171W,1.38178634,,0.032912314
YML095C,1.377717391,,0.032815397
YBR014C,1.37732342,,0.032806013
YAL038W,1.372526193,,0.03269175
YGL236C,1.36969697,,0.032624361
YNL323W,1.364431487,,0.032498944
YBL061C,1.361353712,,0.032425636
YGR193C,1.358433735,,0.032356086
YJL176C,1.357053683,,0.032323215
YBL058W,1.353204173,,0.032231525
YCR028C,1.347639485,,0.032098981
YML032C,1.340193705,,0.031921633
YDL178W,1.333806818,,0.031769505
YEL063C,1.330948122,,0.031701415
YOR090C,1.317224287,,0.031374532
YDR172W,1.309278351,,0.03118527
YER086W,1.306737589,,0.031124752
YHR147C,1.304435484,,0.031069919
YDR143C,1.302663438,,0.031027712
YJR007W,1.3,,0.030964272
YDR044W,1.295107034,,0.030847728
YBR080C,1.281100478,,0.030514111
YBR112C,1.241565452,,0.029572439
YKL134C,1.241187384,,0.029563434
YBR054W,1.238095238,,0.029489783
YNR037C,1.222936763,,0.029128728
YDL190C,1.178947368,,0.028080959
YOL095C,1.170212766,,0.027872913
YOR326W,1.143192488,,0.027229325
YGL105W,1.138716356,,0.02712271
YOL010W,1.133266533,,0.026992902
YAL012W,1,,0.023818671
YAL013W,1,,0.023818671
YAL017W,1,,0.023818671
YAL026C,1,,0.023818671
YAL027W,1,,0.023818671
YAL042W,1,,0.023818671
YAL053W,1,,0.023818671
YAL054C,1,,0.023818671
YAL059W,1,,0.023818671
YAL060W,1,,0.023818671
YAL062W,1,,0.023818671
YAL067C,1,,0.023818671
YAR014C,1,,0.023818671
YAR027W,1,,0.023818671
YAR033W,1,,0.023818671
YAR042W,1,,0.023818671
YBL014C,1,,0.023818671
YBL015W,1,,0.023818671
YBL023C,1,,0.023818671
YBL041W,1,,0.023818671
YBL045C,1,,0.023818671
YBL066C,1,,0.023818671
YBL090W,1,,0.023818671
YBL093C,1,,0.023818671
YBR003W,1,,0.023818671
YBR018C,1,,0.023818671
YBR021W,1,,0.023818671
YBR036C,1,,0.023818671
YBR058C,1,,0.023818671
YBR058C-A,1,,0.023818671
YBR074W,1,,0.023818671
YBR082C,1,,0.023818671
YBR087W,1,,0.023818671
YBR089C-A,1,,0.023818671
YBR093C,1,,0.023818671
YBR095C,1,,0.023818671
YBR117C,1,,0.023818671
YBR121C,1,,0.023818671
YBR123C,1,,0.023818671
YBR125C,1,,0.023818671
YBR126C,1,,0.023818671
YBR130C,1,,0.023818671
YBR132C,1,,0.023818671
YBR135W,1,,0.023818671
YBR137W,1,,0.023818671
YBR142W,1,,0.023818671
YBR143C,1,,0.023818671
YBR152W,1,,0.023818671
YBR162C,1,,0.023818671
YBR162W-A,1,,0.023818671
YBR170C,1,,0.023818671
YBR192W,1,,0.023818671
YBR202W,1,,0.023818671
YBR233W,1,,0.023818671
YBR238C,1,,0.023818671
YBR245C,1,,0.023818671
YBR248C,1,,0.023818671
YBR253W,1,,0.023818671
YBR263W,1,,0.023818671
YBR270C,1,,0.023818671
YBR276C,1,,0.023818671
YBR278W,1,,0.023818671
YBR281C,1,,0.023818671
YBR290W,1,,0.023818671
YBR293W,1,,0.023818671
YCL025C,1,,0.023818671
YCL027W,1,,0.023818671
YCL043C,1,,0.023818671
YCL048W,1,,0.023818671
YCL064C,1,,0.023818671
YCR020C-A,1,,0.023818671
YCR024C,1,,0.023818671
YCR024C-A,1,,0.023818671
YCR027C,1,,0.023818671
YCR030C,1,,0.023818671
YCR037C,1,,0.023818671
YCR053W,1,,0.023818671
YCR063W,1,,0.023818671
YCR093W,1,,0.023818671
YCR094W,1,,0.023818671
YCR105W,1,,0.023818671
YDL005C,1,,0.023818671
YDL020C,1,,0.023818671
YDL036C,1,,0.023818671
YDL063C,1,,0.023818671
YDL064W,1,,0.023818671
YDL070W,1,,0.023818671
YDL071C,1,,0.023818671
YDL081C,1,,0.023818671
YDL086W,1,,0.023818671
YDL087C,1,,0.023818671
YDL093W,1,,0.023818671
YDL097C,1,,0.023818671
YDL130W,1,,0.023818671
YDL168W,1,,0.023818671
YDL232W,1,,0.023818671
YDR007W,1,,0.023818671
YDR028C,1,,0.023818671
YDR036C,1,,0.023818671
YDR037W,1,,0.023818671
YDR039C,1,,0.023818671
YDR060W,1,,0.023818671
YDR078C,1,,0.023818671
YDR084C,1,,0.023818671
YDR086C,1,,0.023818671
YDR120C,1,,0.023818671
YDR132C,1,,0.023818671
YDR138W,1,,0.023818671
YDR141C,1,,0.023818671
YDR167W,1,,0.023818671
YDR190C,1,,0.023818671
YDR194C,1,,0.023818671
YDR196C,1,,0.023818671
YDR215C,1,,0.023818671
YDR225W,1,,0.023818671
YDR260C,1,,0.023818671
YDR266C,1,,0.023818671
YDR280W,1,,0.023818671
YDR284C,1,,0.023818671
YDR295C,1,,0.023818671
YDR297W,1,,0.023818671
YDR301W,1,,0.023818671
YDR307W,1,,0.023818671
YDR315C,1,,0.023818671
YDR320C,1,,0.023818671
YDR331W,1,,0.023818671
YDR335W,1,,0.023818671
YDR339C,1,,0.023818671
YDR365C,1,,0.023818671
YDR398W,1,,0.023818671
YDR450W,1,,0.023818671
YDR459C,1,,0.023818671
YDR460W,1,,0.023818671
YDR463W,1,,0.023818671
YDR528W,1,,0.023818671
YEL017C-A,1,,0.023818671
YEL020C,1,,0.023818671
YEL037C,1,,0.023818671
YEL041W,1,,0.023818671
YER005W,1,,0.023818671
YER022W,1,,0.023818671
YER032W,1,,0.023818671
YER057C,1,,0.023818671
YER090W,1,,0.023818671
YER094C,1,,0.023818671
YER105C,1,,0.023818671
YER124C,1,,0.023818671
YER131W,1,,0.023818671
YER136W,1,,0.023818671
YER145C,1,,0.023818671
YER172C,1,,0.023818671
YER174C,1,,0.023818671
YER180C,1,,0.023818671
YFL002C,1,,0.023818671
YFL003C,1,,0.023818671
YFL020C,1,,0.023818671
YFL027C,1,,0.023818671
YFL030W,1,,0.023818671
YFL042C,1,,0.023818671
YFL045C,1,,0.023818671
YFR001W,1,,0.023818671
YFR006W,1,,0.023818671
YFR016C,1,,0.023818671
YGL016W,1,,0.023818671
YGL043W,1,,0.023818671
YGL061C,1,,0.023818671
YGL062W,1,,0.023818671
YGL064C,1,,0.023818671
YGL070C,1,,0.023818671
YGL081W,1,,0.023818671
YGL106W,1,,0.023818671
YGL115W,1,,0.023818671
YGL131C,1,,0.023818671
YGL154C,1,,0.023818671
YGL189C,1,,0.023818671
YGL215W,1,,0.023818671
YGL225W,1,,0.023818671
YGL229C,1,,0.023818671
YGL244W,1,,0.023818671
YGL252C,1,,0.023818671
YGL256W,1,,0.023818671
YGR005C,1,,0.023818671
YGR020C,1,,0.023818671
YGR021W,1,,0.023818671
YGR034W,1,,0.023818671
YGR052W,1,,0.023818671
YGR074W,1,,0.023818671
YGR083C,1,,0.023818671
YGR085C,1,,0.023818671
YGR086C,1,,0.023818671
YGR095C,1,,0.023818671
YGR097W,1,,0.023818671
YGR104C,1,,0.023818671
YGR116W,1,,0.023818671
YGR135W,1,,0.023818671
YGR156W,1,,0.023818671
YGR170W,1,,0.023818671
YGR195W,1,,0.023818671
YGR204W,1,,0.023818671
YGR249W,1,,0.023818671
YGR276C,1,,0.023818671
YHL048W,1,,0.023818671
YHR012W,1,,0.023818671
YHR014W,1,,0.023818671
YHR023W,1,,0.023818671
YHR024C,1,,0.023818671
YHR025W,1,,0.023818671
YHR027C,1,,0.023818671
YHR038W,1,,0.023818671
YHR048W,1,,0.023818671
YHR059W,1,,0.023818671
YHR063C,1,,0.023818671
YHR072W-A,1,,0.023818671
YHR074W,1,,0.023818671
YHR079C-A,1,,0.023818671
YHR088W,1,,0.023818671
YHR091C,1,,0.023818671
YHR107C,1,,0.023818671
YHR123W,1,,0.023818671
YHR130C,1,,0.023818671
YHR143W-A,1,,0.023818671
YHR179W,1,,0.023818671
YIL023C,1,,0.023818671
YIL030C,1,,0.023818671
YIL038C,1,,0.023818671
YIL047C,1,,0.023818671
YIL063C,1,,0.023818671
YIL077C,1,,0.023818671
YIL078W,1,,0.023818671
YIL079C,1,,0.023818671
YIL112W,1,,0.023818671
YIL113W,1,,0.023818671
YIL118W,1,,0.023818671
YIL137C,1,,0.023818671
YIL144W,1,,0.023818671
YIR001C,1,,0.023818671
YIR002C,1,,0.023818671
YIR034C,1,,0.023818671
YIR037W,1,,0.023818671
YIR038C,1,,0.023818671
YJL020C,1,,0.023818671
YJL033W,1,,0.023818671
YJL060W,1,,0.023818671
YJL076W,1,,0.023818671
YJL078C,1,,0.023818671
YJL110C,1,,0.023818671
YJL159W,1,,0.023818671
YJL162C,1,,0.023818671
YJL167W,1,,0.023818671
YJL173C,1,,0.023818671
YJL194W,1,,0.023818671
YJR006W,1,,0.023818671
YJR119C,1,,0.023818671
YJR132W,1,,0.023818671
YJR140C,1,,0.023818671
YKL002W,1,,0.023818671
YKL010C,1,,0.023818671
YKL029C,1,,0.023818671
YKL045W,1,,0.023818671
YKL064W,1,,0.023818671
YKL112W,1,,0.023818671
YKL127W,1,,0.023818671
YKL142W,1,,0.023818671
YKL144C,1,,0.023818671
YKL145W,1,,0.023818671
YKL183W,1,,0.023818671
YKL212W,1,,0.023818671
YKL215C,1,,0.023818671
YKL218C,1,,0.023818671
YKR002W,1,,0.023818671
YKR029C,1,,0.023818671
YKR072C,1,,0.023818671
YKR080W,1,,0.023818671
YKR086W,1,,0.023818671
YLL008W,1,,0.023818671
YLL012W,1,,0.023818671
YLL062C,1,,0.023818671
YLR004C,1,,0.023818671
YLR009W,1,,0.023818671
YLR027C,1,,0.023818671
YLR053C,1,,0.023818671
YLR056W,1,,0.023818671
YLR086W,1,,0.023818671
YLR090W,1,,0.023818671
YLR102C,1,,0.023818671
YLR146C,1,,0.023818671
YLR163C,1,,0.023818671
YLR207W,1,,0.023818671
YLR241W,1,,0.023818671
YLR247C,1,,0.023818671
YLR264W,1,,0.023818671
YLR299W,1,,0.023818671
YLR300W,1,,0.023818671
YLR319C,1,,0.023818671
YLR320W,1,,0.023818671
YLR342W,1,,0.023818671
YLR354C,1,,0.023818671
YLR359W,1,,0.023818671
YLR399C,1,,0.023818671
YLR423C,1,,0.023818671
YLR425W,1,,0.023818671
YLR429W,1,,0.023818671
YLR451W,1,,0.023818671
YML028W,1,,0.023818671
YML029W,1,,0.023818671
YML048W,1,,0.023818671
YML051W,1,,0.023818671
YML056C,1,,0.023818671
YML060W,1,,0.023818671
YML065W,1,,0.023818671
YML069W,1,,0.023818671
YML126C,1,,0.023818671
YMR009W,1,,0.023818671
YMR036C,1,,0.023818671
YMR041C,1,,0.023818671
YMR054W,1,,0.023818671
YMR095C,1,,0.023818671
YMR096W,1,,0.023818671
YMR128W,1,,0.023818671
YMR162C,1,,0.023818671
YMR176W,1,,0.023818671
YMR181C,1,,0.023818671
YMR198W,1,,0.023818671
YMR215W,1,,0.023818671
YMR233W,1,,0.023818671
YMR235C,1,,0.023818671
YMR236W,1,,0.023818671
YMR263W,1,,0.023818671
YMR264W,1,,0.023818671
YMR315W,1,,0.023818671
YNL025C,1,,0.023818671
YNL032W,1,,0.023818671
YNL085W,1,,0.023818671
YNL094W,1,,0.023818671
YNL097C,1,,0.023818671
YNL151C,1,,0.023818671
YNL154C,1,,0.023818671
YNL191W,1,,0.023818671
YNL216W,1,,0.023818671
YNL229C,1,,0.023818671
YNL232W,1,,0.023818671
YNL266W,1,,0.023818671
YNL271C,1,,0.023818671
YNL292W,1,,0.023818671
YNL311C,1,,0.023818671
YNL312W,1,,0.023818671
YNR003C,1,,0.023818671
YNR015W,1,,0.023818671
YNR016C,1,,0.023818671
YNR032W,1,,0.023818671
YNR050C,1,,0.023818671
YNR052C,1,,0.023818671
YNR065C,1,,0.023818671
YOL004W,1,,0.023818671
YOL006C,1,,0.023818671
YOL012C,1,,0.023818671
YOL021C,1,,0.023818671
YOL038W,1,,0.023818671
YOL051W,1,,0.023818671
YOL059W,1,,0.023818671
YOL068C,1,,0.023818671
YOL077C,1,,0.023818671
YOL111C,1,,0.023818671
YOR036W,1,,0.023818671
YOR037W,1,,0.023818671
YOR054C,1,,0.023818671
YOR057W,1,,0.023818671
YOR063W,1,,0.023818671
YOR074C,1,,0.023818671
YOR117W,1,,0.023818671
YOR119C,1,,0.023818671
YOR159C,1,,0.023818671
YOR190W,1,,0.023818671
YOR201C,1,,0.023818671
YOR202W,1,,0.023818671
YOR226C,1,,0.023818671
YOR259C,1,,0.023818671
YOR261C,1,,0.023818671
YOR311C,1,,0.023818671
YOR327C,1,,0.023818671
YOR339C,1,,0.023818671
YPL004C,1,,0.023818671
YPL026C,1,,0.023818671
YPL066W,1,,0.023818671
YPL097W,1,,0.023818671
YPL129W,1,,0.023818671
YPL187W,1,,0.023818671
YPL213W,1,,0.023818671
YPL253C,1,,0.023818671
YPL264C,1,,0.023818671
YPR041W,1,,0.023818671
YPR067W,1,,0.023818671
YPR120C,1,,0.023818671
YPL211W,1,,0.023818671
YPR201W,1,,0.023818671
YJL042W,1,,0.023818671
YOR167C,1,,0.023818671
YPR128C,1,,0.023818671
YPL068C,1,,0.023818671
YOR304W,1,,0.023818671
YDL206W,1,,0.023818671
YOR158W,1,,0.023818671
YPR115W,1,,0.023818671
YMR270C,1,,0.023818671
YOL102C,1,,0.023818671
YPR132W,1,,0.023818671
YNL112W,1,,0.023818671
YPR156C,1,,0.023818671
YPR191W,1,,0.023818671
YPR165W,1,,0.023818671
YOR250C,1,,0.023818671
YJL155C,1,,0.023818671
YKL141W,1,,0.023818671
YPL028W,1,,0.023818671
YPR033C,1,,0.023818671
YNR013C,1,,0.023818671
YPL274W,1,,0.023818671
YMR200W,1,,0.023818671
YMR250W,1,,0.023818671
YGR105W,1,,0.023818671
YGL162W,1,,0.023818671
YOL097C,1,,0.023818671
YPR074C,1,,0.023818671
YPR035W,1,,0.023818671
YER087W,1,,0.023818671
YOL058W,1,,0.023818671
YIL160C,1,,0.023818671
YOR353C,1,,0.023818671
YEL022W,1,,0.023818671
YGR150C,1,,0.023818671
YKL003C,1,,0.023818671
YNL186W,1,,0.023818671
YPL135W,1,,0.023818671
YPR051W,1,,0.023818671
YPL217C,1,,0.023818671
YLR138W,1,,0.023818671
YOR323C,1,,0.023818671
YLL031C,1,,0.023818671
YNR058W,1,,0.023818671
YGR216C,1,,0.023818671
YOR145C,1,,0.023818671
YPL109C,1,,0.023818671
YJR108W,1,,0.023818671
YGR171C,1,,0.023818671
YPL228W,1,,0.023818671
YPL222W,1,,0.023818671
YGR062C,1,,0.023818671
YMR188C,1,,0.023818671
YPL226W,1,,0.023818671
YPR104C,1,,0.023818671
YPL175W,1,,0.023818671
YOR303W,1,,0.023818671
YNL213C,1,,0.023818671
YOL098C,1,,0.023818671
YPR036W,1,,0.023818671
YLL056C,1,,0.023818671
YPL092W,1,,0.023818671
YGR169C,1,,0.023818671
YOL039W,1,,0.023818671
YMR089C,1,,0.023818671
YNL142W,1,,0.023818671
YPL205C,1,,0.023818671
YPL073C,1,,0.023818671
YIL044C,1,,0.023818671
YOR246C,1,,0.023818671
YOL127W,1,,0.023818671
YLR420W,1,,0.023818671
YOR227W,1,,0.023818671
YNL255C,1,,0.023818671
YLR060W,1,,0.023818671
YOR092W,1,,0.023818671
YPL179W,1,,0.023818671
YPL188W,1,,0.023818671
YLL029W,1,,0.023818671
YMR023C,1,,0.023818671
YOR048C,1,,0.023818671
YJL129C,1,,0.023818671
YKL170W,1,,0.023818671
YOL151W,1,,0.023818671
YNL011C,1,,0.023818671
YMR260C,1,,0.023818671
YOR184W,1,,0.023818671
YKL167C,1,,0.023818671
YKR006C,1,,0.023818671
YNR036C,1,,0.023818671
YMR150C,1,,0.023818671
YMR158W,1,,0.023818671
YOR350C,1,,0.023818671
YNL329C,1,,0.023818671
YPR004C,1,,0.023818671
YOL088C,1,,0.023818671
YNL212W,1,,0.023818671
YLR075W,1,,0.023818671
YPL231W,1,,0.023818671
YOR346W,1,,0.023818671
YPL040C,1,,0.023818671
YOR033C,1,,0.023818671
YMR210W,1,,0.023818671
YNL104C,1,,0.023818671
YOR095C,1,,0.023818671
YOL137W,1,,0.023818671
Q0050,0,41.98387097,0
Q0080,0,,0
Q0085,0,,0
Q0130,0,,0
Q0250,0,,0
Q0275,0,,0
R0020C,0,,0
R0030W,0,,0
YAL001C,0,,0
YAL002W,0,,0
YAL003W,0,,0
YAL004W,0,,0
YAL007C,0,,0
YAL009W,0,,0
YAL010C,0,,0
YAL011W,0,,0
YAL014C,0,,0
YAL016W,0,,0
YAL018C,0,,0
YAL019W,0,,0
YAL022C,0,,0
YAL023C,0,,0
YAL024C,0,,0
YAL025C,0,,0
YAL028W,0,,0
YAL030W,0,,0
YAL031C,0,,0
YAL032C,0,,0
YAL033W,0,,0
YAL034C,0,,0
YAL034W-A,0,,0
YAL041W,0,,0
YAL043C,0,,0
YAL045C,0,,0
YAL047C,0,,0
YAL048C,0,,0
YAL049C,0,,0
YAL051W,0,,0
YAL055W,0,,0
YAL056W,0,,0
YAL058W,0,,0
YAL061W,0,,0
YAL063C-A,0,,0
YAL064W,0,,0
YAL064W-B,0,,0
YAL066W,0,,0
YAL069W,0,,0
YAR002C-A,0,,0
YAR002W,0,,0
YAR003W,0,,0
YAR008W,0,,0
YAR018C,0,,0
YAR019C,0,,0
YAR023C,0,,0
YAR030C,0,,0
YAR031W,0,,0
YAR035W,0,,0
YAR047C,0,,0
YAR064W,0,,0
YAR066W,0,,0
YAR068W,0,,0
YAR069C,0,,0
YAR071W,0,,0
YAR073W,0,,0
YBL002W,0,,0
YBL003C,0,,0
YBL004W,0,,0
YBL005W,0,,0
YBL005W-B,0,,0
YBL006C,0,,0
YBL007C,0,,0
YBL008W,0,,0
YBL009W,0,,0
YBL010C,0,,0
YBL013W,0,,0
YBL016W,0,,0
YBL017C,0,,0
YBL018C,0,,0
YBL019W,0,,0
YBL020W,0,,0
YBL022C,0,,0
YBL025W,0,,0
YBL026W,0,,0
YBL027W,0,,0
YBL029W,0,,0
YBL030C,0,,0
YBL031W,0,,0
YBL032W,0,,0
YBL033C,0,,0
YBL034C,0,,0
YBL037W,0,,0
YBL039C,0,,0
YBL040C,0,,0
YBL042C,0,,0
YBL043W,0,,0
YBL044W,0,,0
YBL046W,0,,0
YBL047C,0,,0
YBL049W,0,,0
YBL050W,0,,0
YBL051C,0,,0
YBL052C,0,,0
YBL053W,0,,0
YBL054W,0,,0
YBL059W,0,,0
YBL063W,0,,0
YBL064C,0,,0
YBL065W,0,,0
YBL067C,0,,0
YBL068W,0,,0
YBL071C,0,,0
YBL072C,0,,0
YBL074C,0,,0
YBL078C,0,,0
YBL079W,0,,0
YBL080C,0,,0
YBL081W,0,,0
YBL082C,0,,0
YBL085W,0,,0
YBL086C,0,,0
YBL088C,0,,0
YBL089W,0,,0
YBL091C,0,,0
YBL092W,0,,0
YBL094C,0,,0
YBL095W,0,,0
YBL097W,0,,0
YBL098W,0,,0
YBL100C,0,,0
YBL101C,0,,0
YBL102W,0,,0
YBL103C,0,,0
YBL104C,0,,0
YBL105C,0,,0
YBL106C,0,,0
YBL107C,0,,0
YBL108W,0,,0
YBL112C,0,,0
YBL113C,0,,0
YBR001C,0,,0
YBR004C,0,,0
YBR006W,0,,0
YBR007C,0,,0
YBR008C,0,,0
YBR012C,0,,0
YBR012W-B,0,,0
YBR013C,0,,0
YBR015C,0,,0
YBR017C,0,,0
YBR023C,0,,0
YBR024W,0,,0
YBR025C,0,,0
YBR027C,0,,0
YBR028C,0,,0
YBR029C,0,,0
YBR033W,0,,0
YBR035C,0,,0
YBR037C,0,,0
YBR038W,0,,0
YBR040W,0,,0
YBR041W,0,,0
YBR043C,0,,0
YBR045C,0,,0
YBR047W,0,,0
YBR050C,0,,0
YBR052C,0,,0
YBR053C,0,,0
YBR055C,0,,0
YBR056W,0,,0
YBR057C,0,,0
YBR059C,0,,0
YBR060C,0,,0
YBR061C,0,,0
YBR063C,0,,0
YBR064W,0,,0
YBR065C,0,,0
YBR066C,0,,0
YBR067C,0,,0
YBR068C,0,,0
YBR070C,0,,0
YBR076W,0,,0
YBR077C,0,,0
YBR078W,0,,0
YBR079C,0,,0
YBR081C,0,,0
YBR083W,0,,0
YBR085W,0,,0
YBR086C,0,,0
YBR089W,0,,0
YBR090C,0,,0
YBR091C,0,,0
YBR094W,0,,0
YBR096W,0,,0
YBR097W,0,,0
YBR098W,0,,0
YBR099C,0,,0
YBR102C,0,,0
YBR105C,0,,0
YBR107C,0,,0
YBR108W,0,,0
YBR109W-A,0,,0
YBR111W-A,0,,0
YBR113W,0,,0
YBR115C,0,,0
YBR116C,0,,0
YBR119W,0,,0
YBR120C,0,,0
YBR124W,0,,0
YBR128C,0,,0
YBR129C,0,,0
YBR131W,0,,0
YBR133C,0,,0
YBR134W,0,,0
YBR138C,0,,0
YBR139W,0,,0
YBR140C,0,,0
YBR141C,0,,0
YBR144C,0,,0
YBR145W,0,,0
YBR149W,0,,0
YBR150C,0,,0
YBR156C,0,,0
YBR157C,0,,0
YBR158W,0,,0
YBR159W,0,,0
YBR160W,0,,0
YBR161W,0,,0
YBR163W,0,,0
YBR166C,0,,0
YBR167C,0,,0
YBR168W,0,,0
YBR172C,0,,0
YBR173C,0,,0
YBR174C,0,,0
YBR175W,0,,0
YBR176W,0,,0
YBR177C,0,,0
YBR178W,0,,0
YBR179C,0,,0
YBR180W,0,,0
YBR182C,0,,0
YBR183W,0,,0
YBR184W,0,,0
YBR185C,0,,0
YBR186W,0,,0
YBR187W,0,,0
YBR188C,0,,0
YBR190W,0,,0
YBR193C,0,,0
YBR194W,0,,0
YBR195C,0,,0
YBR197C,0,,0
YBR199W,0,,0
YBR200W,0,,0
YBR201W,0,,0
YBR203W,0,,0
YBR204C,0,,0
YBR205W,0,,0
YBR207W,0,,0
YBR209W,0,,0
YBR211C,0,,0
YBR212W,0,,0
YBR213W,0,,0
YBR214W,0,,0
YBR215W,0,,0
YBR216C,0,,0
YBR217W,0,,0
YBR219C,0,,0
YBR220C,0,,0
YBR222C,0,,0
YBR223C,0,,0
YBR225W,0,,0
YBR226C,0,,0
YBR227C,0,,0
YBR228W,0,,0
YBR229C,0,,0
YBR230C,0,,0
YBR231C,0,,0
YBR235W,0,,0
YBR236C,0,,0
YBR237W,0,,0
YBR239C,0,,0
YBR240C,0,,0
YBR241C,0,,0
YBR242W,0,,0
YBR244W,0,,0
YBR246W,0,,0
YBR247C,0,,0
YBR250W,0,,0
YBR252W,0,,0
YBR254C,0,,0
YBR255W,0,,0
YBR258C,0,,0
YBR260C,0,,0
YBR261C,0,,0
YBR262C,0,,0
YBR264C,0,,0
YBR265W,0,,0
YBR266C,0,,0
YBR267W,0,,0
YBR269C,0,,0
YBR271W,0,,0
YBR272C,0,,0
YBR273C,0,,0
YBR274W,0,,0
YBR275C,0,,0
YBR277C,0,,0
YBR279W,0,,0
YBR280C,0,,0
YBR282W,0,,0
YBR284W,0,,0
YBR285W,0,,0
YBR286W,0,,0
YBR287W,0,,0
YBR288C,0,,0
YBR289W,0,,0
YBR291C,0,,0
YBR295W,0,,0
YBR296C,0,,0
YBR298C,0,,0
YBR299W,0,,0
YBR301W,0,,0
YBR302C,0,,0
YCL004W,0,,0
YCL005W,0,,0
YCL007C,0,,0
YCL008C,0,,0
YCL010C,0,,0
YCL011C,0,,0
YCL016C,0,,0
YCL017C,0,,0
YCL018W,0,,0
YCL019W,0,,0
YCL020W,0,,0
YCL023C,0,,0
YCL024W,0,,0
YCL026C-A,0,,0
YCL029C,0,,0
YCL031C,0,,0
YCL032W,0,,0
YCL033C,0,,0
YCL034W,0,,0
YCL035C,0,,0
YCL036W,0,,0
YCL037C,0,,0
YCL038C,0,,0
YCL039W,0,,0
YCL042W,0,,0
YCL044C,0,,0
YCL045C,0,,0
YCL046W,0,,0
YCL049C,0,,0
YCL050C,0,,0
YCL051W,0,,0
YCL052C,0,,0
YCL054W,0,,0
YCL055W,0,,0
YCL056C,0,,0
YCL058C,0,,0
YCL059C,0,,0
YCL061C,0,,0
YCL063W,0,,0
YCL065W,0,,0
YCL069W,0,,0
YCL076W,0,,0
YCR001W,0,,0
YCR003W,0,,0
YCR004C,0,,0
YCR007C,0,,0
YCR008W,0,,0
YCR009C,0,,0
YCR010C,0,,0
YCR011C,0,,0
YCR015C,0,,0
YCR016W,0,,0
YCR021C,0,,0
YCR022C,0,,0
YCR023C,0,,0
YCR033W,0,,0
YCR034W,0,,0
YCR035C,0,,0
YCR036W,0,,0
YCR038C,0,,0
YCR039C,0,,0
YCR040W,0,,0
YCR041W,0,,0
YCR042C,0,,0
YCR044C,0,,0
YCR045C,0,,0
YCR047C,0,,0
YCR048W,0,,0
YCR050C,0,,0
YCR052W,0,,0
YCR054C,0,,0
YCR057C,0,,0
YCR059C,0,,0
YCR060W,0,,0
YCR061W,0,,0
YCR067C,0,,0
YCR068W,0,,0
YCR071C,0,,0
YCR072C,0,,0
YCR073C,0,,0
YCR075C,0,,0
YCR076C,0,,0
YCR077C,0,,0
YCR081W,0,,0
YCR082W,0,,0
YCR084C,0,,0
YCR086W,0,,0
YCR087C-A,0,,0
YCR087W,0,,0
YCR088W,0,,0
YCR091W,0,,0
YCR095C,0,,0
YCR098C,0,,0
YCR099C,0,,0
YCR100C,0,,0
YCR101C,0,,0
YCR106W,0,,0
YCR107W,0,,0
YDL001W,0,,0
YDL002C,0,,0
YDL003W,0,,0
YDL004W,0,,0
YDL006W,0,,0
YDL007W,0,,0
YDL011C,0,,0
YDL012C,0,,0
YDL013W,0,,0
YDL015C,0,,0
YDL017W,0,,0
YDL019C,0,,0
YDL022W,0,,0
YDL023C,0,,0
YDL024C,0,,0
YDL025C,0,,0
YDL026W,0,,0
YDL027C,0,,0
YDL028C,0,,0
YDL030W,0,,0
YDL035C,0,,0
YDL037C,0,,0
YDL040C,0,,0
YDL041W,0,,0
YDL044C,0,,0
YDL045C,0,,0
YDL046W,0,,0
YDL049C,0,,0
YDL050C,0,,0
YDL051W,0,,0
YDL053C,0,,0
YDL054C,0,,0
YDL056W,0,,0
YDL058W,0,,0
YDL061C,0,,0
YDL062W,0,,0
YDL065C,0,,0
YDL066W,0,,0
YDL067C,0,,0
YDL069C,0,,0
YDL072C,0,,0
YDL073W,0,,0
YDL074C,0,,0
YDL075W,0,,0
YDL076C,0,,0
YDL077C,0,,0
YDL079C,0,,0
YDL080C,0,,0
YDL082W,0,,0
YDL084W,0,,0
YDL085W,0,,0
YDL088C,0,,0
YDL089W,0,,0
YDL090C,0,,0
YDL091C,0,,0
YDL092W,0,,0
YDL094C,0,,0
YDL095W,0,,0
YDL096C,0,,0
YDL098C,0,,0
YDL099W,0,,0
YDL103C,0,,0
YDL104C,0,,0
YDL106C,0,,0
YDL108W,0,,0
YDL110C,0,,0
YDL111C,0,,0
YDL112W,0,,0
YDL113C,0,,0
YDL114W,0,,0
YDL115C,0,,0
YDL116W,0,,0
YDL118W,0,,0
YDL119C,0,,0
YDL121C,0,,0
YDL123W,0,,0
YDL124W,0,,0
YDL125C,0,,0
YDL127W,0,,0
YDL129W,0,,0
YDL131W,0,,0
YDL133W,0,,0
YDL134C,0,,0
YDL135C,0,,0
YDL139C,0,,0
YDL143W,0,,0
YDL144C,0,,0
YDL146W,0,,0
YDL148C,0,,0
YDL149W,0,,0
YDL150W,0,,0
YDL156W,0,,0
YDL158C,0,,0
YDL159W,0,,0
YDL159W-A,0,,0
YDL161W,0,,0
YDL162C,0,,0
YDL165W,0,,0
YDL166C,0,,0
YDL167C,0,,0
YDL172C,0,,0
YDL173W,0,,0
YDL180W,0,,0
YDL181W,0,,0
YDL183C,0,,0
YDL185W,0,,0
YDL186W,0,,0
YDL189W,0,,0
YDL195W,0,,0
YDL196W,0,,0
YDL198C,0,,0
YDL199C,0,,0
YDL201W,0,,0
YDL202W,0,,0
YDL203C,0,,0
YDL204W,0,,0
YDL207W,0,,0
YDL209C,0,,0
YDL210W,0,,0
YDL212W,0,,0
YDL214C,0,,0
YDL215C,0,,0
YDL216C,0,,0
YDL217C,0,,0
YDL218W,0,,0
YDL219W,0,,0
YDL221W,0,,0
YDL223C,0,,0
YDL224C,0,,0
YDL230W,0,,0
YDL233W,0,,0
YDL235C,0,,0
YDL236W,0,,0
YDL237W,0,,0
YDL239C,0,,0
YDL240W,0,,0
YDL241W,0,,0
YDL243C,0,,0
YDL245C,0,,0
YDL246C,0,,0
YDL248W,0,,0
YDR001C,0,,0
YDR002W,0,,0
YDR003W,0,,0
YDR005C,0,,0
YDR006C,0,,0
YDR009W,0,,0
YDR010C,0,,0
YDR012W,0,,0
YDR013W,0,,0
YDR016C,0,,0
YDR017C,0,,0
YDR018C,0,,0
YDR020C,0,,0
YDR021W,0,,0
YDR022C,0,,0
YDR023W,0,,0
YDR024W,0,,0
YDR026C,0,,0
YDR027C,0,,0
YDR031W,0,,0
YDR032C,0,,0
YDR034C,0,,0
YDR038C,0,,0
YDR040C,0,,0
YDR042C,0,,0
YDR043C,0,,0
YDR045C,0,,0
YDR046C,0,,0
YDR050C,0,,0
YDR052C,0,,0
YDR054C,0,,0
YDR055W,0,,0
YDR056C,0,,0
YDR061W,0,,0
YDR063W,0,,0
YDR066C,0,,0
YDR067C,0,,0
YDR068W,0,,0
YDR069C,0,,0
YDR070C,0,,0
YDR072C,0,,0
YDR073W,0,,0
YDR074W,0,,0
YDR079C-A,0,,0
YDR079W,0,,0
YDR080W,0,,0
YDR082W,0,,0
YDR085C,0,,0
YDR087C,0,,0
YDR088C,0,,0
YDR091C,0,,0
YDR093W,0,,0
YDR095C,0,,0
YDR096W,0,,0
YDR100W,0,,0
YDR102C,0,,0
YDR103W,0,,0
YDR104C,0,,0
YDR105C,0,,0
YDR106W,0,,0
YDR107C,0,,0
YDR108W,0,,0
YDR110W,0,,0
YDR111C,0,,0
YDR113C,0,,0
YDR115W,0,,0
YDR118W,0,,0
YDR119W,0,,0
YDR121W,0,,0
YDR122W,0,,0
YDR123C,0,,0
YDR126W,0,,0
YDR127W,0,,0
YDR130C,0,,0
YDR133C,0,,0
YDR135C,0,,0
YDR136C,0,,0
YDR137W,0,,0
YDR139C,0,,0
YDR140W,0,,0
YDR142C,0,,0
YDR144C,0,,0
YDR145W,0,,0
YDR146C,0,,0
YDR150W,0,,0
YDR152W,0,,0
YDR156W,0,,0
YDR158W,0,,0
YDR159W,0,,0
YDR160W,0,,0
YDR162C,0,,0
YDR165W,0,,0
YDR166C,0,,0
YDR168W,0,,0
YDR169C,0,,0
YDR170W-A,0,,0
YDR173C,0,,0
YDR174W,0,,0
YDR175C,0,,0
YDR176W,0,,0
YDR177W,0,,0
YDR178W,0,,0
YDR179C,0,,0
YDR180W,0,,0
YDR181C,0,,0
YDR183W,0,,0
YDR184C,0,,0
YDR188W,0,,0
YDR189W,0,,0
YDR192C,0,,0
YDR195W,0,,0
YDR198C,0,,0
YDR201W,0,,0
YDR202C,0,,0
YDR205W,0,,0
YDR206W,0,,0
YDR207C,0,,0
YDR211W,0,,0
YDR212W,0,,0
YDR213W,0,,0
YDR214W,0,,0
YDR216W,0,,0
YDR217C,0,,0
YDR218C,0,,0
YDR219C,0,,0
YDR221W,0,,0
YDR224C,0,,0
YDR226W,0,,0
YDR227W,0,,0
YDR228C,0,,0
YDR229W,0,,0
YDR233C,0,,0
YDR235W,0,,0
YDR236C,0,,0
YDR238C,0,,0
YDR239C,0,,0
YDR240C,0,,0
YDR243C,0,,0
YDR244W,0,,0
YDR245W,0,,0
YDR246W,0,,0
YDR247W,0,,0
YDR250C,0,,0
YDR251W,0,,0
YDR252W,0,,0
YDR253C,0,,0
YDR254W,0,,0
YDR255C,0,,0
YDR256C,0,,0
YDR259C,0,,0
YDR261W-A,0,,0
YDR262W,0,,0
YDR263C,0,,0
YDR264C,0,,0
YDR265W,0,,0
YDR268W,0,,0
YDR269C,0,,0
YDR270W,0,,0
YDR271C,0,,0
YDR273W,0,,0
YDR275W,0,,0
YDR276C,0,,0
YDR277C,0,,0
YDR279W,0,,0
YDR281C,0,,0
YDR285W,0,,0
YDR286C,0,,0
YDR287W,0,,0
YDR289C,0,,0
YDR290W,0,,0
YDR291W,0,,0
YDR292C,0,,0
YDR293C,0,,0
YDR298C,0,,0
YDR299W,0,,0
YDR303C,0,,0
YDR305C,0,,0
YDR308C,0,,0
YDR309C,0,,0
YDR310C,0,,0
YDR311W,0,,0
YDR312W,0,,0
YDR313C,0,,0
YDR314C,0,,0
YDR317W,0,,0
YDR318W,0,,0
YDR319C,0,,0
YDR322C-A,0,,0
YDR323C,0,,0
YDR324C,0,,0
YDR326C,0,,0
YDR327W,0,,0
YDR329C,0,,0
YDR332W,0,,0
YDR333C,0,,0
YDR334W,0,,0
YDR340W,0,,0
YDR342C,0,,0
YDR343C,0,,0
YDR344C,0,,0
YDR345C,0,,0
YDR346C,0,,0
YDR348C,0,,0
YDR349C,0,,0
YDR350C,0,,0
YDR351W,0,,0
YDR356W,0,,0
YDR357C,0,,0
YDR359C,0,,0
YDR361C,0,,0
YDR362C,0,,0
YDR363W-A,0,,0
YDR364C,0,,0
YDR366C,0,,0
YDR367W,0,,0
YDR368W,0,,0
YDR370C,0,,0
YDR371W,0,,0
YDR372C,0,,0
YDR373W,0,,0
YDR374C,0,,0
YDR376W,0,,0
YDR377W,0,,0
YDR378C,0,,0
YDR379W,0,,0
YDR380W,0,,0
YDR381W,0,,0
YDR383C,0,,0
YDR384C,0,,0
YDR387C,0,,0
YDR388W,0,,0
YDR389W,0,,0
YDR392W,0,,0
YDR395W,0,,0
YDR397C,0,,0
YDR399W,0,,0
YDR403W,0,,0
YDR405W,0,,0
YDR407C,0,,0
YDR409W,0,,0
YDR410C,0,,0
YDR412W,0,,0
YDR413C,0,,0
YDR415C,0,,0
YDR416W,0,,0
YDR422C,0,,0
YDR423C,0,,0
YDR424C,0,,0
YDR425W,0,,0
YDR427W,0,,0
YDR428C,0,,0
YDR432W,0,,0
YDR433W,0,,0
YDR435C,0,,0
YDR438W,0,,0
YDR439W,0,,0
YDR441C,0,,0
YDR443C,0,,0
YDR444W,0,,0
YDR445C,0,,0
YDR446W,0,,0
YDR448W,0,,0
YDR449C,0,,0
YDR452W,0,,0
YDR455C,0,,0
YDR457W,0,,0
YDR461W,0,,0
YDR462W,0,,0
YDR464W,0,,0
YDR465C,0,,0
YDR466W,0,,0
YDR468C,0,,0
YDR469W,0,,0
YDR472W,0,,0
YDR473C,0,,0
YDR475C,0,,0
YDR477W,0,,0
YDR479C,0,,0
YDR480W,0,,0
YDR482C,0,,0
YDR483W,0,,0
YDR484W,0,,0
YDR485C,0,,0
YDR487C,0,,0
YDR488C,0,,0
YDR489W,0,,0
YDR490C,0,,0
YDR492W,0,,0
YDR496C,0,,0
YDR497C,0,,0
YDR498C,0,,0
YDR499W,0,,0
YDR500C,0,,0
YDR503C,0,,0
YDR504C,0,,0
YDR505C,0,,0
YDR506C,0,,0
YDR507C,0,,0
YDR508C,0,,0
YDR511W,0,,0
YDR512C,0,,0
YDR514C,0,,0
YDR515W,0,,0
YDR516C,0,,0
YDR517W,0,,0
YDR520C,0,,0
YDR523C,0,,0
YDR524C,0,,0
YDR526C,0,,0
YDR527W,0,,0
YDR529C,0,,0
YDR530C,0,,0
YDR531W,0,,0
YDR532C,0,,0
YDR533C,0,,0
YDR534C,0,,0
YDR536W,0,,0
YDR538W,0,,0
YDR541C,0,,0
YDR542W,0,,0
YDR545W,0,,0
YEL002C,0,,0
YEL003W,0,,0
YEL004W,0,,0
YEL005C,0,,0
YEL006W,0,,0
YEL008W,0,,0
YEL009C,0,,0
YEL011W,0,,0
YEL012W,0,,0
YEL013W,0,,0
YEL016C,0,,0
YEL017W,0,,0
YEL018W,0,,0
YEL019C,0,,0
YEL020W-A,0,,0
YEL023C,0,,0
YEL026W,0,,0
YEL027W,0,,0
YEL032W,0,,0
YEL036C,0,,0
YEL038W,0,,0
YEL039C,0,,0
YEL042W,0,,0
YEL043W,0,,0
YEL046C,0,,0
YEL048C,0,,0
YEL049W,0,,0
YEL051W,0,,0
YEL053C,0,,0
YEL055C,0,,0
YEL056W,0,,0
YEL057C,0,,0
YEL058W,0,,0
YEL059W,0,,0
YEL060C,0,,0
YEL061C,0,,0
YEL062W,0,,0
YEL064C,0,,0
YEL066W,0,,0
YEL068C,0,,0
YEL069C,0,,0
YEL070W,0,,0
YEL071W,0,,0
YEL072W,0,,0
YEL074W,0,,0
YEL075C,0,,0
YEL077C,0,,0
YER002W,0,,0
YER004W,0,,0
YER007C-A,0,,0
YER007W,0,,0
YER008C,0,,0
YER009W,0,,0
YER010C,0,,0
YER011W,0,,0
YER013W,0,,0
YER015W,0,,0
YER016W,0,,0
YER018C,0,,0
YER019C-A,0,,0
YER019W,0,,0
YER020W,0,,0
YER021W,0,,0
YER026C,0,,0
YER027C,0,,0
YER028C,0,,0
YER029C,0,,0
YER030W,0,,0
YER031C,0,,0
YER033C,0,,0
YER037W,0,,0
YER038C,0,,0
YER040W,0,,0
YER044C,0,,0
YER045C,0,,0
YER048C,0,,0
YER049W,0,,0
YER051W,0,,0
YER052C,0,,0
YER053C,0,,0
YER054C,0,,0
YER055C,0,,0
YER056C,0,,0
YER058W,0,,0
YER059W,0,,0
YER060W-A,0,,0
YER061C,0,,0
YER062C,0,,0
YER063W,0,,0
YER064C,0,,0
YER065C,0,,0
YER066C-A,0,,0
YER066W,0,,0
YER067W,0,,0
YER068W,0,,0
YER069W,0,,0
YER070W,0,,0
YER071C,0,,0
YER073W,0,,0
YER075C,0,,0
YER076C,0,,0
YER077C,0,,0
YER079W,0,,0
YER082C,0,,0
YER083C,0,,0
YER084W,0,,0
YER087C-B,0,,0
YER088C,0,,0
YER089C,0,,0
YER092W,0,,0
YER093C,0,,0
YER096W,0,,0
YER099C,0,,0
YER100W,0,,0
YER104W,0,,0
YER106W,0,,0
YER107C,0,,0
YER109C,0,,0
YER110C,0,,0
YER111C,0,,0
YER113C,0,,0
YER114C,0,,0
YER115C,0,,0
YER116C,0,,0
YER119C,0,,0
YER120W,0,,0
YER121W,0,,0
YER122C,0,,0
YER123W,0,,0
YER127W,0,,0
YER128W,0,,0
YER129W,0,,0
YER132C,0,,0
YER137C,0,,0
YER138C,0,,0
YER139C,0,,0
YER140W,0,,0
YER143W,0,,0
YER144C,0,,0
YER147C,0,,0
YER149C,0,,0
YER151C,0,,0
YER152C,0,,0
YER153C,0,,0
YER154W,0,,0
YER155C,0,,0
YER156C,0,,0
YER157W,0,,0
YER158C,0,,0
YER159C,0,,0
YER159C-A,0,,0
YER160C,0,,0
YER161C,0,,0
YER162C,0,,0
YER163C,0,,0
YER164W,0,,0
YER165W,0,,0
YER166W,0,,0
YER167W,0,,0
YER168C,0,,0
YER169W,0,,0
YER170W,0,,0
YER175C,0,,0
YER177W,0,,0
YER178W,0,,0
YER181C,0,,0
YER184C,0,,0
YER186C,0,,0
YER188W,0,,0
YFL004W,0,,0
YFL005W,0,,0
YFL007W,0,,0
YFL009W,0,,0
YFL010C,0,,0
YFL011W,0,,0
YFL012W,0,,0
YFL013C,0,,0
YFL014W,0,,0
YFL017W-A,0,,0
YFL021W,0,,0
YFL023W,0,,0
YFL024C,0,,0
YFL025C,0,,0
YFL026W,0,,0
YFL029C,0,,0
YFL033C,0,,0
YFL034C-B,0,,0
YFL034W,0,,0
YFL036W,0,,0
YFL038C,0,,0
YFL040W,0,,0
YFL044C,0,,0
YFL047W,0,,0
YFL048C,0,,0
YFL049W,0,,0
YFL050C,0,,0
YFL051C,0,,0
YFL052W,0,,0
YFL054C,0,,0
YFL055W,0,,0
YFL056C,0,,0
YFL059W,0,,0
YFL060C,0,,0
YFL061W,0,,0
YFL062W,0,,0
YFL063W,0,,0
YFL065C,0,,0
YFL066C,0,,0
YFL067W,0,,0
YFR002W,0,,0
YFR003C,0,,0
YFR008W,0,,0
YFR010W,0,,0
YFR011C,0,,0
YFR013W,0,,0
YFR014C,0,,0
YFR015C,0,,0
YFR017C,0,,0
YFR018C,0,,0
YFR019W,0,,0
YFR021W,0,,0
YFR022W,0,,0
YFR026C,0,,0
YFR027W,0,,0
YFR029W,0,,0
YFR033C,0,,0
YFR034C,0,,0
YFR037C,0,,0
YFR039C,0,,0
YFR040W,0,,0
YFR042W,0,,0
YFR043C,0,,0
YFR044C,0,,0
YFR045W,0,,0
YFR047C,0,,0
YFR049W,0,,0
YFR050C,0,,0
YFR051C,0,,0
YFR052W,0,,0
YGL004C,0,,0
YGL005C,0,,0
YGL006W,0,,0
YGL009C,0,,0
YGL010W,0,,0
YGL011C,0,,0
YGL012W,0,,0
YGL014W,0,,0
YGL015C,0,,0
YGL017W,0,,0
YGL018C,0,,0
YGL021W,0,,0
YGL022W,0,,0
YGL023C,0,,0
YGL024W,0,,0
YGL025C,0,,0
YGL027C,0,,0
YGL028C,0,,0
YGL029W,0,,0
YGL030W,0,,0
YGL032C,0,,0
YGL035C,0,,0
YGL036W,0,,0
YGL037C,0,,0
YGL038C,0,,0
YGL042C,0,,0
YGL045W,0,,0
YGL047W,0,,0
YGL049C,0,,0
YGL050W,0,,0
YGL051W,0,,0
YGL053W,0,,0
YGL054C,0,,0
YGL055W,0,,0
YGL057C,0,,0
YGL058W,0,,0
YGL059W,0,,0
YGL060W,0,,0
YGL066W,0,,0
YGL069C,0,,0
YGL071W,0,,0
YGL072C,0,,0
YGL073W,0,,0
YGL075C,0,,0
YGL077C,0,,0
YGL079W,0,,0
YGL083W,0,,0
YGL084C,0,,0
YGL085W,0,,0
YGL086W,0,,0
YGL087C,0,,0
YGL090W,0,,0
YGL091C,0,,0
YGL092W,0,,0
YGL093W,0,,0
YGL094C,0,,0
YGL095C,0,,0
YGL096W,0,,0
YGL097W,0,,0
YGL098W,0,,0
YGL100W,0,,0
YGL102C,0,,0
YGL111W,0,,0
YGL113W,0,,0
YGL114W,0,,0
YGL117W,0,,0
YGL119W,0,,0
YGL121C,0,,0
YGL122C,0,,0
YGL124C,0,,0
YGL126W,0,,0
YGL127C,0,,0
YGL129C,0,,0
YGL132W,0,,0
YGL133W,0,,0
YGL134W,0,,0
YGL137W,0,,0
YGL138C,0,,0
YGL139W,0,,0
YGL141W,0,,0
YGL142C,0,,0
YGL144C,0,,0
YGL145W,0,,0
YGL146C,0,,0
YGL147C,0,,0
YGL148W,0,,0
YGL149W,0,,0
YGL150C,0,,0
YGL151W,0,,0
YGL153W,0,,0
YGL155W,0,,0
YGL157W,0,,0
YGL158W,0,,0
YGL161C,0,,0
YGL165C,0,,0
YGL166W,0,,0
YGL168W,0,,0
YGL169W,0,,0
YGL170C,0,,0
YGL171W,0,,0
YGL172W,0,,0
YGL174W,0,,0
YGL175C,0,,0
YGL177W,0,,0
YGL178W,0,,0
YGL179C,0,,0
YGL180W,0,,0
YGL183C,0,,0
YGL184C,0,,0
YGL185C,0,,0
YGL187C,0,,0
YGL190C,0,,0
YGL192W,0,,0
YGL195W,0,,0
YGL197W,0,,0
YGL198W,0,,0
YGL200C,0,,0
YGL201C,0,,0
YGL202W,0,,0
YGL204C,0,,0
YGL205W,0,,0
YGL206C,0,,0
YGL210W,0,,0
YGL212W,0,,0
YGL213C,0,,0
YGL214W,0,,0
YGL216W,0,,0
YGL217C,0,,0
YGL222C,0,,0
YGL223C,0,,0
YGL226C-A,0,,0
YGL226W,0,,0
YGL227W,0,,0
YGL230C,0,,0
YGL233W,0,,0
YGL238W,0,,0
YGL241W,0,,0
YGL242C,0,,0
YGL246C,0,,0
YGL247W,0,,0
YGL249W,0,,0
YGL250W,0,,0
YGL251C,0,,0
YGL253W,0,,0
YGL254W,0,,0
YGL258W,0,,0
YGL259W,0,,0
YGL263W,0,,0
YGR002C,0,,0
YGR003W,0,,0
YGR004W,0,,0
YGR009C,0,,0
YGR010W,0,,0
YGR013W,0,,0
YGR014W,0,,0
YGR016W,0,,0
YGR017W,0,,0
YGR018C,0,,0
YGR023W,0,,0
YGR024C,0,,0
YGR026W,0,,0
YGR028W,0,,0
YGR029W,0,,0
YGR031W,0,,0
YGR032W,0,,0
YGR033C,0,,0
YGR035C,0,,0
YGR037C,0,,0
YGR040W,0,,0
YGR041W,0,,0
YGR042W,0,,0
YGR045C,0,,0
YGR046W,0,,0
YGR047C,0,,0
YGR049W,0,,0
YGR053C,0,,0
YGR054W,0,,0
YGR055W,0,,0
YGR056W,0,,0
YGR057C,0,,0
YGR058W,0,,0
YGR059W,0,,0
YGR061C,0,,0
YGR063C,0,,0
YGR064W,0,,0
YGR065C,0,,0
YGR066C,0,,0
YGR067C,0,,0
YGR068C,0,,0
YGR070W,0,,0
YGR071C,0,,0
YGR072W,0,,0
YGR073C,0,,0
YGR075C,0,,0
YGR076C,0,,0
YGR079W,0,,0
YGR080W,0,,0
YGR081C,0,,0
YGR082W,0,,0
YGR087C,0,,0
YGR088W,0,,0
YGR089W,0,,0
YGR090W,0,,0
YGR092W,0,,0
YGR098C,0,,0
YGR099W,0,,0
YGR100W,0,,0
YGR101W,0,,0
YGR102C,0,,0
YGR108W,0,,0
YGR109C,0,,0
YGR110W,0,,0
YGR111W,0,,0
YGR113W,0,,0
YGR114C,0,,0
YGR115C,0,,0
YGR117C,0,,0
YGR119C,0,,0
YGR120C,0,,0
YGR121C,0,,0
YGR122W,0,,0
YGR124W,0,,0
YGR126W,0,,0
YGR129W,0,,0
YGR130C,0,,0
YGR131W,0,,0
YGR133W,0,,0
YGR134W,0,,0
YGR136W,0,,0
YGR139W,0,,0
YGR140W,0,,0
YGR141W,0,,0
YGR142W,0,,0
YGR144W,0,,0
YGR145W,0,,0
YGR146C,0,,0
YGR148C,0,,0
YGR149W,0,,0
YGR151C,0,,0
YGR152C,0,,0
YGR153W,0,,0
YGR154C,0,,0
YGR158C,0,,0
YGR159C,0,,0
YGR160W,0,,0
YGR161C,0,,0
YGR161C-D,0,,0
YGR163W,0,,0
YGR165W,0,,0
YGR166W,0,,0
YGR167W,0,,0
YGR168C,0,,0
YGR172C,0,,0
YGR174C,0,,0
YGR175C,0,,0
YGR178C,0,,0
YGR179C,0,,0
YGR180C,0,,0
YGR181W,0,,0
YGR182C,0,,0
YGR184C,0,,0
YGR186W,0,,0
YGR187C,0,,0
YGR188C,0,,0
YGR189C,0,,0
YGR191W,0,,0
YGR194C,0,,0
YGR196C,0,,0
YGR197C,0,,0
YGR198W,0,,0
YGR199W,0,,0
YGR200C,0,,0
YGR202C,0,,0
YGR203W,0,,0
YGR205W,0,,0
YGR207C,0,,0
YGR208W,0,,0
YGR209C,0,,0
YGR211W,0,,0
YGR213C,0,,0
YGR214W,0,,0
YGR215W,0,,0
YGR217W,0,,0
YGR222W,0,,0
YGR223C,0,,0
YGR224W,0,,0
YGR225W,0,,0
YGR227W,0,,0
YGR228W,0,,0
YGR233C,0,,0
YGR234W,0,,0
YGR236C,0,,0
YGR237C,0,,0
YGR238C,0,,0
YGR240C,0,,0
YGR241C,0,,0
YGR242W,0,,0
YGR243W,0,,0
YGR244C,0,,0
YGR245C,0,,0
YGR246C,0,,0
YGR247W,0,,0
YGR250C,0,,0
YGR252W,0,,0
YGR253C,0,,0
YGR255C,0,,0
YGR256W,0,,0
YGR261C,0,,0
YGR263C,0,,0
YGR266W,0,,0
YGR268C,0,,0
YGR269W,0,,0
YGR270W,0,,0
YGR271W,0,,0
YGR274C,0,,0
YGR275W,0,,0
YGR277C,0,,0
YGR278W,0,,0
YGR279C,0,,0
YGR280C,0,,0
YGR281W,0,,0
YGR282C,0,,0
YGR283C,0,,0
YGR285C,0,,0
YGR289C,0,,0
YGR290W,0,,0
YGR291C,0,,0
YGR292W,0,,0
YGR294W,0,,0
YGR295C,0,,0
YGR296W,0,,0
YHL002W,0,,0
YHL003C,0,,0
YHL006C,0,,0
YHL007C,0,,0
YHL009C,0,,0
YHL010C,0,,0
YHL017W,0,,0
YHL018W,0,,0
YHL019C,0,,0
YHL020C,0,,0
YHL022C,0,,0
YHL023C,0,,0
YHL024W,0,,0
YHL025W,0,,0
YHL026C,0,,0
YHL027W,0,,0
YHL030W,0,,0
YHL031C,0,,0
YHL032C,0,,0
YHL033C,0,,0
YHL034C,0,,0
YHL035C,0,,0
YHL036W,0,,0
YHL039W,0,,0
YHL043W,0,,0
YHL044W,0,,0
YHL045W,0,,0
YHL046C,0,,0
YHL047C,0,,0
YHL049C,0,,0
YHR001W,0,,0
YHR003C,0,,0
YHR005C,0,,0
YHR005C-A,0,,0
YHR007C,0,,0
YHR008C,0,,0
YHR009C,0,,0
YHR015W,0,,0
YHR016C,0,,0
YHR020W,0,,0
YHR022C,0,,0
YHR030C,0,,0
YHR034C,0,,0
YHR035W,0,,0
YHR039C,0,,0
YHR039C-A,0,,0
YHR040W,0,,0
YHR041C,0,,0
YHR043C,0,,0
YHR044C,0,,0
YHR045W,0,,0
YHR046C,0,,0
YHR047C,0,,0
YHR049W,0,,0
YHR050W,0,,0
YHR051W,0,,0
YHR052W,0,,0
YHR053C,0,,0
YHR056C,0,,0
YHR057C,0,,0
YHR058C,0,,0
YHR060W,0,,0
YHR061C,0,,0
YHR062C,0,,0
YHR065C,0,,0
YHR067W,0,,0
YHR068W,0,,0
YHR069C,0,,0
YHR070W,0,,0
YHR071W,0,,0
YHR072W,0,,0
YHR073W,0,,0
YHR075C,0,,0
YHR076W,0,,0
YHR077C,0,,0
YHR078W,0,,0
YHR079C,0,,0
YHR081W,0,,0
YHR082C,0,,0
YHR083W,0,,0
YHR084W,0,,0
YHR085W,0,,0
YHR086W,0,,0
YHR087W,0,,0
YHR089C,0,,0
YHR090C,0,,0
YHR092C,0,,0
YHR094C,0,,0
YHR096C,0,,0
YHR097C,0,,0
YHR098C,0,,0
YHR099W,0,,0
YHR102W,0,,0
YHR103W,0,,0
YHR105W,0,,0
YHR106W,0,,0
YHR108W,0,,0
YHR109W,0,,0
YHR110W,0,,0
YHR111W,0,,0
YHR112C,0,,0
YHR113W,0,,0
YHR114W,0,,0
YHR117W,0,,0
YHR118C,0,,0
YHR119W,0,,0
YHR121W,0,,0
YHR122W,0,,0
YHR124W,0,,0
YHR127W,0,,0
YHR128W,0,,0
YHR129C,0,,0
YHR132C,0,,0
YHR133C,0,,0
YHR135C,0,,0
YHR136C,0,,0
YHR137W,0,,0
YHR138C,0,,0
YHR140W,0,,0
YHR142W,0,,0
YHR144C,0,,0
YHR145C,0,,0
YHR148W,0,,0
YHR149C,0,,0
YHR151C,0,,0
YHR152W,0,,0
YHR154W,0,,0
YHR156C,0,,0
YHR157W,0,,0
YHR158C,0,,0
YHR159W,0,,0
YHR160C,0,,0
YHR161C,0,,0
YHR164C,0,,0
YHR167W,0,,0
YHR168W,0,,0
YHR170W,0,,0
YHR172W,0,,0
YHR175W,0,,0
YHR177W,0,,0
YHR178W,0,,0
YHR180W,0,,0
YHR182W,0,,0
YHR183W,0,,0
YHR184W,0,,0
YHR185C,0,,0
YHR186C,0,,0
YHR187W,0,,0
YHR188C,0,,0
YHR190W,0,,0
YHR191C,0,,0
YHR193C,0,,0
YHR194W,0,,0
YHR195W,0,,0
YHR198C,0,,0
YHR199C,0,,0
YHR200W,0,,0
YHR201C,0,,0
YHR203C,0,,0
YHR204W,0,,0
YHR205W,0,,0
YHR206W,0,,0
YHR207C,0,,0
YHR208W,0,,0
YHR209W,0,,0
YHR211W,0,,0
YHR212W-A,0,,0
YHR214C-B,0,,0
YHR214W-A,0,,0
YHR215W,0,,0
YHR216W,0,,0
YIL001W,0,,0
YIL002C,0,,0
YIL004C,0,,0
YIL005W,0,,0
YIL008W,0,,0
YIL009C-A,0,,0
YIL009W,0,,0
YIL010W,0,,0
YIL011W,0,,0
YIL013C,0,,0
YIL014W,0,,0
YIL016W,0,,0
YIL019W,0,,0
YIL020C,0,,0
YIL022W,0,,0
YIL024C,0,,0
YIL025C,0,,0
YIL026C,0,,0
YIL032C,0,,0
YIL033C,0,,0
YIL034C,0,,0
YIL035C,0,,0
YIL037C,0,,0
YIL039W,0,,0
YIL040W,0,,0
YIL042C,0,,0
YIL045W,0,,0
YIL046W,0,,0
YIL048W,0,,0
YIL049W,0,,0
YIL050W,0,,0
YIL051C,0,,0
YIL053W,0,,0
YIL054W,0,,0
YIL055C,0,,0
YIL059C,0,,0
YIL060W,0,,0
YIL062C,0,,0
YIL065C,0,,0
YIL068C,0,,0
YIL070C,0,,0
YIL071C,0,,0
YIL072W,0,,0
YIL076W,0,,0
YIL082W-A,0,,0
YIL084C,0,,0
YIL085C,0,,0
YIL086C,0,,0
YIL092W,0,,0
YIL095W,0,,0
YIL096C,0,,0
YIL097W,0,,0
YIL098C,0,,0
YIL103W,0,,0
YIL104C,0,,0
YIL106W,0,,0
YIL108W,0,,0
YIL109C,0,,0
YIL110W,0,,0
YIL111W,0,,0
YIL114C,0,,0
YIL115C,0,,0
YIL117C,0,,0
YIL119C,0,,0
YIL120W,0,,0
YIL122W,0,,0
YIL124W,0,,0
YIL125W,0,,0
YIL126W,0,,0
YIL129C,0,,0
YIL130W,0,,0
YIL131C,0,,0
YIL132C,0,,0
YIL139C,0,,0
YIL140W,0,,0
YIL142W,0,,0
YIL145C,0,,0
YIL149C,0,,0
YIL150C,0,,0
YIL151C,0,,0
YIL152W,0,,0
YIL153W,0,,0
YIL154C,0,,0
YIL156W,0,,0
YIL157C,0,,0
YIL158W,0,,0
YIL159W,0,,0
YIL163C,0,,0
YIL166C,0,,0
YIL169C,0,,0
YIL173W,0,,0
YIR003W,0,,0
YIR005W,0,,0
YIR006C,0,,0
YIR009W,0,,0
YIR010W,0,,0
YIR011C,0,,0
YIR012W,0,,0
YIR013C,0,,0
YIR014W,0,,0
YIR016W,0,,0
YIR017C,0,,0
YIR022W,0,,0
YIR023W,0,,0
YIR024C,0,,0
YIR025W,0,,0
YIR026C,0,,0
YIR027C,0,,0
YIR028W,0,,0
YIR033W,0,,0
YIR035C,0,,0
YIR036C,0,,0
YIR040C,0,,0
YIR042C,0,,0
YJL001W,0,,0
YJL002C,0,,0
YJL004C,0,,0
YJL006C,0,,0
YJL008C,0,,0
YJL010C,0,,0
YJL011C,0,,0
YJL012C,0,,0
YJL013C,0,,0
YJL014W,0,,0
YJL015C,0,,0
YJL019W,0,,0
YJL023C,0,,0
YJL024C,0,,0
YJL025W,0,,0
YJL026W,0,,0
YJL029C,0,,0
YJL030W,0,,0
YJL031C,0,,0
YJL035C,0,,0
YJL036W,0,,0
YJL039C,0,,0
YJL041W,0,,0
YJL044C,0,,0
YJL045W,0,,0
YJL047C,0,,0
YJL048C,0,,0
YJL050W,0,,0
YJL052W,0,,0
YJL053W,0,,0
YJL054W,0,,0
YJL055W,0,,0
YJL056C,0,,0
YJL057C,0,,0
YJL058C,0,,0
YJL059W,0,,0
YJL061W,0,,0
YJL062W,0,,0
YJL064W,0,,0
YJL065C,0,,0
YJL066C,0,,0
YJL067W,0,,0
YJL068C,0,,0
YJL069C,0,,0
YJL072C,0,,0
YJL074C,0,,0
YJL075C,0,,0
YJL079C,0,,0
YJL080C,0,,0
YJL081C,0,,0
YJL082W,0,,0
YJL083W,0,,0
YJL084C,0,,0
YJL085W,0,,0
YJL087C,0,,0
YJL089W,0,,0
YJL091C,0,,0
YJL093C,0,,0
YJL094C,0,,0
YJL095W,0,,0
YJL096W,0,,0
YJL098W,0,,0
YJL099W,0,,0
YJL100W,0,,0
YJL102W,0,,0
YJL106W,0,,0
YJL107C,0,,0
YJL108C,0,,0
YJL109C,0,,0
YJL111W,0,,0
YJL112W,0,,0
YJL115W,0,,0
YJL117W,0,,0
YJL122W,0,,0
YJL123C,0,,0
YJL124C,0,,0
YJL128C,0,,0
YJL137C,0,,0
YJL141C,0,,0
YJL143W,0,,0
YJL151C,0,,0
YJL152W,0,,0
YJL153C,0,,0
YJL154C,0,,0
YJL158C,0,,0
YJL163C,0,,0
YJL164C,0,,0
YJL165C,0,,0
YJL166W,0,,0
YJL168C,0,,0
YJL172W,0,,0
YJL174W,0,,0
YJL179W,0,,0
YJL180C,0,,0
YJL181W,0,,0
YJL183W,0,,0
YJL184W,0,,0
YJL185C,0,,0
YJL187C,0,,0
YJL189W,0,,0
YJL191W,0,,0
YJL192C,0,,0
YJL196C,0,,0
YJL198W,0,,0
YJL200C,0,,0
YJL203W,0,,0
YJL208C,0,,0
YJL210W,0,,0
YJL214W,0,,0
YJL215C,0,,0
YJL219W,0,,0
YJL222W,0,,0
YJL222W-A,0,,0
YJL225C,0,,0
YJR001W,0,,0
YJR002W,0,,0
YJR003C,0,,0
YJR005W,0,,0
YJR009C,0,,0
YJR010C-A,0,,0
YJR010W,0,,0
YJR011C,0,,0
YJR014W,0,,0
YJR015W,0,,0
YJR016C,0,,0
YJR019C,0,,0
YJR020W,0,,0
YJR021C,0,,0
YJR023C,0,,0
YJR024C,0,,0
YJR025C,0,,0
YJR027W,0,,0
YJR028W,0,,0
YJR029W,0,,0
YJR030C,0,,0
YJR031C,0,,0
YJR033C,0,,0
YJR034W,0,,0
YJR037W,0,,0
YJR038C,0,,0
YJR040W,0,,0
YJR042W,0,,0
YJR045C,0,,0
YJR048W,0,,0
YJR049C,0,,0
YJR050W,0,,0
YJR052W,0,,0
YJR055W,0,,0
YJR056C,0,,0
YJR058C,0,,0
YJR059W,0,,0
YJR060W,0,,0
YJR061W,0,,0
YJR064W,0,,0
YJR065C,0,,0
YJR066W,0,,0
YJR067C,0,,0
YJR070C,0,,0
YJR072C,0,,0
YJR074W,0,,0
YJR075W,0,,0
YJR077C,0,,0
YJR079W,0,,0
YJR080C,0,,0
YJR082C,0,,0
YJR083C,0,,0
YJR084W,0,,0
YJR086W,0,,0
YJR087W,0,,0
YJR089W,0,,0
YJR090C,0,,0
YJR092W,0,,0
YJR093C,0,,0
YJR094C,0,,0
YJR097W,0,,0
YJR098C,0,,0
YJR099W,0,,0
YJR100C,0,,0
YJR102C,0,,0
YJR103W,0,,0
YJR104C,0,,0
YJR105W,0,,0
YJR110W,0,,0
YJR112W,0,,0
YJR116W,0,,0
YJR120W,0,,0
YJR125C,0,,0
YJR127C,0,,0
YJR131W,0,,0
YJR133W,0,,0
YJR134C,0,,0
YJR135C,0,,0
YJR135W-A,0,,0
YJR136C,0,,0
YJR138W,0,,0
YJR139C,0,,0
YJR141W,0,,0
YJR144W,0,,0
YJR146W,0,,0
YJR152W,0,,0
YJR154W,0,,0
YJR157W,0,,0
YJR159W,0,,0
YJR162C,0,,0
YKL001C,0,,0
YKL004W,0,,0
YKL006C-A,0,,0
YKL007W,0,,0
YKL009W,0,,0
YKL011C,0,,0
YKL012W,0,,0
YKL013C,0,,0
YKL014C,0,,0
YKL016C,0,,0
YKL017C,0,,0
YKL018W,0,,0
YKL019W,0,,0
YKL020C,0,,0
YKL021C,0,,0
YKL022C,0,,0
YKL023W,0,,0
YKL024C,0,,0
YKL025C,0,,0
YKL028W,0,,0
YKL036C,0,,0
YKL038W,0,,0
YKL042W,0,,0
YKL044W,0,,0
YKL047W,0,,0
YKL048C,0,,0
YKL049C,0,,0
YKL050C,0,,0
YKL052C,0,,0
YKL054C,0,,0
YKL056C,0,,0
YKL057C,0,,0
YKL058W,0,,0
YKL059C,0,,0
YKL061W,0,,0
YKL062W,0,,0
YKL065C,0,,0
YKL068W,0,,0
YKL069W,0,,0
YKL072W,0,,0
YKL074C,0,,0
YKL075C,0,,0
YKL079W,0,,0
YKL080W,0,,0
YKL082C,0,,0
YKL086W,0,,0
YKL087C,0,,0
YKL088W,0,,0
YKL090W,0,,0
YKL092C,0,,0
YKL093W,0,,0
YKL098W,0,,0
YKL101W,0,,0
YKL106W,0,,0
YKL107W,0,,0
YKL108W,0,,0
YKL109W,0,,0
YKL110C,0,,0
YKL113C,0,,0
YKL114C,0,,0
YKL116C,0,,0
YKL119C,0,,0
YKL120W,0,,0
YKL122C,0,,0
YKL125W,0,,0
YKL126W,0,,0
YKL130C,0,,0
YKL133C,0,,0
YKL135C,0,,0
YKL137W,0,,0
YKL140W,0,,0
YKL143W,0,,0
YKL146W,0,,0
YKL147C,0,,0
YKL150W,0,,0
YKL153W,0,,0
YKL157W,0,,0
YKL159C,0,,0
YKL161C,0,,0
YKL163W,0,,0
YKL164C,0,,0
YKL165C,0,,0
YKL168C,0,,0
YKL172W,0,,0
YKL174C,0,,0
YKL176C,0,,0
YKL178C,0,,0
YKL179C,0,,0
YKL180W,0,,0
YKL181W,0,,0
YKL186C,0,,0
YKL189W,0,,0
YKL190W,0,,0
YKL192C,0,,0
YKL194C,0,,0
YKL196C,0,,0
YKL197C,0,,0
YKL201C,0,,0
YKL203C,0,,0
YKL204W,0,,0
YKL205W,0,,0
YKL206C,0,,0
YKL208W,0,,0
YKL209C,0,,0
YKL213C,0,,0
YKL214C,0,,0
YKL216W,0,,0
YKL219W,0,,0
YKL221W,0,,0
YKL224C,0,,0
YKR005C,0,,0
YKR007W,0,,0
YKR010C,0,,0
YKR014C,0,,0
YKR016W,0,,0
YKR017C,0,,0
YKR020W,0,,0
YKR021W,0,,0
YKR022C,0,,0
YKR024C,0,,0
YKR025W,0,,0
YKR027W,0,,0
YKR028W,0,,0
YKR030W,0,,0
YKR031C,0,,0
YKR034W,0,,0
YKR037C,0,,0
YKR038C,0,,0
YKR048C,0,,0
YKR050W,0,,0
YKR051W,0,,0
YKR052C,0,,0
YKR054C,0,,0
YKR061W,0,,0
YKR063C,0,,0
YKR064W,0,,0
YKR065C,0,,0
YKR068C,0,,0
YKR070W,0,,0
YKR071C,0,,0
YKR074W,0,,0
YKR077W,0,,0
YKR082W,0,,0
YKR083C,0,,0
YKR084C,0,,0
YKR090W,0,,0
YKR091W,0,,0
YKR092C,0,,0
YKR093W,0,,0
YKR095W,0,,0
YKR095W-A,0,,0
YKR096W,0,,0
YKR099W,0,,0
YKR100C,0,,0
YKR101W,0,,0
YLL001W,0,,0
YLL002W,0,,0
YLL003W,0,,0
YLL004W,0,,0
YLL005C,0,,0
YLL006W,0,,0
YLL010C,0,,0
YLL011W,0,,0
YLL013C,0,,0
YLL015W,0,,0
YLL018C,0,,0
YLL020C,0,,0
YLL021W,0,,0
YLL022C,0,,0
YLL023C,0,,0
YLL028W,0,,0
YLL030C,0,,0
YLL032C,0,,0
YLL033W,0,,0
YLL036C,0,,0
YLL038C,0,,0
YLL040C,0,,0
YLL043W,0,,0
YLL047W,0,,0
YLL048C,0,,0
YLL049W,0,,0
YLL050C,0,,0
YLL059C,0,,0
YLL061W,0,,0
YLL067W-A,0,,0
YLR001C,0,,0
YLR002C,0,,0
YLR003C,0,,0
YLR005W,0,,0
YLR006C,0,,0
YLR007W,0,,0
YLR008C,0,,0
YLR011W,0,,0
YLR014C,0,,0
YLR015W,0,,0
YLR016C,0,,0
YLR018C,0,,0
YLR019W,0,,0
YLR021W,0,,0
YLR024C,0,,0
YLR025W,0,,0
YLR026C,0,,0
YLR028C,0,,0
YLR030W,0,,0
YLR031W,0,,0
YLR034C,0,,0
YLR037C,0,,0
YLR038C,0,,0
YLR039C,0,,0
YLR042C,0,,0
YLR045C,0,,0
YLR049C,0,,0
YLR050C,0,,0
YLR051C,0,,0
YLR052W,0,,0
YLR054C,0,,0
YLR055C,0,,0
YLR057W,0,,0
YLR059C,0,,0
YLR064W,0,,0
YLR066W,0,,0
YLR067C,0,,0
YLR070C,0,,0
YLR071C,0,,0
YLR072W,0,,0
YLR073C,0,,0
YLR076C,0,,0
YLR077W,0,,0
YLR078C,0,,0
YLR079W,0,,0
YLR080W,0,,0
YLR081W,0,,0
YLR083C,0,,0
YLR087C,0,,0
YLR093C,0,,0
YLR094C,0,,0
YLR096W,0,,0
YLR097C,0,,0
YLR098C,0,,0
YLR103C,0,,0
YLR104W,0,,0
YLR105C,0,,0
YLR106C,0,,0
YLR108C,0,,0
YLR109W,0,,0
YLR110C,0,,0
YLR113W,0,,0
YLR115W,0,,0
YLR116W,0,,0
YLR117C,0,,0
YLR119W,0,,0
YLR121C,0,,0
YLR124W,0,,0
YLR125W,0,,0
YLR127C,0,,0
YLR128W,0,,0
YLR129W,0,,0
YLR131C,0,,0
YLR133W,0,,0
YLR135W,0,,0
YLR136C,0,,0
YLR141W,0,,0
YLR143W,0,,0
YLR144C,0,,0
YLR148W,0,,0
YLR150W,0,,0
YLR154C,0,,0
YLR158C,0,,0
YLR166C,0,,0
YLR168C,0,,0
YLR170C,0,,0
YLR171W,0,,0
YLR172C,0,,0
YLR174W,0,,0
YLR176C,0,,0
YLR177W,0,,0
YLR181C,0,,0
YLR182W,0,,0
YLR190W,0,,0
YLR191W,0,,0
YLR192C,0,,0
YLR196W,0,,0
YLR197W,0,,0
YLR198C,0,,0
YLR199C,0,,0
YLR200W,0,,0
YLR201C,0,,0
YLR202C,0,,0
YLR203C,0,,0
YLR204W,0,,0
YLR208W,0,,0
YLR209C,0,,0
YLR211C,0,,0
YLR212C,0,,0
YLR214W,0,,0
YLR215C,0,,0
YLR219W,0,,0
YLR220W,0,,0
YLR221C,0,,0
YLR222C,0,,0
YLR223C,0,,0
YLR224W,0,,0
YLR225C,0,,0
YLR226W,0,,0
YLR227C,0,,0
YLR233C,0,,0
YLR234W,0,,0
YLR238W,0,,0
YLR239C,0,,0
YLR240W,0,,0
YLR246W,0,,0
YLR248W,0,,0
YLR251W,0,,0
YLR252W,0,,0
YLR254C,0,,0
YLR258W,0,,0
YLR261C,0,,0
YLR262C,0,,0
YLR265C,0,,0
YLR266C,0,,0
YLR267W,0,,0
YLR271W,0,,0
YLR273C,0,,0
YLR274W,0,,0
YLR275W,0,,0
YLR276C,0,,0
YLR277C,0,,0
YLR281C,0,,0
YLR284C,0,,0
YLR287C,0,,0
YLR288C,0,,0
YLR289W,0,,0
YLR292C,0,,0
YLR293C,0,,0
YLR294C,0,,0
YLR295C,0,,0
YLR297W,0,,0
YLR298C,0,,0
YLR301W,0,,0
YLR303W,0,,0
YLR305C,0,,0
YLR306W,0,,0
YLR312C,0,,0
YLR313C,0,,0
YLR315W,0,,0
YLR317W,0,,0
YLR321C,0,,0
YLR322W,0,,0
YLR324W,0,,0
YLR325C,0,,0
YLR326W,0,,0
YLR327C,0,,0
YLR328W,0,,0
YLR329W,0,,0
YLR332W,0,,0
YLR334C,0,,0
YLR337C,0,,0
YLR339C,0,,0
YLR343W,0,,0
YLR345W,0,,0
YLR351C,0,,0
YLR352W,0,,0
YLR353W,0,,0
YLR355C,0,,0
YLR358C,0,,0
YLR362W,0,,0
YLR363C,0,,0
YLR366W,0,,0
YLR368W,0,,0
YLR369W,0,,0
YLR370C,0,,0
YLR372W,0,,0
YLR373C,0,,0
YLR385C,0,,0
YLR386W,0,,0
YLR387C,0,,0
YLR390W-A,0,,0
YLR392C,0,,0
YLR393W,0,,0
YLR394W,0,,0
YLR396C,0,,0
YLR398C,0,,0
YLR401C,0,,0
YLR403W,0,,0
YLR411W,0,,0
YLR412W,0,,0
YLR416C,0,,0
YLR417W,0,,0
YLR421C,0,,0
YLR422W,0,,0
YLR424W,0,,0
YLR426W,0,,0
YLR427W,0,,0
YLR428C,0,,0
YLR430W,0,,0
YLR432W,0,,0
YLR434C,0,,0
YLR435W,0,,0
YLR436C,0,,0
YLR438C-A,0,,0
YLR438W,0,,0
YLR439W,0,,0
YLR440C,0,,0
YLR441C,0,,0
YLR446W,0,,0
YLR447C,0,,0
YLR450W,0,,0
YLR452C,0,,0
YLR454W,0,,0
YLR455W,0,,0
YLR456W,0,,0
YLR457C,0,,0
YLR459W,0,,0
YLR465C,0,,0
YML001W,0,,0
YML006C,0,,0
YML007W,0,,0
YML008C,0,,0
YML010W,0,,0
YML011C,0,,0
YML012W,0,,0
YML014W,0,,0
YML015C,0,,0
YML016C,0,,0
YML019W,0,,0
YML020W,0,,0
YML022W,0,,0
YML023C,0,,0
YML031W,0,,0
YML036W,0,,0
YML037C,0,,0
YML038C,0,,0
YML041C,0,,0
YML042W,0,,0
YML046W,0,,0
YML049C,0,,0
YML054C,0,,0
YML055W,0,,0
YML058W,0,,0
YML059C,0,,0
YML061C,0,,0
YML062C,0,,0
YML070W,0,,0
YML071C,0,,0
YML074C,0,,0
YML081C-A,0,,0
YML091C,0,,0
YML092C,0,,0
YML098W,0,,0
YML099C,0,,0
YML100W,0,,0
YML102W,0,,0
YML103C,0,,0
YML104C,0,,0
YML105C,0,,0
YML108W,0,,0
YML109W,0,,0
YML111W,0,,0
YML112W,0,,0
YML117W,0,,0
YML121W,0,,0
YML123C,0,,0
YML124C,0,,0
YML125C,0,,0
YML129C,0,,0
YMR001C,0,,0
YMR002W,0,,0
YMR003W,0,,0
YMR012W,0,,0
YMR014W,0,,0
YMR017W,0,,0
YMR019W,0,,0
YMR020W,0,,0
YMR021C,0,,0
YMR022W,0,,0
YMR025W,0,,0
YMR026C,0,,0
YMR033W,0,,0
YMR042W,0,,0
YMR043W,0,,0
YMR047C,0,,0
YMR048W,0,,0
YMR052W,0,,0
YMR053C,0,,0
YMR056C,0,,0
YMR059W,0,,0
YMR061W,0,,0
YMR064W,0,,0
YMR065W,0,,0
YMR066W,0,,0
YMR068W,0,,0
YMR072W,0,,0
YMR075W,0,,0
YMR077C,0,,0
YMR078C,0,,0
YMR080C,0,,0
YMR087W,0,,0
YMR088C,0,,0
YMR092C,0,,0
YMR097C,0,,0
YMR102C,0,,0
YMR104C,0,,0
YMR106C,0,,0
YMR112C,0,,0
YMR116C,0,,0
YMR118C,0,,0
YMR120C,0,,0
YMR123W,0,,0
YMR124W,0,,0
YMR125W,0,,0
YMR127C,0,,0
YMR129W,0,,0
YMR131C,0,,0
YMR133W,0,,0
YMR134W,0,,0
YMR135C,0,,0
YMR138W,0,,0
YMR146C,0,,0
YMR147W,0,,0
YMR149W,0,,0
YMR151W,0,,0
YMR153W,0,,0
YMR154C,0,,0
YMR159C,0,,0
YMR168C,0,,0
YMR172W,0,,0
YMR173W,0,,0
YMR178W,0,,0
YMR179W,0,,0
YMR180C,0,,0
YMR184W,0,,0
YMR192W,0,,0
YMR195W,0,,0
YMR197C,0,,0
YMR199W,0,,0
YMR203W,0,,0
YMR216C,0,,0
YMR223W,0,,0
YMR228W,0,,0
YMR229C,0,,0
YMR230W,0,,0
YMR231W,0,,0
YMR232W,0,,0
YMR238W,0,,0
YMR239C,0,,0
YMR241W,0,,0
YMR243C,0,,0
YMR255W,0,,0
YMR257C,0,,0
YMR268C,0,,0
YMR271C,0,,0
YMR273C,0,,0
YMR274C,0,,0
YMR275C,0,,0
YMR276W,0,,0
YMR280C,0,,0
YMR282C,0,,0
YMR284W,0,,0
YMR285C,0,,0
YMR288W,0,,0
YMR291W,0,,0
YMR293C,0,,0
YMR294W,0,,0
YMR295C,0,,0
YMR304W,0,,0
YMR305C,0,,0
YMR306W,0,,0
YMR307W,0,,0
YMR308C,0,,0
YMR309C,0,,0
YMR311C,0,,0
YMR312W,0,,0
YMR314W,0,,0
YMR317W,0,,0
YMR319C,0,,0
YMR322C,0,,0
YMR323W,0,,0
YNL001W,0,,0
YNL002C,0,,0
YNL004W,0,,0
YNL006W,0,,0
YNL008C,0,,0
YNL012W,0,,0
YNL015W,0,,0
YNL016W,0,,0
YNL018C,0,,0
YNL020C,0,,0
YNL023C,0,,0
YNL027W,0,,0
YNL028W,0,,0
YNL029C,0,,0
YNL036W,0,,0
YNL037C,0,,0
YNL039W,0,,0
YNL042W,0,,0
YNL044W,0,,0
YNL047C,0,,0
YNL049C,0,,0
YNL053W,0,,0
YNL055C,0,,0
YNL056W,0,,0
YNL058C,0,,0
YNL062C,0,,0
YNL068C,0,,0
YNL074C,0,,0
YNL076W,0,,0
YNL078W,0,,0
YNL082W,0,,0
YNL084C,0,,0
YNL086W,0,,0
YNL091W,0,,0
YNL093W,0,,0
YNL095C,0,,0
YNL096C,0,,0
YNL098C,0,,0
YNL099C,0,,0
YNL101W,0,,0
YNL103W,0,,0
YNL107W,0,,0
YNL110C,0,,0
YNL116W,0,,0
YNL121C,0,,0
YNL125C,0,,0
YNL127W,0,,0
YNL129W,0,,0
YNL130C,0,,0
YNL132W,0,,0
YNL138W,0,,0
YNL139C,0,,0
YNL147W,0,,0
YNL152W,0,,0
YNL155W,0,,0
YNL159C,0,,0
YNL160W,0,,0
YNL161W,0,,0
YNL172W,0,,0
YNL173C,0,,0
YNL175C,0,,0
YNL187W,0,,0
YNL188W,0,,0
YNL194C,0,,0
YNL197C,0,,0
YNL199C,0,,0
YNL201C,0,,0
YNL208W,0,,0
YNL214W,0,,0
YNL215W,0,,0
YNL217W,0,,0
YNL222W,0,,0
YNL225C,0,,0
YNL226W,0,,0
YNL238W,0,,0
YNL243W,0,,0
YNL246W,0,,0
YNL248C,0,,0
YNL251C,0,,0
YNL252C,0,,0
YNL253W,0,,0
YNL261W,0,,0
YNL263C,0,,0
YNL265C,0,,0
YNL272C,0,,0
YNL273W,0,,0
YNL277W,0,,0
YNL279W,0,,0
YNL285W,0,,0
YNL288W,0,,0
YNL289W,0,,0
YNL298W,0,,0
YNL300W,0,,0
YNL304W,0,,0
YNL308C,0,,0
YNL309W,0,,0
YNL313C,0,,0
YNL314W,0,,0
YNL320W,0,,0
YNL331C,0,,0
YNL333W,0,,0
YNL334C,0,,0
YNR001C,0,,0
YNR002C,0,,0
YNR004W,0,,0
YNR007C,0,,0
YNR010W,0,,0
YNR011C,0,,0
YNR017W,0,,0
YNR019W,0,,0
YNR022C,0,,0
YNR023W,0,,0
YNR031C,0,,0
YNR033W,0,,0
YNR039C,0,,0
YNR040W,0,,0
YNR042W,0,,0
YNR046W,0,,0
YNR047W,0,,0
YNR053C,0,,0
YNR063W,0,,0
YNR064C,0,,0
YNR068C,0,,0
YNR069C,0,,0
YOL001W,0,,0
YOL003C,0,,0
YOL009C,0,,0
YOL011W,0,,0
YOL014W,0,,0
YOL015W,0,,0
YOL016C,0,,0
YOL017W,0,,0
YOL018C,0,,0
YOL034W,0,,0
YOL035C,0,,0
YOL041C,0,,0
YOL043C,0,,0
YOL044W,0,,0
YOL054W,0,,0
YOL063C,0,,0
YOL064C,0,,0
YOL066C,0,,0
YOL067C,0,,0
YOL069W,0,,0
YOL070C,0,,0
YOL073C,0,,0
YOL078W,0,,0
YOL081W,0,,0
YOL082W,0,,0
YOL083W,0,,0
YOL100W,0,,0
YOL103W-B,0,,0
YOL106W,0,,0
YOL108C,0,,0
YOL113W,0,,0
YOL117W,0,,0
YOL123W,0,,0
YOL131W,0,,0
YOL132W,0,,0
YOL135C,0,,0
YOL147C,0,,0
YOL148C,0,,0
YOL149W,0,,0
YOL150C,0,,0
YOL152W,0,,0
YOL156W,0,,0
YOR014W,0,,0
YOR016C,0,,0
YOR029W,0,,0
YOR034C,0,,0
YOR035C,0,,0
YOR038C,0,,0
YOR039W,0,,0
YOR042W,0,,0
YOR043W,0,,0
YOR045W,0,,0
YOR046C,0,,0
YOR047C,0,,0
YOR049C,0,,0
YOR051C,0,,0
YOR061W,0,,0
YOR064C,0,,0
YOR066W,0,,0
YOR069W,0,,0
YOR075W,0,,0
YOR079C,0,,0
YOR082C,0,,0
YOR083W,0,,0
YOR084W,0,,0
YOR085W,0,,0
YOR097C,0,,0
YOR098C,0,,0
YOR101W,0,,0
YOR106W,0,,0
YOR114W,0,,0
YOR116C,0,,0
YOR122C,0,,0
YOR127W,0,,0
YOR131C,0,,0
YOR133W,0,,0
YOR136W,0,,0
YOR146W,0,,0
YOR154W,0,,0
YOR155C,0,,0
YOR156C,0,,0
YOR157C,0,,0
YOR161C,0,,0
YOR164C,0,,0
YOR165W,0,,0
YOR171C,0,,0
YOR172W,0,,0
YOR173W,0,,0
YOR177C,0,,0
YOR178C,0,,0
YOR187W,0,,0
YOR194C,0,,0
YOR197W,0,,0
YOR198C,0,,0
YOR207C,0,,0
YOR212W,0,,0
YOR213C,0,,0
YOR215C,0,,0
YOR224C,0,,0
YOR229W,0,,0
YOR230W,0,,0
YOR232W,0,,0
YOR233W,0,,0
YOR244W,0,,0
YOR252W,0,,0
YOR257W,0,,0
YOR260W,0,,0
YOR264W,0,,0
YOR267C,0,,0
YOR270C,0,,0
YOR271C,0,,0
YOR275C,0,,0
YOR284W,0,,0
YOR288C,0,,0
YOR293W,0,,0
YOR294W,0,,0
YOR299W,0,,0
YOR308C,0,,0
YOR310C,0,,0
YOR312C,0,,0
YOR324C,0,,0
YOR325W,0,,0
YOR329C,0,,0
YOR331C,0,,0
YOR335C,0,,0
YOR340C,0,,0
YOR355W,0,,0
YOR358W,0,,0
YOR368W,0,,0
YOR380W,0,,0
YPL002C,0,,0
YPL011C,0,,0
YPL012W,0,,0
YPL016W,0,,0
YPL019C,0,,0
YPL029W,0,,0
YPL031C,0,,0
YPL034W,0,,0
YPL036W,0,,0
YPL038W,0,,0
YPL042C,0,,0
YPL043W,0,,0
YPL049C,0,,0
YPL050C,0,,0
YPL051W,0,,0
YPL076W,0,,0
YPL078C,0,,0
YPL082C,0,,0
YPL084W,0,,0
YPL085W,0,,0
YPL086C,0,,0
YPL093W,0,,0
YPL094C,0,,0
YPL112C,0,,0
YPL115C,0,,0
YPL124W,0,,0
YPL127C,0,,0
YPL128C,0,,0
YPL139C,0,,0
YPL140C,0,,0
YPL147W,0,,0
YPL150W,0,,0
YPL151C,0,,0
YPL161C,0,,0
YPL162C,0,,0
YPL174C,0,,0
YPL178W,0,,0
YPL203W,0,,0
YPL204W,0,,0
YPL210C,0,,0
YPL237W,0,,0
YPL240C,0,,0
YPL243W,0,,0
YPL248C,0,,0
YPL249C,0,,0
YPL249C-A,0,,0
YPL257W-B,0,,0
YPL258C,0,,0
YPL259C,0,,0
YPL269W,0,,0
YPR010C,0,,0
YPR019W,0,,0
YPR020W,0,,0
YPR032W,0,,0
YPR037C,0,,0
YPR048W,0,,0
YPR054W,0,,0
YPR071W,0,,0
YPR079W,0,,0
YPR081C,0,,0
YPR082C,0,,0
YPR094W,0,,0
YPR101W,0,,0
YPR105C,0,,0
YPR112C,0,,0
YPR154W,0,,0
YPR178W,0,,0
YOR351C,0,,0
YPL045W,0,,0
YOR160W,0,,0
YHR004C,0,,0
YIR018W,0,,0
YOR269W,0,,0
YMR101C,0,,0
YPL152W,0,,0
YOL045W,0,,0
YFL028C,0,,0
YPR072W,0,,0
YJR044C,0,,0
YPL146C,0,,0
YLR338W,0,,0
YJR115W,0,,0
YPL014W,0,,0
YGL052W,0,,0
YGR221C,0,,0
YLR206W,0,,0
YLR357W,0,,0
YMR298W,0,,0
YPR129W,0,,0
YMR182C,0,,0
YOR179C,0,,0
YPR107C,0,,0
YNL126W,0,,0
YOR363C,0,,0
YML072C,0,,0
YOR153W,0,,0
YOR236W,0,,0
YKR011C,0,,0
YPR126C,0,,0
YGR132C,0,,0
YPL138C,0,,0
YPL083C,0,,0
YKR075C,0,,0
YML052W,0,,0
YMR018W,0,,0
YMR071C,0,,0
YMR258C,0,,0
YNL206C,0,,0
YOL033W,0,,0
YOL154W,0,,0
YOR062C,0,,0
YNL223W,0,,0
YCL073C,0,,0
YDR406W,0,,0
YKR105C,0,,0
YMR279C,0,,0
YOL030W,0,,0
YOR273C,0,,0
YPR198W,0,,0
YGR069W,0,,0
YLR381W,0,,0
YLR145W,0,,0
YPL215W,0,,0
YMR091C,0,,0
YNL157W,0,,0
YOL087C,0,,0
YPR175W,0,,0
YPR190C,0,,0
YPL153C,0,,0
YPR137W,0,,0
YER014W,0,,0
YHL016C,0,,0
YJL145W,0,,0
YJL201W,0,,0
YLR088W,0,,0
YLR095C,0,,0
YLR363W-A,0,,0
YML097C,0,,0
YML116W,0,,0
YMR253C,0,,0
YMR313C,0,,0
YNL144C,0,,0
YNL176C,0,,0
YNR041C,0,,0
YOL028C,0,,0
YOR109W,0,,0
YOR211C,0,,0
YOR322C,0,,0
YOR388C,0,,0
YPL027W,0,,0
YPL157W,0,,0
YPL246C,0,,0
YPR030W,0,,0
YPR091C,0,,0
YPR159W,0,,0
YPR171W,0,,0
YOR017W,0,,0
YOL130W,0,,0
YOR196C,0,,0
YPL001W,0,,0
YIL141W,0,,0
YDR440W,0,,0
YGR077C,0,,0
YLR120C,0,,0
YLR126C,0,,0
YMR207C,0,,0
YMR237W,0,,0
YNL264C,0,,0
YNL287W,0,,0
YPL119C,0,,0
YPR184W,0,,0
YFR012W,0,,0
YMR310C,0,,0
YNL105W,0,,0
YPR172W,0,,0
YDR330W,0,,0
YOL062C,0,,0
YLR189C,0,,0
YPR100W,0,,0
YOL020W,0,,0
YIL017C,0,,0
YER101C,0,,0
YLL009C,0,,0
YLR130C,0,,0
YNL204C,0,,0
YOL032W,0,,0
YOL036W,0,,0
YOR245C,0,,0
YOR307C,0,,0
YPL192C,0,,0
YNL258C,0,,0
YOR086C,0,,0
YNL233W,0,,0
YLR140W,0,,0
YOR100C,0,,0
YOR249C,0,,0
YDL176W,0,,0
YHL014C,0,,0
YMR244W,0,,0
YNL234W,0,,0
YOL019W,0,,0
YPL158C,0,,0
YPL110C,0,,0
YOR140W,0,,0
YOR174W,0,,0
YPR070W,0,,0
YPR168W,0,,0
YNL315C,0,,0
YPL271W,0,,0
YJL070C,0,,0
YGR161W-B,0,,0
YOL122C,0,,0
YFL058W,0,,0
YNL054W,0,,0
YOR231W,0,,0
YLR348C,0,,0
YPL209C,0,,0
YPL221W,0,,0
YEL050C,0,,0
YKR046C,0,,0
YMR145C,0,,0
YNL035C,0,,0
YNL124W,0,,0
YNL169C,0,,0
YOR141C,0,,0
YOR176W,0,,0
YOR185C,0,,0
YOR317W,0,,0
YOR375C,0,,0
YPR093C,0,,0
YLR242C,0,,0
YNL228W,0,,0
YDR249C,0,,0
YPL020C,0,,0
YGR157W,0,,0
YKL148C,0,,0
YLL041C,0,,0
YKR039W,0,,0
YOR040W,0,,0
YDL078C,0,,0
YER003C,0,,0
YOR120W,0,,0
YPR182W,0,,0
YFR007W,0,,0
YMR144W,0,,0
YPR162C,0,,0
YBR300C,0,,0
YGR201C,0,,0
YGR219W,0,,0
YGR235C,0,,0
YJL016W,0,,0
YJL097W,0,,0
YNL237W,0,,0
YPR138C,0,,0
YOL109W,0,,0
YPL233W,0,,0
YPL169C,0,,0
YMR083W,0,,0
YMR004W,0,,0
YPL254W,0,,0
YPR025C,0,,0
YHR002W,0,,0
YLR390W,0,,0
YOR144C,0,,0
YHR031C,0,,0
YML021C,0,,0
YLR033W,0,,0
YOR297C,0,,0
YKR106W,0,,0
YML077W,0,,0
YLR194C,0,,0
YPL136W,0,,0
YPR055W,0,,0
YLR409C,0,,0
YMR155W,0,,0
YGL167C,0,,0
YJR124C,0,,0
YNL275W,0,,0
YNR055C,0,,0
YPL189W,0,,0
YPR194C,0,,0
YPL018W,0,,0
YDR231C,0,,0
YFL010W-A,0,,0
YFR054C,0,,0
YGR050C,0,,0
YHR028C,0,,0
YJR073C,0,,0
YLL051C,0,,0
YLR443W,0,,0
YML094C-A,0,,0
YMR111C,0,,0
YNL066W,0,,0
YNL079C,0,,0
YNL202W,0,,0
YNL281W,0,,0
YNR035C,0,,0
YPL242C,0,,0
YPL047W,0,,0
YNL167C,0,,0
YPL181W,0,,0
YPL154C,0,,0
YDR522C,0,,0
YPL048W,0,,0
YPL236C,0,,0
YNL227C,0,,0
YPL007C,0,,0
YDR186C,0,,0
YIL177C,0,,0
YIR032C,0,,0
YMR251W,0,,0
YMR261C,0,,0
YMR093W,0,,0
YPL120W,0,,0
YJL071W,0,,0
YLR092W,0,,0
YLR210W,0,,0
YOR381W,0,,0
YMR163C,0,,0
YPL141C,0,,0
YDL211C,0,,0
YJR161C,0,,0
YNR070W,0,,0
YPR003C,0,,0
YCR065W,0,,0
YDR223W,0,,0
YDR501W,0,,0
YEL065W,0,,0
YFR046C,0,,0
YGL235W,0,,0
YHL050C,0,,0
YIL031W,0,,0
YIL101C,0,,0
YIR031C,0,,0
YJR054W,0,,0
YKL043W,0,,0
YKL185W,0,,0
YKR078W,0,,0
YKR089C,0,,0
YLR183C,0,,0
YLR187W,0,,0
YLR278C,0,,0
YML027W,0,,0
YML034W,0,,0
YML119W,0,,0
YMR005W,0,,0
YNL257C,0,,0
YNL278W,0,,0
YNL339C,0,,0
YOR058C,0,,0
YOR081C,0,,0
YOR104W,0,,0
YOR188W,0,,0
YOR195W,0,,0
YOR315W,0,,0
YOR372C,0,,0
YPL155C,0,,0
YPL250C,0,,0
YPL255W,0,,0
YPL267W,0,,0
YPR018W,0,,0
YPR141C,0,,0
YPR174C,0,,0
YPR155C,0,,0
YIL027C,0,,0
YBR257W,0,,0
YGR030C,0,,0
YNL221C,0,,0
YNL282W,0,,0
YCL057W,0,,0
YPR152C,0,,0
YNL260C,0,,0
YDR242W,0,,0
YKL040C,0,,0
YLR318W,0,,0
YLR361C,0,,0
YMR212C,0,,0
YMR247C,0,,0
YMR287C,0,,0
YNR067C,0,,0
YNR071C,0,,0
YOL093W,0,,0
YOR108W,0,,0
YOR129C,0,,0
YPL105C,0,,0
YPL096W,0,,0
YOR068C,0,,0
YMR206W,0,,0
YGL078C,0,,0
YLL042C,0,,0
YPR049C,0,,0
YPR108W,0,,0
YLR218C,0,,0
YNR030W,0,,0
YNL040W,0,,0
YKR043C,0,,0
YPL133C,0,,0
YKR008W,0,,0
YNL075W,0,,0
YOR056C,0,,0
YPR144C,0,,0
YEL047C,0,,0
YOR050C,0,,0
YDL045W-A,0,,0
YOR205C,0,,0
YLL037W,0,,0
YGR143W,0,,0
YMR218C,0,,0
YOR115C,0,,0
YML018C,0,,0
YOR370C,0,,0
YLR255C,0,,0
YPR031W,0,,0
YLR152C,0,,0
YPR010C-A,0,,0
YOR208W,0,,0
YIL006W,0,,0
YNL141W,0,,0
YLR311C,0,,0
YDL238C,0,,0
YPL200W,0,,0
YPL195W,0,,0
YPR034W,0,,0
YPL087W,0,,0
YPL132W,0,,0
YLR137W,0,,0
YML089C,0,,0
YLR237W,0,,0
YOR192C,0,,0
YPR063C,0,,0
YPL065W,0,,0
YPR161C,0,,0
YLR123C,0,,0
YDR261W-B,0,,0
YHR189W,0,,0
YJR095W,0,,0
YPL265W,0,,0
YKL105C,0,,0
YKL202W,0,,0
YKR023W,0,,0
YKR049C,0,,0
YMR103C,0,,0
YMR140W,0,,0
YMR156C,0,,0
YMR265C,0,,0
YNL267W,0,,0
YNL291C,0,,0
YOL046C,0,,0
YPL156C,0,,0
YPL224C,0,,0
YPR008W,0,,0
YPR023C,0,,0
YPR160C-A,0,,0
YDL016C,0,,0
YPR075C,0,,0
YPR076W,0,,0
YLR263W,0,,0
YPR088C,0,,0
YPL126W,0,,0
YER189W,0,,0
YPL208W,0,,0
YJR106W,0,,0
YNL196C,0,,0
YDL157C,0,,0
YNL100W,0,,0
YKR060W,0,,0
YER150W,0,,0
YJL043W,0,,0
YPL005W,0,,0
YLR374C,0,,0
YOR209C,0,,0
YOR241W,0,,0
YNL166C,0,,0
YIR039C,0,,0
YLR253W,0,,0
YPL245W,0,,0
YOL085C,0,,0
YDL231C,0,,0
YKL220C,0,,0
YMR075C-A,0,,0
YJR126C,0,,0
YMR132C,0,,0
YML114C,0,,0
YOR348C,0,,0
YGR128C,0,,0
YKL099C,0,,0
YNR043W,0,,0
YNR054C,0,,0
YOR078W,0,,0
YDR400W,0,,0
YJL160C,0,,0
YER001W,0,,0
YIL134W,0,,0
YNL318C,0,,0
YNR066C,0,,0
YOR266W,0,,0
YPR058W,0,,0
YLR032W,0,,0
YNL171C,0,,0
YGL143C,0,,0
YNR027W,0,,0
YMR277W,0,,0
YOR023C,0,,0
YJL156C,0,,0
YPL220W,0,,0
YKL077W,0,,0
YOR281C,0,,0
YOL089C,0,,0
YOR367W,0,,0
YPL008W,0,,0
YHL029C,0,,0
YCR097W,0,,0
YMR079W,0,,0
YDR151C,0,,0
YHR032W,0,,0
YIL172C,0,,0
YFR057W,0,,0
YIL041W,0,,0
YKL039W,0,,0
YLR231C,0,,0
YLR331C,0,,0
YNR048W,0,,0
YOL091W,0,,0
YOR006C,0,,0
YOR214C,0,,0
YOR313C,0,,0
YPL218W,0,,0
YKL089W,0,,0
YOR373W,0,,0
YLR309C,0,,0
YDR421W,0,,0
YDR363W,0,,0
YJL146W,0,,0
YLL014W,0,,0
YMR302C,0,,0
YNL286W,0,,0
YPR121W,0,,0
YKL195W,0,,0
YMR028W,0,,0
YMR196W,0,,0
YMR289W,0,,0
YMR013C,0,,0
YLR063W,0,,0
YNL052W,0,,0
YNL153C,0,,0
YPL055C,0,,0
YDR081C,0,,0
YPR078C,0,,0
YDR304C,0,,0
YDR431W,0,,0
YDR513W,0,,0
YGL020C,0,,0
YML101C,0,,0
YOL159C,0,,0
YPL252C,0,,0
YDR051C,0,,0
YMR031C,0,,0
YMR086W,0,,0
YDR288W,0,,0
YKL015W,0,,0
YLR040C,0,,0
YOR180C,0,,0
YPL091W,0,,0
YDR208W,0,,0
YLR142W,0,,0
YLR410W,0,,0
YNL277W-A,0,,0
YDR049W,0,,0
YML068W,0,,0
YKL102C,0,,0
YJR012C,0,,0
YDR274C,0,,0
YJL149W,0,,0
YLR100W,0,,0
YML088W,0,,0
YPR040W,0,,0
YJL186W,0,,0
YMR035W,0,,0
YPL145C,0,,0
YPR077C,0,,0
YPL010W,0,,0
YKL070W,0,,0
YLR065C,0,,0
YFL001W,0,,0
YJL175W,0,,0
YNL280C,0,,0
YOL118C,0,,0
YOR309C,0,,0
YOR314W,0,,0
YOR321W,0,,0
YPR029C,0,,0
YOR111W,0,,0
YOR378W,0,,0
YOR204W,0,,0
YPR176C,0,,0
YOR026W,0,,0
YPR181C,0,,0
YEL024W,0,,0
YMR110C,0,,0
YOL065C,0,,0
YFR032C,0,,0
YHL038C,0,,0
YJR041C,0,,0
YLR010C,0,,0
YOL129W,0,,0
YPR113W,0,,0
YOR103C,0,,0
YLR085C,0,,0
YPR148C,0,,0
YNR012W,0,,0
YLR270W,0,,0
YOR242C,0,,0
YFR055W,0,,0
YGL125W,0,,0
YMR187C,0,,0
YOR009W,0,,0
YPL102C,0,,0
YPL114W,0,,0
YPR136C,0,,0
YPR056W,0,,0
YLR413W,0,,0
YDR077W,0,,0
YPL024W,0,,0
YGL239C,0,,0
YLR376C,0,,0
YPL122C,0,,0
YDR442W,0,,0
YGR006W,0,,0
YNL293W,0,,0
YOR298C-A,0,,0
YPL095C,0,,0
YNL041C,0,,0
YKL188C,0,,0
YNR051C,0,,0
YER182W,0,,0
YHR134W,0,,0
YPL113C,0,,0
YPL121C,0,,0
YLR410W-B,0,,0
YMR031W-A,0,,0
YNR049C,0,,0
YPL232W,0,,0
YLR228C,0,,0
YPL089C,0,,0
YPL190C,0,,0
YGL013C,0,,0
YMR316W,0,,0
YNL239W,0,,0
YJR069C,0,,0
YOR134W,0,,0
YMR029C,0,,0
YPL180W,0,,0
YOL052C,0,,0
YHL001W,0,,0
YMR219W,0,,0
YER183C,0,,0
YNL210W,0,,0
YNL295W,0,,0
YOL116W,0,,0
YOR028C,0,,0
YPL057C,0,,0
YFL002W-B,0,,0
YDR454C,0,,0
YER098W,0,,0
YNL259C,0,,0
YDR509W,0,,0
YOR060C,0,,0
YOL142W,0,,0
YOR076C,0,,0
YPR189W,0,,0
YHR163W,0,,0
YGR125W,0,,0
YOR279C,0,,0
YPL170W,0,,0
YLR323C,0,,0
YFL053W,0,,0
YDR478W,0,,0
YER035W,0,,0
YFL015C,0,,0
YGR036C,0,,0
YGL186C,0,,0
YJL204C,0,,0
YJR158W,0,,0
YMR074C,0,,0
YOR359W,0,,0
YPR084W,0,,0
YLR099C,0,,0
YNL070W,0,,0
YJL207C,0,,0
YJL139C,0,,0
YMR221C,0,,0
YOR320C,0,,0
YOR382W,0,,0
YOL104C,0,,0
YNR060W,0,,0
YNL024C,0,,0
YPL108W,0,,0
YOR292C,0,,0
YJL133W,0,,0
YJL195C,0,,0
YLR243W,0,,0
YOR004W,0,,0
YPL135C-A,0,,0
YPR095C,0,,0
YGL074C,0,,0
YLR336C,0,,0
YPL216W,0,,0
YKR053C,0,,0
YJL193W,0,,0
YMR292W,0,,0
YNL326C,0,,0
YNR026C,0,,0
YOL075C,0,,0
YOR305W,0,,0
YPL077C,0,,0
YPL280W,0,,0
YNR059W,0,,0
YPR005C,0,,0
YFL031W,0,,0
YOR031W,0,,0
YLL046C,0,,0
YLR173W,0,,0
YNR056C,0,,0
YNL218W,0,,0
YIL135C,0,,0
YLR466W,0,,0
YPL125W,0,,0
YNR074C,0,,0
YMR211W,0,,0
YMR010W,0,,0
YPR011C,0,,0
YML094W,0,,0
YGR107W,0,,0
YPR185W,0,,0
YMR299C,0,,0
YKL063C,0,,0
YPL244C,0,,0
YHR080C,0,,0
YLR250W,0,,0
YNL220W,0,,0
YIL136W,0,,0
YJR130C,0,,0
YOR138C,0,,0
YOR345C,0,,0
YJL120W,0,,0
YOR349W,0,,0
YOR274W,0,,0
YPR065W,0,,0
YOR371C,0,,0
YFR038W,0,,0
YHL005C,0,,0
YHR116W,0,,0
YJL142C,0,,0
YJR148W,0,,0
YKL051W,0,,0
YLL065W,0,,0
YML082W,0,,0
YMR039C,0,,0
YMR114C,0,,0
YNL073W,0,,0
YNL211C,0,,0
YNL235C,0,,0
YNL301C,0,,0
YNR024W,0,,0
YOL022C,0,,0
YOL042W,0,,0
YOR072W,0,,0
YOR143C,0,,0
YOR334W,0,,0
YOR336W,0,,0
YPL053C,0,,0
YPL098C,0,,0
YNL146W,0,,0
YOR070C,0,,0
YGR206W,0,,0
YOR059C,0,,0
YKR079C,0,,0
YMR165C,0,,0
YOR392W,0,,0
YPL201C,0,,0
YOR333C,0,,0
YPL172C,0,,0
YPL212C,0,,0
YPR125W,0,,0
YPL032C,0,,0
YPL257W,0,,0
YGL039W,0,,0
YGL110C,0,,0
YGR293C,0,,0
YKR073C,0,,0
YOR189W,0,,0
YOR222W,0,,0
YOR258W,0,,0
YOR263C,0,,0
YOR300W,0,,0
YOR318C,0,,0
YOR387C,0,,0
YPL229W,0,,0
YPR046W,0,,0
YPR134W,0,,0
YPR149W,0,,0
YJL135W,0,,0
YMR038C,0,,0
YOR383C,0,,0
YPL238C,0,,0
YGL065C,0,,0
YPR001W,0,,0
YHL008C,0,,0
YIL029C,0,,0
YLR269C,0,,0
YOR219C,0,,0
YPL272C,0,,0
YGR257C,0,,0
YHR143W,0,,0
YKL055C,0,,0
YER176W,0,,0
YKR018C,0,,0
YMR171C,0,,0
YOR018W,0,,0
YOR385W,0,,0
YPR173C,0,,0
YHR100C,0,,0
YPL137C,0,,0
YIL056W,0,,0
YPL090C,0,,0
YKL034W,0,,0
YJL170C,0,,0
YOR121C,0,,0
YLR389C,0,,0
YLR167W,0,,0
YPL071C,0,,0
YOR142W,0,,0
YIL028W,0,,0
YKL124W,0,,0
YJL125C,0,,0
YPR057W,0,,0
YJR051W,0,,0
YLR068W,0,,0
YOR265W,0,,0
YIL138C,0,,0
YLR349W,0,,0
YMR266W,0,,0
YKL026C,0,,0
YNL316C,0,,0
YOR366W,0,,0
YOR071C,0,,0
YLR415C,0,,0
YLR178C,0,,0
YIL064W,0,,0
YOR147W,0,,0
YLR395C,0,,0
YPL219W,0,,0
YOR010C,0,,0
YJL212C,0,,0
YNL242W,0,,0
YNL065W,0,,0
YOL107W,0,,0
YOR247W,0,,0
YPR097W,0,,0
YMR076C,0,,0
YOR032C,0,,0
YPR042C,0,,0
YPR069C,0,,0
YML127W,0,,0
YNR025C,0,,0
YKR067W,0,,0
YNL328C,0,,0
YPL144W,0,,0
YNL231C,0,,0
YNL087W,0,,0
YPL025C,0,,0
YMR011W,0,,0
YJL134W,0,,0
YOL080C,0,,0
YIR004W,0,,0
YJL182C,0,,0
YJL190C,0,,0
YLR308W,0,,0
YOR220W,0,,0
YHR036W,0,,0
YOR364W,0,,0
YJL222W-B,0,,0
YMR227C,0,,0
YJL114W,0,,0
YML110C,0,,0
YNL224C,0,,0
YJL032W,0,,0
YML133C,0,,0
YMR202W,0,,0
YNR028W,0,,0
YOR162C,0,,0
YOR289W,0,,0
YOR377W,0,,0
YPL064C,0,,0
YKR058W,0,,0
YNL181W,0,,0
YOL105C,0,,0
YIL052C,0,,0
YIL057C,0,,0
YOR384W,0,,0
YGR138C,0,,0
YMR209C,0,,0
YPL106C,0,,0
YGR231C,0,,0
YJL178C,0,,0
YJL211C,0,,0
YOR298W,0,,0
YNL063W,0,,0
YPL166W,0,,0
YPR085C,0,,0
YMR183C,0,,0
YLR460C,0,,0
YIL082W,0,,0
YKL084W,0,,0
YOR118W,0,,0
YPL251W,0,,0
YLR257W,0,,0
YJL086C,0,,0
YPL060W,0,,0
YJL202C,0,,0
YKL149C,0,,0
YNL081C,0,,0
YNL138W-A,0,,0
YNL003C,0,,0
YNL131W,0,,0
YGR251W,0,,0
YNL241C,0,,0
YJL213W,0,,0
YPR143W,0,,0
YPR045C,0,,0
YPR133C,0,,0
YPR083W,0,,0
YMR008C,0,,0
YLR149C,0,,0
YOL024W,0,,0
YOR113W,0,,0
YIL121W,0,,0
YNL219C,0,,0
YGR177C,0,,0
YOL103W,0,,0
YPL177C,0,,0
YLR283W,0,,0
YPL101W,0,,0
YKL177W,0,,0
YLL060C,0,,0
YML120C,0,,0
YNL164C,0,,0
YPL056C,0,,0
YPL183W-A,0,,0
YNR045W,0,,0
YOR389W,0,,0
YNL045W,0,,0
YOR225W,0,,0
YOR073W,0,,0
YOR124C,0,,0
YOR302W,0,,0
YPR021C,0,,0
YKR009C,0,,0
YMR189W,0,,0
YNR005C,0,,0
YNR006W,0,,0
YOR067C,0,,0
YLR046C,0,,0
YOR107W,0,,0
YPR163C,0,,0
YKR035C,0,,0
YOL099C,0,,0
YMR069W,0,,0
YPR052C,0,,0
YPR188C,0,,0
YIL088C,0,,0
YLR346C,0,,0
YPR047W,0,,0
YLR164W,0,,0
YLR344W,0,,0
YPR203W,0,,0
YNL192W,0,,0
YLR356W,0,,0
YNL136W,0,,0
YLR365W,0,,0
YPL241C,0,,0
YPR145W,0,,0
YIR021W,0,,0
YKR032W,0,,0
YLL054C,0,,0
YLR112W,0,,0
YLR461W,0,,0
YML131W,0,,0
YOL002C,0,,0
YOR175C,0,,0
YPL063W,0,,0
YPL277C,0,,0
YJR008W,0,,0
YPL171C,0,,0
YMR152W,0,,0
YJL131C,0,,0
YOR316C,0,,0
YLR448W,0,,0
YNL193W,0,,0
YLR132C,0,,0
YJR122W,0,,0
YKR044W,0,,0
YIL091C,0,,0
YLR185W,0,,0
YOR065W,0,,0
YMR142C,0,,0
YNL034W,0,,0
YOR360C,0,,0
YMR222C,0,,0
YOR352W,0,,0
YOR295W,0,,0
YPL037C,0,,0
YNL245C,0,,0
YOR087W,0,,0
YLR017W,0,,0
YLR213C,0,,0
YMR044W,0,,0
YNL134C,0,,0
YKL191W,0,,0
YLR114C,0,,0
YPL191C,0,,0
YJL197W,0,,0
YPL260W,0,,0
YOR142W-A,0,,0
YNL327W,0,,0
YKL217W,0,,0
YMR057C,0,,0
YNL165W,0,,0
YOR011W,0,,0
YJR004C,0,,0
YLR437C,0,,0
YPR164W,0,,0
YMR119W,0,,0
YJR143C,0,,0
YJL118W,0,,0
YJR047C,0,,0
YJR149W,0,,0
YPL202C,0,,0
YLR316C,0,,0
YLR312W-A,0,,0
YPL207W,0,,0
YOR132W,0,,0
YNR029C,0,,0
YML093W,0,,0
YLR193C,0,,0
YJL209W,0,,0
YMR100W,0,,0
YOR099W,0,,0
YNL163C,0,,0
YNL276C,0,,0
YLR256W-A,0,,0
YPL247C,0,,0
YMR204C,0,,0
YOL136C,0,,0
YKL222C,0,,0
YNR075W,0,,0
YML053C,0,,0
YNL050C,0,,0
YOL031C,0,,0
YOL140W,0,,0
YMR318C,0,,0
YPL046C,0,,0
YPL193W,0,,0
YNL148C,0,,0
YLR406C,0,,0
YOR262W,0,,0
YLR217W,0,,0
YNL051W,0,,0
YOR354C,0,,0
YPR096C,0,,0
YJR123W,0,,0
YKL076C,0,,0
YKL111C,0,,0
YKL138C,0,,0
YKL160W,0,,0
YKR040C,0,,0
YKR087C,0,,0
YLR205C,0,,0
YLR333C,0,,0
YLR379W,0,,0
YML013W,0,,0
YMR067C,0,,0
YMR160W,0,,0
YMR278W,0,,0
YNL109W,0,,0
YOL072W,0,,0
YOL101C,0,,0
YOR008C,0,,0
YOR379C,0,,0
YPL052W,0,,0
YPL088W,0,,0
YPL159C,0,,0
YPR114W,0,,0
YPR130C,0,,0
YML030W,0,,0
YKL033W,0,,0
YNR072W,0,,0
YPR122W,0,,0
YMR090W,0,,0
YPL130W,0,,0
YLR285W,0,,0
YOR344C,0,,0
YNL122C,0,,0
YOR148C,0,,0
YOR239W,0,,0
YML106W,0,,0
YML043C,0,,0
YNL178W,0,,0
YLR012C,0,,0
YPL163C,0,,0
YOR003W,0,,0
YNR034W,0,,0
YOR221C,0,,0
YLR388W,0,,0
YMR269W,0,,0
YLR036C,0,,0
YLR462W,0,,0
YPL023C,0,,0
YPL067C,0,,0
YPR177C,0,,0
YOR112W,0,,0
YOR282W,0,,0
YOL112W,0,,0
YOL143C,0,,0
YNL019C,0,,0
YNL038W,0,,0
YMR177W,0,,0
YOL138C,0,,0
YPR137C-A,0,,0
YMR030W,0,,0
YOR390W,0,,0
YPR014C,0,,0
YLR330W,0,,0
YML035C,0,,0
YPR157W,0,,0
YOL013C,0,,0
YOL110W,0,,0
YLR290C,0,,0
YNL158W,0,,0
YNL190W,0,,0
YML079W,0,,0
YMR141C,0,,0
YNL009W,0,,0
YNL205C,0,,0
YNL324W,0,,0
YOL008W,0,,0
YOL050C,0,,0
YPR118W,0,,0
YOR013W,0,,0
YPL100W,0,,0
YNL140C,0,,0
YNL145W,0,,0
YPL107W,0,,0
YOL056W,0,,0
YOR338W,0,,0
YOR025W,0,,0
YPR135W,0,,0
YPR179C,0,,0
YOR053W,0,,0
YML107C,0,,0
YOR096W,0,,0
YPR006C,0,,0
YNL072W,0,,0
YNL133C,0,,0
YNR009W,0,,0
YNL046W,0,,0
YMR063W,0,,0
YML078W,0,,0
YOR102W,0,,0
YPR099C,0,,0
YOL144W,0,,0
YNL119W,0,,0
YPR007C,0,,0
YMR045C,0,,0
YNL284C-B,0,,0
YMR157C,0,,0
YNL319W,0,,0
