YJR045C,0.048665335
YPR110C,0.125809783
YMR106C,0.125809783
YDR394W,0.089682628
YNL064C,0.089682628
YDL126C,0
YDL059C,0
YGR040W,0
YOL133W,0.018072644
YER133W,0.018072644
YNL189W,0.018072644
YFR028C,0.018082466
YER171W,0.017683933
YBR017C,0.018072644
YPL204W,0.018072644
YBR055C,0.017683933
YDL200C,0.017683933
YPL235W,0.017683933
YGR092W,0.018082466
YLR044C,0.200269698
YMR049C,0.161042929
YGR262C,0.200269698
YMR059W,0.21145946
YER173W,0.161042929
YJL034W,0.075297036
YER179W,0.161042929
YDR523C,0.200269698
YDL043C,0.161042929
YGL048C,0.200269698
YJL173C,0.06231109
YLR175W,0.067420656
YDR099W,0.067420656
YGL237C,0.06231109
YDL101C,0.06231109
YAL021C,0.067420656
YOL115W,0.06231109
YGL004C,0.067420656
YMR284W,0.06231109
YDR227W,0.06231109
YDR386W,0.06231109
YNL061W,0.06231109
YNL290W,0.06231109
YOL094C,0.06231109
YGL163C,0.06231109
YDL132W,0.067420656
YAR007C,0.06231109
YGL208W,0.068319684
YBL026W,0.067420656
YJR035W,0.06231109
YDR200C,0.043253122
YHR082C,0.06231109
YER110C,0.067420656
YDR075W,0.067420656
YOR151C,0.06231109
YER161C,0.013414085
YDR477W,0.01366094
YMR214W,0.012251941
YIL046W,0.013636565
YER012W,0.013636565
YAL015C,0.013414085
YPR178W,0.013414085
YBL007C,0.013695465
YMR117C,0.013414085
YBR198C,0.013414085
YHR169W,0.013414085
YNL113W,0.013414085
YLL011W,0.013414085
YDR190C,0.013414085
YGL245W,0.013636565
YJR068W,0.013414085
YLR383W,0.013414085
YIL128W,0.013414085
YHL007C,0.013636565
YER165W,0.013636565
YPL031C,0.013636565
YLR288C,0.013414085
YDL164C,0.013414085
YPL022W,0.013414085
YGL003C,0.013636565
YML115C,0.012719352
YGL173C,0.013636565
YER125W,0.013636565
YKL193C,0.013414085
YIL061C,0.013414085
YDL185W,0.012676296
YOR080W,0.013414085
YLR222C,0.013414085
YPL164C,0.013414085
YLR442C,0.013414085
YBR223C,0.013414085
YDL213C,0.013414085
YCR057C,0.013414085
YBR114W,0.013414085
YOR319W,0.100032177
YJR022W,0.113888399
YDR398W,0.100032177
YEL056W,0.113888399
YBR274W,0.100032177
YPL153C,0.100032177
YDR328C,0.113888399
YNL182C,0.100032177
YLR186W,0.100032177
YBL056W,0.113888399
YKL095W,0.100032177
YIL148W,0.113888399
YMR047C,0.115611172
YJL141C,0.113888399
YCR077C,0.113888399
YDR267C,0.113888399
YHL034C,0.113888399
YER095W,0.100032177
YCL039W,0.113888399
YHR186C,0.112104373
YER082C,0.100032177
YDR004W,0.100032177
YLR074C,0.105674452
YOR272W,0.100032177
YKL145W,0.113888399
YGR103W,0.100032177
YLL050C,0.113888399
YMR308C,0.113888399
YGL100W,0.116374218
YDR216W,0.100032177
YJL092W,0.100032177
YMR290C,0.100032177
YML095C,0.100032177
YBR103W,0.100032177
YOR089C,0.058589193
YKL078W,0.100032177
YDR138W,0.100032177
YKL130C,0.113888399
YGL116W,0.100032177
YHR196W,0.100032177
YKL108W,0.100032177
YPR016C,0.113888399
YMR022W,0.107680083
YJL076W,0.100032177
YNL317W,0.100032177
YDR155C,0.113888399
YBR088C,0.100032177
YKR081C,0.100032177
YDL013W,0.100032177
YER100W,0.058589193
YHR197W,0.100032177
YOR341W,0.100032177
YIL106W,0.114279596
YOR117W,0.113888399
YHR052W,0.100032177
YOR386W,0.100032177
YPL151C,0.113888399
YML058W,0.113888399
YDR480W,0.100032177
YKR048C,0.114279596
YCL028W,0.113888399
YJL187C,0.101122312
YDR113C,0.113888399
YOL100W,0.116029952
YIL131C,0.100032177
YNL006W,0.112104373
YCR084C,0.100032177
YLR233C,0.100032177
YER059W,0.113888399
YJL069C,0.100032177
YGR090W,0.100032177
YDR228C,0.100032177
YDR030C,0.100032177
YEL030W,0.100032177
YCR014C,0.100032177
YBR247C,0.113888399
YHL030W,0.113888399
YDR076W,0.100032177
YPL093W,0.100032177
YLR347C,0.113888399
YHR166C,0.100032177
YOR005C,0.100032177
YDR499W,0.113888399
YGL115W,0.113888399
YML112W,0.113888399
YBL021C,0.100032177
YKL139W,0.113888399
YPR154W,0.113888399
YPL043W,0.100032177
YNL025C,0.100032177
YDR419W,0.100032177
YHR188C,0.058589193
YNR016C,0.107680083
YNL183C,0.106248925
YLL026W,0.113888399
YPL194W,0.113888399
YJR017C,0.113888399
YMR226C,0.113888399
YKL210W,0.113888399
YPL049C,0.100032177
YOL054W,0.100032177
YBR130C,0.077922307
YGR218W,0.113888399
YFL033C,0.113888399
YDR217C,0.100032177
YOR174W,0.100032177
YJL164C,0.113888399
YNL132W,0.100032177
YFL038C,0.109406007
YNL175C,0.100032177
YLR293C,0.100032177
YOR230W,0.113888399
YOR047C,0.106759873
YBR136W,0.100032177
YNL012W,0.105674452
YIR005W,0.113888399
YLR320W,0.100032177
YEL037C,0.113888399
YMR137C,0.100032177
YFR021W,0.084354533
YHL002W,0.107680083
YDL007W,0.113888399
YDR365C,0.100032177
YEL034W,0.113888399
YGR123C,0.100032177
YER006W,0.100032177
YOR098C,0.104631125
YJL026W,0.113888399
YPL262W,0.113888399
YDR062W,0.109512033
YOR014W,0.12048205
YER112W,0.12048205
YNL236W,0.105083417
YDR225W,0.105083417
YGL035C,0.105083417
YFL034C-B,0.12048205
YLR453C,0.105083417
YLR016C,0.12048205
YDL014W,0.105083417
YML032C,0.105083417
YBL036C,0.12048205
YHR165C,0.105083417
YGR136W,0.12048205
YNL088W,0.105083417
YER022W,0.105083417
YCR092C,0.105083417
YNL110C,0.12048205
YDL193W,0.111327691
YLR147C,0.12048205
YNL312W,0.105083417
YEL015W,0.12048205
YDR097C,0.105083417
YPL042C,0.105083417
YCR093W,0.12048205
YGL181W,0.105083417
YHR014W,0.105083417
YPR010C,0.105083417
YPR093C,0.12048205
YBR098W,0.105083417
YHR066W,0.105083417
YMR093W,0.105083417
YDL116W,0.12241177
YNL007C,0.12048205
YGR067C,0.105083417
YOL041C,0.105083417
YMR201C,0.105083417
YDL042C,0.105083417
YOL108C,0.105083417
YMR104C,0.12048205
YCL031C,0.105083417
YDR192C,0.12241177
YKL068W,0.12241177
YPL004C,0.109512033
YJR066W,0.118487278
YJL090C,0.105083417
YCL043C,0.060286505
YDR339C,0.105083417
YGR258C,0.105083417
YGR119C,0.12241177
YLR421C,0.12048205
YIL033C,0.12048205
YHR070W,0.12048205
YPR182W,0.105083417
YGR188C,0.105083417
YHR119W,0.105083417
YDR381W,0.105083417
YOR269W,0.12048205
YGL016W,0.105083417
YBR175W,0.105083417
YMR094W,0.105083417
YER146W,0.105083417
YLR403W,0.12048205
YIL125W,0.105083417
YGL120C,0.105083417
YPR018W,0.105083417
YJL124C,0.12048205
YGL111W,0.105083417
YDL140C,0.105083417
YAR003W,0.105083417
YNL084C,0.115477015
YIL053W,0.12048205
YDR224C,0.105083417
YOL123W,0.12048205
YGL201C,0.105083417
YOR362C,0.12048205
YPR086W,0.105083417
YGL131C,0.12048205
YIL144W,0.105083417
YER041W,0.12048205
YBR142W,0.105083417
YDR060W,0.105083417
YJL081C,0.105083417
YDL175C,0.105083417
YDL156W,0.12048205
YMR167W,0.105083417
YPL012W,0.12048205
YER148W,0.105083417
YPL124W,0.12048205
YIL021W,0.105083417
YHR099W,0.105083417
YLR268W,0.073593821
YMR240C,0.105083417
YFR031C,0.12048205
YDR496C,0.106287089
YER142C,0.105083417
YPL126W,0.105083417
YFL008W,0.105083417
YOR116C,0.105083417
YCL059C,0.105083417
YMR125W,0.12048205
YDR034C,0.105083417
YLR134W,0.12048205
YHR170W,0.12048205
YLR078C,0.073593821
YBL002W,0.105083417
YNL287W,0.115477015
YNL308C,0.105083417
YLR247C,0.105083417
YAR002W,0.11017036
YJL203W,0.105083417
YBL016W,0.12048205
YER126C,0.105083417
YPR181C,0.115477015
YJL074C,0.105083417
YLR113W,0.12048205
YNR053C,0.105083417
YDR028C,0.105083417
YLR430W,0.105083417
YML074C,0.105083417
YDL100C,0.111965457
YGL105W,0.12048205
YCR086W,0.105083417
YDR174W,0.105083417
YFL017W-A,0.105083417
YHR089C,0.105083417
YNL207W,0.12048205
YBL004W,0.12048205
YOR210W,0.105083417
YNL107W,0.12048205
YOL012C,0.105083417
YDL208W,0.105083417
YGL127C,0.105083417
YDR146C,0.12048205
YNL147W,0.12048205
YLR106C,0.105083417
YKL018W,0.105083417
YDR439W,0.105083417
YIL143C,0.105083417
YOL090W,0.105083417
YER172C,0.105083417
YOL145C,0.105083417
YLR197W,0.105083417
YNL002C,0.105083417
YOR206W,0.105083417
YLR335W,0.11017036
YJR063W,0.105083417
YIL079C,0.12048205
YPL139C,0.12048205
YMR291W,0.12048205
YFR001W,0.105083417
YOL135C,0.105083417
YER138C,0.12048205
YHR193C,0.12048205
YGR002C,0.105083417
YDR167W,0.105083417
YER062C,0.12048205
YPR137W,0.105083417
YGR252W,0.105083417
YJL194W,0.105083417
YPL178W,0.12048205
YMR061W,0.12048205
YCR094W,0.060286505
YBL103C,0.105083417
YNR052C,0.12048205
YLR438C-A,0.12048205
YGR091W,0.105083417
YML048W,0.060286505
YDR311W,0.105083417
YJR059W,0.12048205
YDR334W,0.105083417
YOL004W,0.105083417
YGR104C,0.105083417
YML092C,0.12048205
YHR084W,0.105083417
YBR154C,0.105083417
YOR304W,0.105083417
YFL010C,0.12048205
YJR132W,0.12048205
YGL172W,0.12241177
YGR144W,0.121497709
YLR079W,0.12048205
YDR448W,0.105083417
YMR198W,0.12048205
YPR030W,0.12048205
YOL149W,0.12048205
YLR182W,0.12048205
YLR208W,0.125145365
YMR229C,0.105083417
YDR087C,0.105083417
YDR130C,0.12048205
YJL033W,0.105083417
YPR187W,0.12048205
YOR224C,0.105083417
YJL041W,0.12241177
YIL063C,0.105083417
YGR274C,0.105083417
YDL065C,0.110249224
YLL034C,0.105083417
YPR103W,0.12048205
YGR161C,0.12048205
YPL038W,0.12048205
YPL169C,0.12048205
YLR372W,0.060286505
YMR153W,0.12241177
YLR449W,0.105083417
YDL002C,0.105083417
YOL077C,0.105083417
YJR033C,0.060286505
YLR002C,0.105083417
YLR328W,0.12048205
YKL073W,0.060286505
YBR152W,0.105083417
YMR276W,0.105083417
YNL313C,0.12048205
YLR127C,0.12048205
YAL032C,0.105083417
YKL173W,0.105083417
YKL021C,0.11017036
YGL070C,0.105083417
YOR207C,0.105083417
YBR275C,0.105083417
YBR106W,0.060286505
YLR424W,0.12048205
YDL113C,0.080953558
YKL009W,0.12048205
YAL027W,0.105083417
YIL004C,0.073593821
YDL060W,0.12048205
YDR259C,0.105083417
YMR314W,0.12048205
YMR054W,0.073593821
YKL203C,0.118487278
YBR159W,0.060286505
YOR191W,0.105083417
YGR058W,0.120919942
YFL024C,0.105083417
YJR042W,0.12241177
YKL014C,0.105083417
YDR460W,0.105083417
YKR002W,0.105083417
YGL112C,0.105083417
YDL108W,0.105083417
YLR082C,0.12048205
YKR010C,0.105083417
YBR150C,0.105083417
YPL180W,0.118487278
YGL130W,0.105083417
YPR104C,0.105083417
YLR131C,0.105083417
YDR473C,0.105083417
YGR278W,0.12048205
YJL080C,0.124443678
YDR324C,0.105083417
YNR010W,0.105083417
YJL109C,0.105083417
YJL061W,0.12241177
YIL038C,0.12048205
YDR110W,0.105083417
YDL190C,0.12048205
YDR301W,0.105083417
YHR140W,0.060286505
YGL011C,0.12048205
YGR245C,0.105083417
YJR093C,0.105083417
YIL115C,0.12241177
YCL011C,0.105083417
YHR133C,0.060286505
YNR019W,0.060286505
YNL206C,0.105083417
YGL092W,0.12241177
YBR049C,0.105083417
YDR195W,0.105083417
YBR095C,0.105083417
YJR070C,0.12048205
YLR263W,0.105083417
YNL023C,0.12048205
YLR086W,0.12048205
YEL066W,0.12048205
YBR083W,0.105083417
YKL008C,0.060286505
YER094C,0.12048205
YBR087W,0.105083417
YPL218W,0.115477015
YDR331W,0.060286505
YNL201C,0.105083417
YLL008W,0.105083417
YJR144W,0.105083417
YDL031W,0.105083417
YPR175W,0.12048205
YLL023C,0.111327691
YGR280C,0.105083417
YKL144C,0.105083417
YDR356W,0.12048205
YNL265C,0.109512033
YOR308C,0.105083417
YER120W,0.111327691
YDL005C,0.105083417
YER029C,0.105083417
YPL211W,0.12048205
YEL055C,0.105083417
YDR165W,0.105083417
YKL214C,0.105083417
YDL204W,0.060286505
YKL172W,0.105083417
YGL207W,0.105083417
YDL139C,0.105083417
YDL087C,0.105083417
YLR105C,0.124443678
YPL129W,0.105083417
YIL124W,0.060286505
YGR135W,0.12048205
YBR195C,0.12048205
YBR253W,0.105083417
YBL005W,0.105083417
YMR241W,0.105083417
YJL047C,0.12048205
YOL069W,0.105083417
YDR378C,0.12048205
YMR080C,0.12048205
YJL151C,0.111679816
YOR294W,0.105083417
YHR065C,0.105083417
YLR153C,0.12048205
YPL089C,0.105083417
YPR040W,0.12048205
YER040W,0.105083417
YKR095W,0.105083417
YDR206W,0.105083417
YGL238W,0.12048205
YGR095C,0.12048205
YDR202C,0.113555913
YJL140W,0.12048205
YNL223W,0.12048205
YDR482C,0.12048205
YGL090W,0.12048205
YGL122C,0.105083417
YNL139C,0.105083417
YNL076W,0.105083417
YKL065C,0.060286505
YDR054C,0.12048205
YPR091C,0.060286505
YLR373C,0.108188291
YCL008C,0.113555913
YLR115W,0.105083417
YIR009W,0.105083417
YIR006C,0.115477015
YHR098C,0.111965457
YGR060W,0.060286505
YML065W,0.105083417
YCL054W,0.105083417
YAL043C,0.105083417
YBR170C,0.124443678
YGL200C,0.073593821
YKL002W,0.113555913
YER164W,0.105083417
YFR034C,0.12048205
YCR034W,0.060286505
YDR465C,0.12048205
YJR010C-A,0.060286505
YFR050C,0.12048205
YDL015C,0.113276806
YGR099W,0.105083417
YPR019W,0.105083417
YCR066W,0.105083417
YDR176W,0.105083417
YLR321C,0.105083417
YKL059C,0.105083417
YBL032W,0.12048205
YOR001W,0.105083417
YBL008W,0.105083417
YDL030W,0.105083417
YFL009W,0.105083417
YGL213C,0.12048205
YMR270C,0.105083417
YLR103C,0.105083417
YOL038W,0.12048205
YGR186W,0.105083417
YDR101C,0.12048205
YBR089C-A,0.105083417
YBL003C,0.105083417
YML099C,0.12048205
YNL288W,0.12048205
YGR074W,0.105083417
YLR277C,0.105083417
YPR072W,0.12048205
YOR380W,0.105083417
YBR073W,0.105083417
YKR025W,0.105083417
YDR299W,0.105083417
YDR416W,0.105083417
YAL007C,0.060286505
YBL025W,0.105083417
YPR008W,0.105083417
YDL105W,0.105083417
YGR233C,0.12048205
YNL042W,0.12048205
YBL034C,0.12048205
YML007W,0.12048205
YBR193C,0.105083417
YDL153C,0.105083417
YKL143W,0.12048205
YGL246C,0.105083417
YNR003C,0.105083417
YDR404C,0.12048205
YBR245C,0.105083417
YGR005C,0.105083417
YGR156W,0.105083417
YHR185C,0.12048205
YPR023C,0.105083417
YBL093C,0.105083417
YGR180C,0.12048205
YKL054C,0.105083417
YER027C,0.12048205
YNL124W,0.105083417
YNL015W,0.12048205
YOR159C,0.12048205
YGR145W,0.105083417
YBR081C,0.105083417
YNL218W,0.105083417
YGR159C,0.105083417
YPR190C,0.12048205
YDR443C,0.105083417
YOR208W,0.12048205
YBL058W,0.12048205
YNL216W,0.105083417
YIL132C,0.12048205
YBR239C,0.12048205
YML041C,0.105083417
R0020C,0.105083417
YGL220W,0.12048205
YKL205W,0.12048205
YPL248C,0.105083417
YOR315W,0.105083417
YDR264C,0.073593821
YNR012W,0.12048205
YHR088W,0.105083417
YDR432W,0.105083417
YKR014C,0.111965457
YNL199C,0.105083417
YDR243C,0.12048205
YBR110W,0.060286505
YDR201W,0.12048205
YCR087C-A,0.105083417
YFR013W,0.105083417
YLR275W,0.105083417
YOR254C,0.111327691
YBL023C,0.105083417
YOR016C,0.060286505
YDR463W,0.123383494
YLR035C,0.105083417
YKL042W,0.12048205
YDR409W,0.120919942
YMR052W,0.060286505
YEL002C,0.060286505
YIL016W,0.111327691
YAL059W,0.12048205
YOR358W,0.105083417
YPR107C,0.105083417
YJR131W,0.060286505
YHR178W,0.105083417
YDL127W,0.12048205
YBL041W,0.12048205
YEL063C,0.073593821
YHR041C,0.105083417
YER127W,0.105083417
YLR005W,0.105083417
YOR185C,0.105083417
YHR005C,0.111965457
YDL226C,0.121634728
YGR142W,0.109512033
YDR412W,0.105083417
YBR036C,0.060286505
YPL082C,0.105083417
YIL008W,0.12048205
YLR100W,0.080953558
YKL213C,0.124443678
YML049C,0.105083417
YGR204W,0.12048205
YLR009W,0.12048205
YPR003C,0.060286505
YDL148C,0.105083417
YKL154W,0.060286505
YMR236W,0.105083417
YOR290C,0.105083417
YDL051W,0.105083417
YMR005W,0.105083417
YNL262W,0.105083417
YOL005C,0.105083417
YNL086W,0.060286505
YPR183W,0.060286505
YGR203W,0.12048205
YJL011C,0.105083417
YGR229C,0.105083417
YDR395W,0.12048205
YDL165W,0.12048205
YNL172W,0.12048205
YDR318W,0.105083417
YBL079W,0.12241177
YGR253C,0.12048205
YDL195W,0.113555913
YBL066C,0.105083417
YFR002W,0.12241177
YOL021C,0.12048205
YDR240C,0.105083417
YPL217C,0.12048205
YPL181W,0.105083417
YOR110W,0.105083417
YJR112W,0.105083417
YGL097W,0.105083417
YGR284C,0.060286505
YDR280W,0.12048205
YPL084W,0.109512033
YER107C,0.12241177
YBR281C,0.12048205
YGL240W,0.12048205
YEL009C,0.105083417
YJL001W,0.12048205
YPR165W,0.076640917
YBR171W,0.060286505
YDL064W,0.105083417
YLR409C,0.105083417
YDL212W,0.060286505
YOL006C,0.105083417
YNL330C,0.12048205
YPL016W,0.12048205
YKL061W,0.060286505
YDR002W,0.12048205
YGL037C,0.120822722
YMR078C,0.105083417
YML022W,0.12048205
YGL151W,0.105083417
YDL150W,0.105083417
YER116C,0.105083417
YCR035C,0.12048205
YKR082W,0.12241177
YLR223C,0.105083417
YKL057C,0.12241177
YER049W,0.105083417
YKL022C,0.105083417
YGR116W,0.105083417
YGR264C,0.12048205
YDL070W,0.12048205
YFL042C,0.113276806
YPL037C,0.12048205
YHR164C,0.105083417
YJL039C,0.12048205
YOL051W,0.105083417
YER002W,0.105083417
YNL260C,0.105083417
YAL011W,0.105083417
YNL248C,0.105083417
YGR227W,0.060286505
YMR223W,0.105083417
YGR158C,0.12048205
YJL196C,0.060286505
YHR191C,0.105083417
YBR183W,0.073593821
YPR082C,0.105083417
YJR117W,0.060286505
YPR137C-B,0.12048205
YFL002C,0.105083417
YDR449C,0.105083417
YKL012W,0.105083417
YEL032W,0.105083417
YLR117C,0.105083417
YBR211C,0.105083417
YBR290W,0.072175397
YGR195W,0.12048205
YNL151C,0.105083417
YPL125W,0.12048205
YKR101W,0.105083417
YDR285W,0.105083417
YLR394W,0.105083417
YDR235W,0.105083417
YPL192C,0.12048205
YML046W,0.105083417
YHR156C,0.105083417
YOR026W,0.105083417
YMR172W,0.105083417
YMR021C,0.105083417
YPL001W,0.12048205
YCR072C,0.105083417
YKL112W,0.105083417
YGR013W,0.12048205
YKR024C,0.105083417
YIR023W,0.105083417
YOL001W,0.12048205
YDR414C,0.060286505
YPL014W,0.12048205
YMR285C,0.12048205
YOR144C,0.105083417
YGL075C,0.12048205
YLR385C,0.105083417
YML010W,0.105083417
YGR098C,0.12048205
YDL053C,0.12048205
YHR143W-A,0.105083417
YDR027C,0.088783616
YBR119W,0.105083417
YHR124W,0.105083417
YKL212W,0.060286505
YML034W,0.105083417
YER068W,0.12048205
YGL044C,0.105083417
YGR249W,0.105083417
YDR297W,0.060286505
YGR010W,0.105083417
YLR399C,0.105083417
YFR003C,0.105083417
YJR029W,0.12048205
YDR362C,0.105083417
YDR073W,0.105083417
YKR030W,0.073593821
YGR172C,0.073593821
YER078C,0.11017036
YBR228W,0.105083417
YAL010C,0.111327691
YIR002C,0.105083417
YPL137C,0.109512033
YBR202W,0.12048205
YOR197W,0.12048205
YPL213W,0.105083417
YFR036W,0.105083417
YDL080C,0.105083417
YKL062W,0.12048205
YML015C,0.105083417
YDR359C,0.105083417
YNL263C,0.111965457
YLR129W,0.105083417
YNL016W,0.12048205
YDR307W,0.060286505
YBL088C,0.105083417
YNL102W,0.105083417
YNL039W,0.105083417
YDL124W,0.12048205
YAR008W,0.124443678
YKR096W,0.120822722
YLR276C,0.105083417
YBR112C,0.105083417
YGL051W,0.111965457
YKL113C,0.105083417
YDL149W,0.115477015
YPL209C,0.12048205
YDR383C,0.105083417
YHL027W,0.12048205
YDR091C,0.12048205
YHR069C,0.12048205
YDR279W,0.105083417
YDR348C,0.088783616
YBL035C,0.105083417
YDR484W,0.115477015
YDR313C,0.087918321
YNL257C,0.060286505
YGL244W,0.105083417
YML055W,0.060286505
YHR079C-A,0.105083417
YNL232W,0.12048205
YGL166W,0.105083417
YAL019W,0.105083417
YFR027W,0.105083417
YMR213W,0.12048205
YLR271W,0.12048205
YML062C,0.105083417
YLR350W,0.060286505
YOL117W,0.12048205
YPL266W,0.12048205
YOR004W,0.105083417
YOR310C,0.105083417
YNL181W,0.060286505
YEL026W,0.105083417
YGR178C,0.12048205
YGR134W,0.12048205
YDR145W,0.105083417
YAL028W,0.060286505
YPR164W,0.105083417
YIL026C,0.105083417
YNL215W,0.105083417
YPL227C,0.109512033
YBR279W,0.105083417
YOR157C,0.12048205
YOR160W,0.105083417
YJR002W,0.105083417
YPL083C,0.124443678
YKL082C,0.105083417
YIL122W,0.105083417
YOR078W,0.105083417
YML098W,0.105083417
YER123W,0.122553315
YMR149W,0.060286505
YFL013C,0.105083417
YNL068C,0.105083417
YGL175C,0.12048205
YPR141C,0.12048205
YLR055C,0.105083417
YMR268C,0.105083417
YHL009C,0.12048205
YOR324C,0.060286505
YOL148C,0.105083417
YOR156C,0.105083417
YLL036C,0.105083417
YOR179C,0.105083417
YFR019W,0.087918321
YDR069C,0.113555913
YOR083W,0.12048205
YML102W,0.105083417
YDR049W,0.113555913
YNL027W,0.12048205
YLR154C,0.12048205
YLR384C,0.12048205
YLR116W,0.105083417
YBR283C,0.060286505
YDR295C,0.105083417
YNL278W,0.120919942
YLR401C,0.12048205
YML103C,0.12241177
YLR064W,0.111327691
YIR011C,0.12048205
YLR071C,0.105083417
YML075C,0.111327691
YPR143W,0.105083417
YML069W,0.105083417
YHR142W,0.060286505
YCR042C,0.105083417
YLR418C,0.105083417
YOR368W,0.105083417
YDR005C,0.12048205
YPR028W,0.073593821
YBR289W,0.105083417
YFR047C,0.12048205
YPR174C,0.12241177
YCL026C-A,0.12048205
YGR211W,0.12048205
YMR128W,0.105083417
YHR121W,0.12048205
YIL149C,0.12048205
YGL171W,0.105083417
YLR298C,0.105083417
YGL061C,0.12048205
YDR308C,0.105083417
YMR190C,0.105083417
YGR085C,0.12048205
YDR207C,0.105083417
YHR172W,0.12048205
YOR046C,0.12241177
YLR150W,0.12048205
YGL227W,0.12048205
YPR034W,0.105083417
YBR060C,0.105083417
YLR052W,0.105083417
YCR040W,0.105083417
YDL089W,0.105083417
YER160C,0.12048205
YGL096W,0.105083417
YGL124C,0.087918321
YOR372C,0.12048205
YFR046C,0.105083417
YDR320C,0.113555913
YDR289C,0.105083417
YGL174W,0.12048205
YBR034C,0.105083417
YOR075W,0.060286505
YNL187W,0.105083417
YGL254W,0.105083417
YPL226W,0.12048205
YPL048W,0.12048205
YOL010W,0.105083417
YNL309W,0.12048205
YNL004W,0.105083417
YHR118C,0.105083417
YDR303C,0.105083417
YHR058C,0.105083417
YNL103W,0.105083417
YLR102C,0.12048205
YOR250C,0.105083417
YIL173W,0.073593821
YPL274W,0.060286505
YPL269W,0.12048205
YER105C,0.12241177
YJL002C,0.060286505
YPR144C,0.105083417
YLR018C,0.105083417
YDL063C,0.12048205
YPL219W,0.12048205
YMR129W,0.105083417
YBL001C,0.12048205
YDL106C,0.105083417
YGL078C,0.105083417
YML027W,0.105083417
YDR123C,0.105083417
YML036W,0.105083417
YMR288W,0.105083417
YBR278W,0.105083417
YGL241W,0.12048205
YJL110C,0.105083417
YGL066W,0.105083417
YDR006C,0.105083417
YNL222W,0.105083417
YHR148W,0.105083417
YPL011C,0.105083417
YER162C,0.12048205
YBR254C,0.073593821
YGL150C,0.105083417
YMR014W,0.105083417
YER057C,0.12048205
YFL007W,0.12048205
YGR113W,0.12048205
YJL030W,0.105083417
YCL052C,0.060286505
YAL054C,0.12048205
YJR021C,0.105083417
YKL043W,0.105083417
YER106W,0.105083417
YDR399W,0.12048205
YPL127C,0.105083417
YOR141C,0.12048205
YFR037C,0.105083417
YGR059W,0.111080273
YOR069W,0.115477015
YER026C,0.060286505
YNL112W,0.12048205
YAL014C,0.060286505
YHR110W,0.060286505
YDR118W,0.12048205
YDR456W,0.060286505
YKR086W,0.105083417
YAR002C-A,0.060286505
YDL098C,0.105083417
YNL049C,0.111965457
YHL022C,0.105083417
YLR183C,0.105083417
YJR094C,0.105083417
YIL048W,0.073593821
YMR156C,0.105083417
YOR032C,0.105083417
YKL069W,0.12048205
YLR254C,0.12048205
YMR112C,0.105083417
YHR072W-A,0.105083417
YDR173C,0.105083417
YOR028C,0.12048205
YMR255W,0.12241177
YKR060W,0.105083417
YOL093W,0.12048205
YMR200W,0.060286505
YHL003C,0.060286505
YBR066C,0.105083417
YJL115W,0.105083417
YGL225W,0.111965457
YOR006C,0.12048205
YLR231C,0.12048205
YKL039W,0.073593821
YNL077W,0.12048205
YPR161C,0.105083417
YCR065W,0.12048205
YJL010C,0.105083417
YLR051C,0.105083417
YPL018W,0.105083417
YMR269W,0.105083417
YLR278C,0.105083417
YKL185W,0.105083417
YIL101C,0.105083417
YEL065W,0.060286505
YDR501W,0.105083417
YDR223W,0.12048205
YCL045C,0.060286505
YAR027W,0.108188291
YOR056C,0.122881366
YOR257W,0.12048205
YLR025W,0.124443678
YOR217W,0.105083417
YAR042W,0.122553315
YCR081W,0.105083417
YJL176C,0.105083417
YJL050W,0.105083417
YGL250W,0.12048205
YOL028C,0.105083417
YLR094C,0.12048205
YOL111C,0.12048205
YMR029C,0.109512033
YMR135C,0.12048205
YLR015W,0.105083417
YGR170W,0.115477015
YNL227C,0.105083417
YOR145C,0.12048205
YGR128C,0.105083417
YHR097C,0.12048205
YKR038C,0.12048205
YNL281W,0.12048205
YML061C,0.11017036
YPL094C,0.060286505
YBR231C,0.105083417
YIR017C,0.12048205
YNL258C,0.080953558
YGL194C,0.105083417
YIL097W,0.12048205
YMR263W,0.105083417
YPL050C,0.073593821
YNL267W,0.105083417
YLR315W,0.105083417
YKR022C,0.12048205
YPL128C,0.105083417
YDR485C,0.105083417
YJL019W,0.12048205
YNR008W,0.060286505
YPL202C,0.105083417
YOL018C,0.073593821
YOR249C,0.105083417
YKL058W,0.12048205
YGR081C,0.105083417
YDL003W,0.105083417
YJR082C,0.105083417
YHL025W,0.105083417
YMR224C,0.105083417
YPL254W,0.105083417
YLR083C,0.072175397
YNL075W,0.105083417
YFR042W,0.060286505
YKR037C,0.12048205
YLR108C,0.105083417
YPL085W,0.113555913
YDL216C,0.12048205
YGL043W,0.105083417
YPL131W,0.12048205
YCL050C,0.12048205
YLR136C,0.12048205
YER036C,0.12048205
YOL044W,0.064568232
YJR015W,0.060286505
YDL209C,0.105083417
YIL104C,0.105083417
YJL125C,0.105083417
YJR140C,0.105083417
YGR140W,0.12048205
YIL150C,0.105083417
YJL122W,0.12048205
YDR425W,0.113555913
YDR423C,0.12048205
YIL109C,0.115477015
YHR195W,0.105083417
YLR003C,0.105083417
YDL111C,0.12048205
YLR088W,0.060286505
YCR033W,0.105083417
YBR065C,0.105083417
YDR180W,0.105083417
YCR096C,0.105083417
YJL013C,0.105083417
YNL048W,0.060286505
YKL109W,0.105083417
YPR105C,0.088783616
YER140W,0.060286505
YDL084W,0.105083417
YDR469W,0.105083417
YNL253W,0.105083417
YOR340C,0.105083417
YDR457W,0.105083417
YGR223C,0.080953558
YGR205W,0.12048205
YNL125C,0.060286505
YOR123C,0.105083417
YBR057C,0.12048205
YJL089W,0.105083417
YOR189W,0.105083417
YPL138C,0.105083417
YDL072C,0.060286505
YPR085C,0.105083417
YGL192W,0.12048205
YLL014W,0.060286505
YPR101W,0.105083417
YNL045W,0.12048205
YLL061W,0.060286505
YPR052C,0.105083417
YDL074C,0.105083417
YOR033C,0.105083417
YNL021W,0.105083417
YBR236C,0.105083417
YCL010C,0.105083417
YLR274W,0.12048205
YLR072W,0.113276806
YOR373W,0.12048205
YOL003C,0.060286505
YPR070W,0.105083417
YDL235C,0.12048205
YOR298C-A,0.12048205
YER084W,0.12048205
YMR065W,0.111327691
YPL146C,0.12048205
YDL232W,0.060286505
YJL036W,0.113555913
YLR450W,0.111327691
YLL022C,0.105083417
YGR056W,0.105083417
YLR056W,0.060286505
YDR392W,0.105083417
YFL028C,0.12048205
YOR140W,0.105083417
YJR050W,0.12048205
YPR168W,0.105083417
YDL076C,0.105083417
YJL091C,0.060286505
YOL034W,0.105083417
YDR464W,0.105083417
YOL068C,0.12048205
YDR440W,0.105083417
YMR264W,0.060286505
YBR058C,0.12048205
YGR263C,0.060286505
YER045C,0.105083417
YOL142W,0.12048205
YBL046W,0.105083417
YGR089W,0.060286505
YML067C,0.073593821
YNR023W,0.105083417
YPL247C,0.12048205
YMR280C,0.105083417
YOR023C,0.12048205
YGL157W,0.12048205
YJR073C,0.060286505
YML052W,0.073593821
YLR011W,0.12048205
YNL082W,0.105083417
YER028C,0.12048205
YDR326C,0.060286505
YDR361C,0.12048205
YDL233W,0.105083417
YLR170C,0.123811284
YPR135W,0.105083417
YGL249W,0.105083417
YDR051C,0.12048205
YDR292C,0.113555913
YPL157W,0.105083417
YHL020C,0.111327691
YLR200W,0.105083417
YMR048W,0.105083417
YOR154W,0.060286505
YER018C,0.105083417
YJR060W,0.105083417
YMR219W,0.105083417
YPR172W,0.12048205
YIL084C,0.105083417
YLR095C,0.105083417
YGR047C,0.105083417
YKL099C,0.105083417
YBR229C,0.060286505
YDL166C,0.12048205
YER139C,0.12048205
YML130C,0.080953558
YOR295W,0.105083417
YDR184C,0.12048205
YMR202W,0.060286505
YML059C,0.060286505
YHR207C,0.12048205
YDR156W,0.105083417
YCR044C,0.060286505
YPL046C,0.12048205
YIL010W,0.105083417
YIL017C,0.12048205
YMR168C,0.105083417
YLR329W,0.105083417
YOR060C,0.12048205
YOL151W,0.12048205
YCR082W,0.12048205
YPL233W,0.105083417
YOR209C,0.12048205
YBL084C,0.12048205
YPL212C,0.105083417
YCL061C,0.105083417
YBL074C,0.12048205
YHR085W,0.105083417
YMR258C,0.12241177
YDR179C,0.12048205
YLR323C,0.105083417
YPL245W,0.12048205
YHR214C-B,0.12048205
YOR171C,0.094871795
YMR043W,0.105083417
YOR344C,0.105083417
YDL058W,0.115477015
YMR296C,0.109512033
YFL021W,0.105083417
YDR043C,0.105083417
YLR410W-B,0.12048205
YNR054C,0.105083417
YIL126W,0.105083417
YNL008C,0.105083417
YGR275W,0.105083417
YBR201W,0.060286505
YDL129W,0.12048205
YGL058W,0.12048205
YPL008W,0.105083417
YDR312W,0.105083417
YPR112C,0.105083417
YMR076C,0.105083417
YPL064C,0.12048205
YGR071C,0.105083417
YPR046W,0.105083417
YML012W,0.073593821
YAL009W,0.111327691
YIR038C,0.080953558
YGR269W,0.12048205
YLR265C,0.12048205
YOR213C,0.105083417
YLR119W,0.113555913
YNR006W,0.113555913
YGL071W,0.105083417
YCR048W,0.060286505
YBR107C,0.105083417
YLL031C,0.060286505
YOL089C,0.12048205
YLR378C,0.060286505
YDR056C,0.060286505
YBL052C,0.105083417
YHR009C,0.109512033
YEL017W,0.105083417
YNL146W,0.060286505
YDR021W,0.105083417
YDR121W,0.105083417
YFL048C,0.073593821
YLR098C,0.105083417
YLR207W,0.060286505
YCL055W,0.105083417
YLR135W,0.12048205
YGL133W,0.105083417
YPL122C,0.105083417
YLR318W,0.105083417
YOR173W,0.12048205
YHR001W,0.060286505
YPL207W,0.060286505
YNL130C,0.060286505
YPR007C,0.105083417
YNL245C,0.105083417
YBR258C,0.105083417
YER019C-A,0.060286505
YLR118C,0.12048205
YNL251C,0.105083417
YGR175C,0.060286505
YLR456W,0.12048205
YLR068W,0.105083417
YGL086W,0.105083417
YDR520C,0.12048205
YLR034C,0.072175397
YOR064C,0.105083417
YLR066W,0.060286505
YMR310C,0.105083417
YKR083C,0.12048205
YKL119C,0.060286505
YHR031C,0.105083417
YKL160W,0.105083417
YLR363W-A,0.105083417
YJL145W,0.113555913
YJR119C,0.105083417
YKL183W,0.12048205
YCR059C,0.12048205
YPR114W,0.060286505
YOL101C,0.060286505
YOL072W,0.105083417
YMR278W,0.12048205
YMR067C,0.12048205
YML013W,0.060286505
YLR205C,0.060286505
YJL192C,0.060286505
YIL096C,0.105083417
YHR049W,0.12048205
YOR194C,0.12048205
YHL006C,0.105083417
YDR016C,0.12048205
YJL168C,0.105083417
YER064C,0.105083417
YIL005W,0.060286505
YHR072W,0.080953558
YOR275C,0.12048205
YDR364C,0.105083417
YNL196C,0.12048205
YJL056C,0.105083417
YJL006C,0.105083417
YDL207W,0.12241177
YLR221C,0.105083417
YLR270W,0.12048205
YGL128C,0.12048205
YLR266C,0.12048205
YLR007W,0.105083417
YOR311C,0.113534626
YJL065C,0.105083417
YPR094W,0.105083417
YKL052C,0.12048205
YHR090C,0.105083417
YMR277W,0.105083417
YDR218C,0.111080273
YJL134W,0.060286505
YDR132C,0.12048205
YER168C,0.12048205
YJR047C,0.12048205
YDR291W,0.105083417
YAL025C,0.105083417
YER159C,0.105083417
YMR176W,0.105083417
YOR175C,0.060286505
YLL054C,0.105083417
YKR099W,0.105083417
YHR079C,0.060286505
YMR009W,0.12048205
YLR357W,0.105083417
YER092W,0.105083417
YDR468C,0.073593821
YJL184W,0.105083417
YMR127C,0.12048205
YML029W,0.060286505
YJR025C,0.12048205
YNL289W,0.12048205
YJR146W,0.12048205
YNL158W,0.060286505
YLR050C,0.060286505
YKL024C,0.12048205
YLR004C,0.073593821
YOR051C,0.105083417
YPR173C,0.080953558
YAL053W,0.060286505
YDR078C,0.105083417
YMR025W,0.12048205
YDR233C,0.060286505
YOR243C,0.12048205
YNL167C,0.105083417
YBR186W,0.105083417
YGR075C,0.105083417
YMR171C,0.072175397
YKR018C,0.12048205
YIR022W,0.060286505
YGL025C,0.105083417
YMR039C,0.105083417
YPL065W,0.113555913
YBR243C,0.060286505
YOR346W,0.105083417
YMR044W,0.105083417
YLR017W,0.12048205
YBL040C,0.060286505
YDR088C,0.105083417
YDR310C,0.105083417
YPL133C,0.12048205
YHR204W,0.060286505
YGR063C,0.105083417
YPR133C,0.105083417
YHR187W,0.12048205
YMR233W,0.12048205
YHR034C,0.12048205
YER104W,0.12048205
YOL065C,0.113555913
YOR074C,0.105083417
YIR018W,0.12048205
YHR087W,0.12048205
YLR451W,0.105083417
YFL049W,0.105083417
YIL145C,0.12048205
YPR179C,0.105083417
YKR039W,0.082181089
YLR455W,0.105083417
YJR041C,0.105083417
YKR020W,0.088783616
YOL144W,0.105083417
YKL125W,0.105083417
YML011C,0.105083417
YOL031C,0.060286505
YPR056W,0.105083417
YDL056W,0.105083417
YNR074C,0.105083417
YPL216W,0.105083417
YLR336C,0.105083417
YDR236C,0.060286505
YOR038C,0.105083417
YBL078C,0.113840354
YPL260W,0.12048205
YPL190C,0.105083417
YBR097W,0.073593821
YIL039W,0.060286505
YDR045C,0.105083417
YJL029C,0.088783616
YDR159W,0.105083417
YBR233W,0.105083417
YIL071C,0.12048205
YER030W,0.105083417
YJL062W,0.060286505
YGR179C,0.105083417
YBR182C,0.105083417
YLL004W,0.105083417
YMR298W,0.060286505
YDL088C,0.12241177
YGR151C,0.12048205
YML031W,0.12048205
YLR312C,0.060286505
YJR136C,0.12048205
YOL146W,0.105083417
YBR273C,0.060286505
YAR033W,0.111965457
YPR162C,0.105083417
YIL023C,0.060286505
YCR052W,0.105083417
YKR062W,0.105083417
YLR032W,0.12048205
YKR072C,0.12048205
YNR027W,0.12048205
YEL018W,0.105083417
YPL208W,0.12048205
YPL120W,0.087918321
YKR034W,0.105083417
YBR012W-B,0.12048205
YER083C,0.073593821
YGR209C,0.123383494
YBR240C,0.105083417
YHR190W,0.060286505
YJR043C,0.105083417
YMR042W,0.105083417
YKL124W,0.072175397
YKL165C,0.082181089
YGR200C,0.12048205
YNL231C,0.080953558
YAL061W,0.12048205
YGL055W,0.060286505
YER051W,0.105083417
YIL110W,0.12048205
YMR180C,0.12048205
YIL082W-A,0.12048205
YLL006W,0.111327691
YMR091C,0.105083417
YHR081W,0.105083417
YHR039C,0.060286505
YBR141C,0.105083417
YGL145W,0.080953558
YHR105W,0.080953558
YGL162W,0.12048205
YBR123C,0.105083417
YNL159C,0.105083417
YOR258W,0.12048205
YDR531W,0.12048205
YDR012W,0.12048205
YGR038W,0.060286505
YJR069C,0.12048205
YJR084W,0.12048205
YGL022W,0.060286505
YDR390C,0.105083417
YML021C,0.105083417
YGL054C,0.073593821
YMR165C,0.124443678
YBR188C,0.105083417
YDL020C,0.105083417
YOL067C,0.105083417
YLR010C,0.105083417
YOL017W,0.12048205
YOR129C,0.12048205
YMR247C,0.105083417
YBR265W,0.060286505
YLR226W,0.105083417
YJR074W,0.105083417
YOR283W,0.12048205
YLL002W,0.105083417
YOR172W,0.12048205
YOL043C,0.105083417
YGL053W,0.060286505
YGR246C,0.105083417
YGR199W,0.060286505
YPL201C,0.12048205
YNL261W,0.105083417
YPR057W,0.105083417
YHR206W,0.105083417
YER166W,0.083232484
YML093W,0.105083417
YPR079W,0.073593821
YPL086C,0.12048205
YJR006W,0.105083417
YPL024W,0.12048205
YNL304W,0.114292493
YNL292W,0.105083417
YLR301W,0.12048205
YDR489W,0.105083417
YJR102C,0.113555913
YGL027C,0.060286505
YGL073W,0.105083417
YDR305C,0.12048205
YML023C,0.105083417
YNL273W,0.105083417
YML014W,0.12048205
YPR071W,0.060286505
YLR141W,0.105083417
YMR033W,0.105083417
YGL065C,0.060286505
YLR063W,0.12048205
YGL010W,0.060286505
YDR096W,0.105083417
YPR118W,0.12048205
YGL047W,0.060286505
YDR530C,0.12048205
YNR039C,0.060286505
YPL228W,0.105083417
YER013W,0.105083417
YNL097C,0.105083417
YNL284C-B,0.12048205
YMR045C,0.12048205
YGR161C-D,0.12048205
YBL005W-B,0.12048205
YLR073C,0.060286505
YBL024W,0.105083417
YCR063W,0.105083417
YBL082C,0.060286505
YHR040W,0.105083417
YDR196C,0.111327691
YMR072W,0.105083417
YNL291C,0.073593821
YMR019W,0.105083417
YCR011C,0.060286505
YNL062C,0.105083417
YIL130W,0.105083417
YMR227C,0.105083417
YNR009W,0.12048205
YPL047W,0.105083417
YBR111W-A,0.12048205
YER154W,0.105083417
YDR532C,0.12241177
YDR314C,0.105083417
YOR067C,0.060286505
YKL038W,0.12048205
YOL116W,0.105083417
YER044C,0.060286505
YPL096W,0.12048205
YLR242C,0.073593821
YHR154W,0.105083417
YML019W,0.060286505
YKL017C,0.12048205
YDR181C,0.105083417
YOR085W,0.060286505
YDR296W,0.105083417
YKR064W,0.12048205
YGR129W,0.105083417
YPL002C,0.113555913
YNL126W,0.12048205
YHR042W,0.111965457
YKL089W,0.105083417
YJR027W,0.12048205
YMR131C,0.105083417
YGL251C,0.105083417
YFL025C,0.060286505
YNL133C,0.105083417
YNL072W,0.12048205
YBR215W,0.105083417
YEL031W,0.060286505
YNL282W,0.105083417
YER038C,0.12048205
YOR138C,0.12048205
YOR113W,0.105083417
YDR213W,0.105083417
YAL042W,0.073593821
YOR336W,0.060286505
YNR024W,0.105083417
YFR038W,0.105083417
YBR158W,0.12048205
YKR080W,0.12048205
YJR143C,0.060286505
YDR498C,0.060286505
YOR327C,0.073593821
YDR026C,0.105083417
YPL177C,0.105083417
YOR115C,0.073593821
YOR377W,0.080953558
YGL093W,0.12241177
YCR039C,0.105083417
YGL029W,0.105083417
YNL141W,0.12048205
YDR363W,0.12048205
YKL028W,0.105083417
YDR315C,0.105083417
YLR240W,0.088783616
YDR120C,0.11017036
YDR140W,0.12048205
YEL036C,0.073593821
YMR075W,0.105083417
YLR381W,0.105083417
YHR167W,0.105083417
YHR046C,0.12048205
YPR037C,0.060286505
YOR103C,0.060286505
YGL226C-A,0.060286505
YPL090C,0.12048205
YJL072C,0.105083417
YOR025W,0.12048205
YKR063C,0.105083417
YNL224C,0.12048205
YML127W,0.105083417
YKR068C,0.073593821
YNL096C,0.12048205
YDR252W,0.12048205
YGR276C,0.105083417
YLR080W,0.073593821
YBL020W,0.060286505
YGL169W,0.12048205
YPR189W,0.12048205
YBL054W,0.12048205
YML114C,0.105083417
YDL115C,0.12048205
YKL122C,0.12048205
YDL092W,0.12048205
YNL136W,0.105083417
YPL243W,0.12048205
YPL210C,0.122881366
YPR045C,0.105083417
YDR063W,0.12048205
YGR072W,0.105083417
YIR010W,0.105083417
YML101C,0.109512033
YGR185C,0.12048205
YMR274C,0.060286505
YDR111C,0.12048205
YDL121C,0.060286505
YDR446W,0.105083417
YGR105W,0.111965457
YLR033W,0.105083417
YGL020C,0.073593821
YDR304C,0.060286505
YHR056C,0.105083417
YCR067C,0.073593821
YOR162C,0.12048205
YER184C,0.105083417
YEL038W,0.12048205
YNR026C,0.073593821
YPL121C,0.105083417
YIL009C-A,0.105083417
YNL036W,0.12048205
YPL075W,0.105083417
YDL093W,0.060286505
YOR096W,0.12048205
YPR051W,0.12048205
YLR228C,0.12048205
YPL087W,0.073593821
YOR092W,0.060286505
YGL001C,0.080953558
YLR440C,0.080953558
YPR152C,0.105083417
YLR132C,0.105083417
YFL031W,0.105083417
YCR068W,0.073593821
YBL014C,0.12048205
YBR167C,0.105083417
YHR134W,0.105083417
YGL113W,0.105083417
YDL110C,0.12048205
YBR156C,0.12048205
YMR123W,0.060286505
YML125C,0.073593821
YKL086W,0.12048205
YPL253C,0.12048205
YEL004W,0.060286505
YJL170C,0.060286505
YER109C,0.105083417
YPR113W,0.060286505
YAL033W,0.12048205
YOR245C,0.060286505
YLR376C,0.105083417
YOR048C,0.105083417
YKR079C,0.12048205
YBR004C,0.060286505
YHR004C,0.111327691
YLR437C,0.12048205
YHL047C,0.060286505
YER088C,0.105083417
YHR036W,0.105083417
YNR046W,0.12048205
YAL013W,0.12048205
YJR097W,0.12048205
YIL072W,0.105083417
YLR014C,0.105083417
YML077W,0.073593821
YDL201W,0.105083417
YMR110C,0.109512033
YPR065W,0.105083417
YPL175W,0.060286505
YDR245W,0.073593821
YPR102C,0.12048205
YIL040W,0.111327691
YIL049W,0.060286505
YOL064C,0.12048205
YLR459W,0.060286505
YLR057W,0.060286505
YBL097W,0.12048205
YMR077C,0.087918321
YMR182C,0.105083417
YOL032W,0.12048205
YJL025W,0.105083417
YGL013C,0.105083417
YHR062C,0.105083417
YDR421W,0.105083417
YOL013C,0.060286505
YOR321W,0.060286505
YOR252W,0.105083417
YER087C-B,0.060286505
YOR132W,0.116967674
YOR279C,0.105083417
YMR312W,0.12048205
YLR417W,0.113555913
YBR131W,0.087918321
YDR288W,0.12048205
YOR363C,0.105083417
YOL104C,0.105083417
YDR330W,0.12048205
YFL001W,0.105083417
YKR008W,0.105083417
YNL186W,0.105083417
YEL058W,0.12048205
YDR126W,0.060286505
YPL101W,0.12048205
YBR058C-A,0.060286505
YNR034W,0.12048205
YDR492W,0.060286505
YDR020C,0.12048205
YBL018C,0.105083417
YNL138W-A,0.105083417
YCR075C,0.072175397
YMR069W,0.12048205
YNR011C,0.105083417
YGR036C,0.060286505
YER035W,0.12048205
YDR478W,0.105083417
YLR435W,0.12048205
YJR040W,0.073593821
YDR254W,0.105083417
YBL019W,0.105083417
YCR036W,0.12048205
YIL030C,0.111327691
YER147C,0.105083417
YNL246W,0.105083417
YNL046W,0.060286505
YLR065C,0.060286505
YPL257W-B,0.12048205
YBR244W,0.12241177
YGL079W,0.060286505
YOR165W,0.060286505
YBR090C,0.12048205
YBR237W,0.105083417
YGR177C,0.080953558
YMR119W,0.105083417
YLR181C,0.113555913
YAL030W,0.073593821
YNR015W,0.12048205
YJR127C,0.105083417
YDR472W,0.073593821
YPR068C,0.105083417
YPL116W,0.105083417
YPL200W,0.111327691
YKL114C,0.105083417
YNR063W,0.105083417
YIL119C,0.105083417
YDR246W,0.073593821
YDL095W,0.060286505
YLR246W,0.060286505
YDR086C,0.060286505
YML060W,0.105083417
YDR253C,0.12048205
YGR277C,0.12048205
YPL068C,0.105083417
YPR169W,0.105083417
YKR095W-A,0.105083417
YLR167W,0.12048205
YJR135C,0.105083417
YGL091C,0.12048205
YOR274W,0.12048205
YDR263C,0.105083417
YMR013C,0.060286505
YJL097W,0.072175397
YIL091C,0.105083417
YKL049C,0.105083417
YAL023C,0.060286505
YKR044W,0.105083417
YKL110C,0.12048205
YOL009C,0.124443678
YGR283C,0.105083417
YNR030W,0.060286505
YJL162C,0.12048205
YBL010C,0.105083417
YBR070C,0.111327691
YDR205W,0.111327691
YDR066C,0.12048205
YBR162W-A,0.109512033
YGL098W,0.060286505
YBR029C,0.111965457
YGR206W,0.113555913
YFL052W,0.105083417
YIL153W,0.12048205
YCR097W,0.105083417
YKR043C,0.12048205
YKL186C,0.105083417
YOR288C,0.060286505
YPL055C,0.105083417
YDR349C,0.109512033
YCR106W,0.105083417
YNR004W,0.105083417
YPL244C,0.060286505
YDR514C,0.105083417
YIL019W,0.105083417
YDL102W,0.105083417
YOL080C,0.105083417
YGL142C,0.060286505
YDR079C-A,0.105083417
YLR145W,0.12048205
YNL221C,0.12048205
YJL191W,0.12048205
YOR148C,0.12048205
YBR246W,0.109512033
YDR400W,0.12048205
YMR030W,0.12048205
YGR251W,0.105083417
YPR063C,0.060286505
YGR219W,0.12048205
YJR044C,0.060286505
YDR397C,0.105083417
YER128W,0.109512033
YGR006W,0.105083417
YDL144C,0.12048205
YIL056W,0.12048205
YCR060W,0.12048205
YGL139W,0.060286505
YGR161W-B,0.12048205
YOL088C,0.060286505
YKL033W,0.12048205
YDR346C,0.12048205
YAL058W,0.060286505
YCL019W,0.12048205
YGL038C,0.073593821
YER163C,0.12048205
YPL007C,0.105083417
YAL001C,0.105083417
YOR107W,0.12048205
YDR013W,0.105083417
YBL006C,0.105083417
YEL019C,0.12048205
YGL183C,0.105083417
YCR047C,0.12048205
YOR131C,0.12048205
YOR352W,0.12048205
YKL015W,0.105083417
YHR080C,0.060286505
YGL247W,0.105083417
YGL184C,0.12048205
YNL155W,0.12048205
YMR133W,0.105083417
YKL149C,0.12048205
YML043C,0.105083417
YGR030C,0.105083417
YBR257W,0.105083417
YOL103W-B,0.12048205
YGR157W,0.060286505
YJL082W,0.12048205
YKL222C,0.105083417
YAL051W,0.105083417
YJR067C,0.12048205
YML107C,0.11017036
YJR125C,0.115477015
YOL110W,0.080953558
YDR221W,0.060286505
YIL027C,0.060286505
YNL219C,0.060286505
YLR085C,0.12048205
YFL044C,0.12048205
YPL193W,0.105083417
YDR261W-B,0.12048205
YJR130C,0.12048205
YER169W,0.105083417
YPL071C,0.12048205
YPR031W,0.12048205
YHR163W,0.12048205
YKR053C,0.060286505
YPL221W,0.060286505
YBR033W,0.105083417
