YFR006W,117.5
YHL004W,85.5
YPL192C,0.0
YBR295W,0.0
YLR382C,35.898809523809526
YPL014W,0.0
YLR061W,19.066666666666666
YOR070C,0.0
YER175C,0.0
YGL194C,0.0
YHR084W,2.05
YDR340W,0.0
YBR158W,0.0
YFL054C,0.0
YLR350W,0.0
YOR331C,0.0
YPL170W,0.0
YDL046W,0.0
YER181C,0.0
YLR322W,0.0
YKL221W,0.0
YPR055W,8.916666666666666
YAL055W,0.0
YDL131W,0.0
YGL065C,0.0
YDR060W,207.1027777777778
YCR002C,17.616694090223504
YGR262C,0.0
YHR057C,0.0
YHR019C,3.866666666666667
YOR385W,0.0
YCR072C,34.61507936507937
YOR110W,25.476190476190478
YJR064W,4.0
YGR065C,0.0
YGL244W,0.0
YNL008C,0.0
YLL012W,0.0
YNR041C,0.0
YDR430C,6.166666666666667
YKR096W,0.0
YPL091W,2.1818181818181817
YNR017W,3.4
YMR265C,0.0
YDL115C,0.0
YPL258C,0.0
YLR414C,0.0
YDR051C,6.0
YHR044C,0.0
YIR003W,0.0
YDL137W,0.0
YIL143C,32.93789682539683
YMR042W,7.119047619047619
YFR046C,0.0
YGR024C,13.333333333333334
YLR335W,18.489210789210787
YLR299W,0.0
YOR191W,0.0
YGL166W,0.0
YLR224W,7.333333333333334
YGL104C,0.0
YBR055C,638.3333333333333
YGL197W,0.0
YDR285W,0.5
YBR169C,0.0
YNL298W,25.7794955044955
YGR090W,993.1868353868356
YPR159W,1.2857142857142858
YNL061W,897.0238095238093
YPL221W,0.0
YAL031C,0.0
YGR081C,567.3000000000001
YLR268W,56.10515873015873
YGL246C,1.0
YMR300C,0.0
YJL189W,19.066666666666666
YDR399W,0.0
YJR146W,0.0
YHR204W,0.0
YPR062W,0.0
YDR429C,106.12499999999999
YOL108C,0.0
YDR280W,77.5873015873016
YBR275C,0.0
YDR524C,0.0
YGL204C,0.0
YGR118W,54.327777777777776
YIL094C,9.0
YFL003C,0.0
YDL200C,0.0
YDL162C,0.0
YDR315C,0.0
YKL086W,0.0
YGR103W,1079.2071428571428
YDR398W,0.0
YBR219C,0.0
YHR127W,0.0
YIR036C,0.0
YDL006W,1.1111111111111112
YLR323C,0.0
YJL031C,1.6666666666666667
YHR068W,2.9
YJL010C,0.0
YJR053W,0.0
YIL016W,0.0
YBR084CA,19.066666666666666
YLR170C,5.333333333333333
YPR201W,0.0
YNL211C,0.0
YMR083W,0.0
YLR093C,20.5
YGL064C,6.75
YGL148W,0.0
YDR087C,1668.9999999999995
YMR279C,0.0
YGR225W,0.0
YDR344C,0.0
YPL153C,0.0
YDR404C,148.7309523809524
YMR182C,0.0
YDR295C,5.916666666666666
YJL032W,0.0
YOR142WA,0.0
YLR392C,0.0
YGR240C,4.666666666666667
YEL069C,0.0
YPR093C,0.0
YEL066W,81.0
YGL066W,0.0
YBR130C,0.8571428571428571
YGR152C,0.0
YML038C,0.0
YKR101W,2.1022727272727275
YFR016C,0.0
YPR082C,23.0
YGL210W,0.0
YCR020CA,0.0
YKL144C,83.58333333333333
YGL234W,0.0
YPR171W,4.047979797979798
YKR055W,5.5
YNR015W,0.0
YKL015W,0.0
YNL317W,48.08127705627705
YGR048W,4.909090909090909
YLR386W,4.5
YDR193W,0.0
YDR376W,0.0
YHR047C,0.0
YNL046W,0.0
YFL035C,0.0
YOL113W,8.857142857142858
YNL044W,28.6
YOR344C,0.0
YLR245C,13.033333333333335
YLR267W,0.0
YJR011C,0.0
YPR112C,355.11474358974357
YBL007C,15.266269841269843
YNL053W,8.0
YOR242C,0.0
YBR271W,0.0
YGL150C,0.0
YLR113W,2.566666666666667
YGR110W,0.0
YDR121W,0.0
YBR216C,35.0
YKL154W,0.0
YGR151C,0.0
YMR149W,4.583333333333334
YDR166C,7.166666666666666
YCR094W,0.0
YPL071C,0.0
YJR030C,0.0
YCR081W,28.468406593406595
YDR010C,0.0
YKL224C,0.0
YCR077C,27.521825396825395
YNL005C,181.66666666666666
YOR020C,32.83333333333333
YOR372C,0.0
YDR036C,10.25
YAL040C,0.0
YPL090C,54.327777777777776
YKR073C,0.0
YKL208W,0.0
YNL176C,0.0
YKR082W,12.1
YKL105C,0.0
YPR187W,183.63769841269843
YJR123W,203.15000000000018
YPL065W,1.6666666666666667
YDL196W,0.0
YPR016C,742.092821067821
YNL236W,60.392857142857146
YLR203C,0.0
YMR153W,26.04404761904762
YOR279C,3.75
YGL029W,0.0
YOL072W,0.0
YJR073C,0.0
YGR148C,21.1
YPL169C,0.0
YFL036W,0.0
YBL063W,0.0
YJL151C,3.6
YFL040W,0.0
YDL175C,2.933333333333333
YOR005C,0.0
YJR049C,0.0
YLR367W,54.327777777777776
YBR115C,0.0
YLR051C,2.0
YHR185C,0.0
YER158C,0.0
YGL263W,0.0
YLR059C,0.0
YBL051C,0.0
YMR271C,0.0
YGL078C,0.0
YLR333C,474.5
YGL215W,0.0
YIL172C,0.0
YDR408C,2.083333333333333
YDR259C,32.2
YBR201W,0.0
YFL029C,0.0
YKL109W,0.0
YPR156C,0.0
YJL099W,0.0
YLR132C,0.0
YNR007C,6.463636363636364
YLR128W,0.0
YDR262W,0.0
YLR321C,42.406209150326795
YDR120C,0.0
YDR372C,0.0
YBL014C,13.666666666666666
YBR178W,0.0
YLR217W,0.0
YDR004W,20.22380952380952
YPL084W,0.0
YFR022W,0.0
YJL106W,0.0
YKL119C,1.0
YLL028W,0.0
YNL273W,0.0
YBR162WA,0.0
YOR251C,0.0
YNL075W,791.5928571428574
YBL033C,0.0
YLR190W,0.0
YJL190C,317.1666666666667
YOR173W,0.0
YIL093C,88.0
YBR269C,0.0
YAL043C,25.705952380952382
YOR220W,0.0
YNR004W,0.0
YNL189W,195.23055555555553
YEL015W,16.218170426065164
YFR027W,4.926984126984127
YLR081W,0.0
YCL030C,0.0
YDR162C,0.0
YBL058W,0.0
YGR210C,0.0
YMR047C,97.52500000000002
YNL290W,56.449999999999996
YDR270W,0.0
YOR133W,0.0
YNL071W,27.333333333333332
YGR185C,0.0
YDR483W,0.0
YNL242W,0.0
YNL252C,249.0
YNL228W,0.0
YOL150C,0.0
YPL028W,2.2666666666666666
YDR502C,2.321428571428571
YGL081W,0.0
YKR090W,0.0
YGR073C,0.0
YEL017W,0.0
YDR334W,0.0
YKR072C,0.0
YLR228C,0.0
YKL160W,0.0
YEL075C,0.0
YCL032W,22.0
YGR031W,0.0
YBL005W,2.142857142857143
YOL112W,0.0
YDR238C,49.333333333333336
YJR061W,0.0
YOR326W,19.650212448893292
YDR333C,0.0
YIL047C,0.0
YJL056C,0.0
YOL129W,0.0
YCR024CA,0.0
YNL187W,0.0
YIL071C,6.0
YLR263W,2.5
YML041C,0.0
YDL105W,4.117857142857143
YMR172W,0.0
YLR086W,1.0
YGL183C,0.0
YER145C,2.333333333333333
YAL014C,0.0
YDR064W,54.327777777777776
YPL077C,0.0
YPL016W,19.72222222222222
YLR034C,0.0
YMR176W,0.0
YGR032W,0.0
YGR074W,355.1690476190476
YJL138C,123.66666666666666
YJL018W,0.0
YCR042C,0.0
YPL232W,0.42857142857142855
YLR209C,0.0
YOL008W,0.0
YPL276W,0.0
YGL190C,13.58874458874459
YNL227C,0.0
YML029W,0.0
YPR132W,54.327777777777776
YDR025W,54.327777777777776
YBR244W,0.0
YDR541C,0.0
YGR199W,0.0
YPL128C,2.3
YPR163C,1.5
YMR288W,5.716666666666667
YGL060W,0.0
YKL204W,0.0
YDL029W,19.832900432900434
YNL019C,0.0
YOR258W,0.0
YGL236C,0.0
YOR138C,0.0
YCR046C,134.0
YMR104C,1.3333333333333333
YJR082C,0.0
YKL142W,28.666666666666668
YMR167W,7.761591478696742
YHR129C,2.583333333333333
YBR070C,0.0
YNR043W,0.0
YJR115W,0.0
YLR229C,32.09985847485847
YDR108W,0.0
YGR121C,0.0
YDR538W,0.0
YNL014W,0.0
YGR095C,73.00000000000001
YDR410C,0.0
YOL094C,67.30119047619048
YLR060W,0.0
YKL007W,0.0
YHR109W,0.0
YJL017W,0.0
YDR427W,445.5666666666666
YDR365C,424.97182262182264
YPR072W,31.12380952380952
YBR214W,0.0
YDL179W,0.2857142857142857
YER083C,0.0
YIL086C,0.0
YER029C,693.8333333333334
YER019W,0.0
YOL091W,0.0
YML112W,3.3333333333333335
YDL192W,221.0
YNL261W,52.565550239234454
YDR028C,8.007142857142858
YLR074C,650.9976190476191
YNL106C,0.0
YIR011C,0.0
YHR116W,0.0
YGL047W,0.0
YBR044C,7.0
YDL019C,0.9090909090909091
YMR287C,35.898809523809526
YPL121C,0.0
YKL008C,2.033333333333333
YMR213W,0.0
YBR135W,18.78181818181818
YNL306W,96.16666666666666
YER016W,2.8166666666666664
YBR257W,11.333333333333334
YER163C,0.0
YLR387C,0.0
YIL002C,0.0
YDL045WA,42.166666666666664
YHR195W,0.0
YDR527W,0.0
YER073W,0.0
YOR206W,2252.0833333333335
YER148W,93.94772384478264
YJL076W,0.0
YIL026C,10.0
YGR204W,4.25
YGR072W,0.0
YGR276C,0.0
YAR014C,0.0
YKL127W,0.0
YNL087W,0.0
YPL212C,0.0
YAL059W,0.0
YDR190C,0.0
YNL169C,0.0
YCL059C,910.5166666666667
YNL335W,0.0
YOR081C,0.0
YGL137W,22.607142857142858
YDR066C,0.0
YJR100C,0.0
YML009C,153.66666666666666
YDL201W,0.0
YLR270W,0.0
YLR057W,0.0
YFL006W,2.0
YJL072C,0.0
YER074W,54.327777777777776
YML115C,0.0
YLR453C,2.2
YPL124W,82.89999999999999
YKR100C,0.0
YLR103C,38.94606971975393
YLR082C,0.0
YBR069C,0.0
YJR032W,2.9846153846153847
YMR295C,0.0
YDR423C,0.0
YLR214W,0.0
YOL152W,0.0
YGR208W,0.0
YDL031W,531.2576645576645
YLR010C,2.2666666666666666
YGR079W,0.0
YMR192W,2.4285714285714284
YGL124C,0.0
YHR132C,0.0
YGR200C,3.742857142857143
YLR295C,74.75
YNL300W,0.0
YGR104C,92.28571428571428
YLR238W,0.0
YAL019W,0.0
YEL057C,0.0
YDR433W,0.0
YOL069W,33.66666666666667
YDR214W,0.0
YER118C,27.90909090909091
YLR197W,2332.1666666666674
YGR087C,0.0
YNL121C,18.500000000000004
YHR196W,845.9333333333334
YOR111W,34.0
YBL025W,2.0
YGR067C,2.0238095238095237
YDL145C,46.83928571428571
YOR161C,0.0
YBL024W,0.0
YBL101C,0.0
YJL029C,0.0
YJR043C,33.85051834130782
YNL263C,33.84694905907721
YHL043W,0.0
YJL057C,2.6095238095238096
YNL090W,14.583333333333332
YPL234C,84.35000000000001
YOR093C,0.0
YGR004W,0.0
YKL135C,9.75
YER164W,0.0
YMR060C,19.938095238095237
YMR190C,4.041353383458647
YDL237W,0.0
YML025C,82.66666666666667
YDR150W,4.083333333333334
YMR311C,7.75
YFR057W,0.0
YKL116C,0.0
YJR019C,0.0
YHL036W,0.0
YBL099W,48.28333333333334
YBR128C,0.0
YGR026W,0.0
YLR358C,0.0
YBL079W,0.0
YOL011W,0.0
YCR036W,0.0
YGL213C,7.0
YGR180C,16.6
YMR022W,6.571428571428571
YML028W,2.225
YBR034C,0.0
YER176W,0.0
YBL087C,19.066666666666666
YBR253W,160.5
YDR479C,0.0
YOR303W,1.5
YPR145W,0.0
YHR190W,0.0
YPL036W,0.0
YJR097W,0.0
YDL128W,0.0
YML015C,126.25
YDR195W,32.18214285714286
YJL112W,0.0
YCR034W,0.0
YKL137W,0.0
YLR310C,25.196428571428573
YIL174W,0.0
YIR017C,2.2403846153846154
YJL061W,30.841025641025638
YKL023W,0.0
YML014W,0.0
YBR089CA,0.0
YLL062C,0.0
YDR023W,0.0
YER075C,0.0
YHR113W,7.0
YKL026C,0.0
YML056C,5.0
YNL234W,0.0
YPR162C,183.57142857142856
YLR460C,0.0
YLR141W,2.0
YOR154W,0.0
YNL067W,19.066666666666666
YGL010W,0.0
YJL069C,204.99999999999997
YLR028C,0.0
YOL086C,8.350000000000001
YLR449W,161.07142857142853
YGR144W,21.428571428571427
YGL003C,11.333333333333334
YKR069W,0.0
YGR292W,0.0
YMR080C,8.3
YBR234C,23.428571428571434
YDR199W,0.0
YGL100W,14.14285714285714
YDR107C,0.0
YOR087W,0.0
YDR387C,0.0
YNL036W,0.0
YHR023W,2.3062200956937797
YJL137C,8.0
YDR453C,0.0
YDL047W,0.0
YJR099W,0.0
YAL054C,0.0
YCR091W,0.0
YBR188C,0.0
YDR026C,0.0
YDR496C,1050.9940476190477
YIL022W,0.0
YPL092W,0.0
YJL043W,0.0
YNL272C,0.0
YEL074W,0.0
YLL046C,0.0
YBR289W,17.22222222222222
YHR179W,0.0
YKL028W,20.914285714285715
YFL021W,0.0
YDL185W,90.32976190476192
YLR053C,0.0
YHR214W,0.0
YPL008W,0.0
YLR040C,0.0
YGR295C,0.0
YLR003C,289.5289987789988
YEL064C,0.0
YMR124W,12.5
YJL050W,0.0
YER076C,0.0
YJR154W,0.0
YOR198C,0.0
YGR068C,0.0
YMR308C,64.31708895679483
YDL144C,0.0
YMR216C,0.0
YNL062C,35.666666666666664
YIL096C,0.0
YPL129W,1728.0
YHR060W,1.7999999999999998
YDR008C,0.0
YBR125C,0.0
YMR009W,0.0
YOL148C,0.0
YDR482C,6.0
YFR047C,17.0
YPL252C,0.0
YOR131C,0.0
YBL039C,0.0
YLR145W,0.0
YOR350C,0.0
YBR200W,22.25
YOR172W,0.0
YDL044C,35.898809523809526
YNL054W,0.0
YMR044W,0.0
YOL066C,0.0
YPL243W,9.8
YOL016C,0.0
YOR085W,4.583333333333334
YMR134W,0.0
YDL210W,0.0
YDR155C,2.0
YPL110C,0.0
YJR122W,126.66666666666667
YOR197W,0.0
YGL069C,0.0
YFL030W,0.0
YPL026C,1.1428571428571428
YCL010C,0.0
YNL086W,10.0
YIL009W,0.0
YHR096C,0.0
YPL159C,0.0
YDL098C,0.0
YOR386W,0.0
YFL039C,41.0687134502924
YDR309C,48.892857142857146
YPR191W,16.409523809523808
YDL226C,2.95
YOR101W,3.7142857142857144
YPR161C,0.0
YHR108W,0.0
YNL002C,860.8272755022753
YHR182W,0.0
YOR286W,0.0
YHR164C,2.056140350877193
YMR313C,0.0
YGL052W,0.0
YBL082C,0.0
YJL097W,0.0
YGR274C,80.1158416746652
YKL173W,134.01785714285714
YMR296C,0.0
YER122C,0.0
YGR232W,529.8333333333333
YDR018C,0.0
YJR056C,0.0
YHR206W,6.181818181818182
YBR300C,0.0
YMR325W,0.0
YLR225C,0.0
YLR029C,19.066666666666666
YOL147C,0.0
YLR421C,141.9333333333333
YDR070C,0.0
YGL230C,0.0
YLR423C,106.8923076923077
YDL180W,0.0
YHR118C,52.565550239234454
YIL001W,0.0
YDR499W,32.4
YNR046W,0.0
YDR443C,123.25
YDR506C,0.0
YDL167C,0.0
YGR113W,16.442857142857143
YDR503C,0.0
YLR415C,0.0
YGL226W,0.0
YLR226W,0.0
YJR089W,2.125
YDR007W,0.0
YMR121C,19.066666666666666
YGL115W,5.335714285714285
YOR006C,0.0
YOR177C,0.0
YLR191W,5.333333333333333
YIL046W,2.5955882352941178
YOR355W,0.0
YCL061C,0.0
YOR054C,0.0
YMR131C,0.0
YJL070C,0.0
YBL104C,0.0
YPL193W,0.0
YER069W,0.0
YOR292C,0.0
YBL003C,166.86666666666667
YPR160W,13.333333333333334
YPL136W,0.0
YLR289W,0.0
YAR042W,2.0090909090909093
YCL054W,787.6047619047621
YBR138C,0.0
YMR244W,0.0
YGR291C,0.0
YLR105C,2.2666666666666666
YDL106C,0.0
YKL020C,15.6
YFR037C,46.17348187759953
YFL005W,42.5
YFL060C,6.5
YLR331C,0.0
YHR024C,0.0
YLR044C,6.15
YMR076C,0.0
YMR194W,19.066666666666666
YPR111W,0.0
YMR229C,161.70277777777778
YOR132W,2.0
YOR262W,0.0
YJR079W,0.0
YAR044W,0.0
YNL072W,0.0
YLR461W,0.0
YJL034W,0.0
YHR032W,0.0
YLR178C,4.964285714285714
YCR007C,0.0
YBL090W,62.16666666666665
YKR093W,0.0
YLR140W,0.0
YNL214W,2.0
YGR053C,0.0
YER117W,19.066666666666666
YGL106W,7.181818181818182
YLR258W,18.0
YLR363C,0.0
YPL119C,0.0
YKL201C,0.0
YHR163W,0.0
YDL154W,0.5555555555555556
YPL081W,54.327777777777776
YHL030W,3.3333333333333335
YLR198C,0.0
YHR039CA,61.35194805194806
YJL122W,6.666666666666667
YDR383C,15.0
YDR116C,146.83333333333331
YBL061C,0.0
YHR184W,6.666666666666667
YFR033C,17.6
YGR146C,0.0
YLR337W,0.0
YDR511W,0.0
YOR288C,0.0
YCR033W,5.476190476190476
YOL131W,0.0
YKL107W,0.0
YIL007C,42.333333333333336
YOR388C,0.0
YLR452C,10.0
YLR118C,0.0
YML073C,19.066666666666666
YKL018W,22.9047619047619
YEL024W,20.666666666666668
YJL110C,4.3809523809523805
YDR464W,0.0
YIL018W,19.066666666666666
YOL034W,0.0
YBR136W,8.153634085213033
YLR009W,908.4333333333333
YGR261C,2.05
YLR446W,0.0
YHR056C,0.0
YDR289C,0.0
YLR276C,1041.1119047619052
YDR020C,0.0
YLR177W,0.0
YDR063W,0.0
YNL245C,0.0
YNL301C,21.233333333333334
YKR052C,78.08333333333333
YDR480W,7.386904761904763
YEL003W,2.017857142857143
YML094W,2.017857142857143
YDR442W,0.0
YLR192C,14.0
YCR093W,62.82380952380953
YDR422C,5.885714285714286
YLR359W,0.0
YKR011C,0.0
YGR246C,1.7
YER171W,27.30016278441201
YCLX08C,0.0
YAL034WA,0.0
YBR207W,0.0
YJL098W,0.0
YBR263W,0.0
YEL070W,0.0
YPL075W,0.0
YGL022W,2.083333333333333
YDR072C,0.0
YOL003C,0.0
YNL285W,0.0
YFL068W,0.0
YNL183C,0.0
YNL253W,0.0
YBR012WB,0.0
YOR359W,0.0
YIR005W,4.857142857142857
YGL093W,0.0
YJL063C,181.99999999999997
YOR334W,35.898809523809526
YOR164C,4.333333333333333
YHR130C,0.0
YNR034W,0.0
YDR485C,2.25
YHR098C,0.0
YDL240W,0.0
YOR272W,326.9997335997337
YOR119C,0.0
YLR247C,0.0
YIL066C,21.91111111111111
YLR312WA,67.08333333333334
YBR037C,0.0
YPR166C,28.666666666666668
YCR024C,0.0
YPL207W,0.0
YEL036C,6.333333333333333
YOR317W,0.0
YDR105C,0.0
YDR459C,0.75
YGR159C,0.0
YPR049C,0.0
YML119W,0.0
YOR196C,0.0
YBR203W,0.0
YKR084C,5.3
YBR098W,0.0
YNL127W,0.0
YKL044W,0.0
YPL244C,0.0
YAL017W,0.0
YOR390W,0.0
YIL169C,0.0
YOR374W,0.0
YMR095C,4.1
YLR194C,0.0
YKL110C,1.6
YJL074C,13.897222222222222
YEL009C,16.452014652014654
YOR311C,0.0
YMR282C,0.0
YMR094W,2.0723981900452486
YKL070W,0.0
YIL085C,0.0
YNL024C,0.0
YDR385W,0.0
YJL026W,29.425
YPL052W,0.0
YMR218C,0.0
YFR038W,0.0
YJL107C,0.0
YDR086C,0.0
YMR020W,0.0
YGR207C,0.0
YML021C,0.0
YFL051C,0.0
YGL131C,0.0
YLR233C,0.0
YGR117C,0.0
YML062C,0.0
YDL184WB,61.35194805194806
YDR342C,0.0
YFL049W,0.0
YOR069W,11.114285714285714
YBR173C,366.6666666666667
YDR062W,0.0
YJL183W,5.75
YOL040C,54.327777777777776
YHL017W,0.0
YMR101C,0.0
YEL018W,0.0
YGL095C,0.6
YJR104C,0.0
YNL231C,0.0
YLR261C,0.0
YMR071C,0.0
YLR167W,145.88333333333333
YGR142W,0.0
YDR071C,0.0
YER105C,2.1142857142857143
YGL092W,26.273992673992673
YPR149W,0.0
YOR383C,0.0
YJL066C,0.0
YDL183C,0.0
YER023W,37.25
YIL132C,2.166666666666667
YBR065C,0.0
YLR409C,2528.0
YGL105W,0.0
YKL117W,10.77142857142857
YBR175W,32.86666666666667
YFL065C,0.0
YKR085C,249.0
YMR319C,0.0
YJL148W,25.261507936507936
YOR045W,22.9
YOR023C,0.0
YMR177W,0.0
YHR005CA,37.898809523809526
YOR231W,2.033333333333333
YHR211W,0.0
YJR048W,0.0
YLR291C,73.26666666666667
YMR212C,0.0
YNL013C,0.0
YMR065W,0.0
YJL179W,0.0
YGR192C,0.0
YJR145C,54.327777777777776
YHL029C,0.0
YDR337W,96.16666666666666
YML060W,0.0
YDR478W,0.0
YKL150W,4.6
YBR141C,0.0
YLR153C,0.0
YIL053W,0.0
YAL051W,0.0
YPR070W,0.0
YMR078C,37.0
YGR238C,0.0
YGR193C,18.5
YLR347C,119.98531746031752
YPL266W,378.45195360195356
YOR205C,4.0
YOR062C,3.6333333333333333
YLR396C,4.979166666666666
YLR033W,19.049999999999997
YFL013C,0.0
YJL081C,7.223809523809523
YCR011C,0.0
YMR012W,245.75000000000003
YER028C,0.0
YDL042C,3.786064425770308
YLR287CA,54.327777777777776
YJL100W,0.0
YER104W,0.0
YKR059W,33.274420024420024
YHR039C,0.0
YMR270C,7.25
YKR089C,0.0
YPR123C,0.0
YIL023C,0.0
YIL150C,10.666666666666666
YNR073C,0.0
YDR277C,7.5
YIL077C,0.0
YER138C,0.0
YIL021W,201.92857142857144
YER006W,627.3984903984905
YDR409W,2.0723981900452486
YDR331W,0.0
YCR053W,19.000000000000004
YLR435W,5.0
YOL002C,0.0
YOR038C,0.0
YHR141C,19.066666666666666
YLR275W,306.5464285714286
YMR199W,73.23333333333332
YDL100C,0.0
YLR083C,0.0
YER123W,0.0
YOR250C,35.6
YGL120C,859.8499999999999
YOL123W,6.2398767898767895
YNL016W,0.0
YHL033C,19.066666666666666
YLR025W,2.5
YFL059W,50.0
YNL032W,5.0
YER125W,6.507872244714351
YJL218W,65.0
YGR033C,0.0
YJL210W,0.0
YPR108W,294.27559523809515
YJL140W,148.1059523809524
YER161C,4.222222222222222
YBL112C,0.0
YNR053C,2808.0
YDR463W,0.0
YLR265C,0.0
YDR346C,0.0
YPL094C,5.083333333333334
YPL059W,1.5555555555555556
YEL076WC,0.0
YGL258W,0.0
YKL106W,0.0
YML042W,19.0
YLR077W,0.0
YKL188C,0.0
YEL017CA,0.0
YPR047W,0.0
YOR048C,2.225
YFR052W,532.9666666666666
YGL220W,0.0
YDR127W,0.0
YPR176C,2.2666666666666666
YGR174C,0.0
YFL009W,13.444444444444443
YOR321W,0.0
YBL052C,0.0
YJR060W,0.0
YBR185C,0.0
YGL153W,27.083333333333332
YBR152W,9.333333333333332
YCL019W,0.0
YDL055C,1.4285714285714286
YDR097C,17.30889724310777
YCL069W,0.0
YHR041C,82.2334249084249
YGL170C,4.0
YJL111W,4.0
YFR008W,20.5
YIR044C,0.0
YMR230W,54.327777777777776
YJR062C,0.0
YDR377W,61.5
YDL028C,0.0
YLR406C,19.066666666666666
YMR038C,4.857142857142857
YGR294W,0.0
YML064C,83.79761904761907
YPL001W,1.0
YHR209W,0.0
YMR312W,2.017857142857143
YMR030W,0.0
YDL067C,8.533333333333333
YIL122W,0.0
YHL003C,0.8333333333333334
YPL135W,0.0
YER149C,0.16666666666666666
YOR225W,0.0
YPR003C,0.0
YMR228W,0.0
YPL173W,50.16666666666667
YPR199C,0.0
YMR289W,0.0
YDR349C,0.0
YLR123C,0.0
YBL002W,4.357142857142858
YNL308C,329.99999999999994
YCL009C,0.0
YLR131C,0.0
YGL249W,0.0
YGR054W,31.5
YML116W,0.0
YDR221W,0.0
YMR108W,0.5714285714285714
YIL110W,0.0
YKR037C,8.666666666666666
YEL041W,0.0
YER036C,0.0
YML088W,4.666666666666667
YDR227W,6.653711484593837
YKL113C,3.8666666666666667
YKR035C,0.0
YKR104W,0.0
YDL209C,12.433333333333334
YDL165W,44.94761904761904
YDL230W,0.0
YKL174C,0.0
YOR179C,40.0
YPL191C,0.0
YOR109W,0.0
YNL230C,5.2
YHR049W,0.0
YDR395W,11.72857142857143
YLR112W,0.0
YPL070W,76.30000000000001
YGL147C,19.066666666666666
YOR043W,2.727272727272727
YGR111W,0.0
YGL096W,2.5
YLR213C,0.0
YFL056C,0.0
YHR170W,1146.5666666666666
YPR185W,2.761904761904762
YNL191W,0.0
YPL245W,0.0
YMR195W,0.0
YJR090C,22.40692640692641
YJL182C,0.0
YPR134W,107.33333333333334
YLR129W,291.84340659340666
YMR155W,0.0
YDR369C,0.6666666666666666
YOR176W,0.0
YDR281C,0.0
YGL225W,0.0
YOL127W,123.79999999999998
YKL048C,0.6153846153846154
YJL180C,2.0
YNL188W,0.0
YBR154C,237.7277777777778
YMR032W,5.901515151515152
YHR105W,14.0
YER173W,5.428571428571429
YDR151C,0.0
YIL050W,0.0
YKR080W,0.0
YJR007W,112.10714285714286
YDR469W,3.4
YGL091C,0.0
YIL105C,0.9285714285714286
YDL077C,2.3076923076923075
YLR324W,0.0
YEL011W,0.0
YNL133C,0.0
YPL210C,12.833333333333332
YEL042W,0.0
YJL091C,0.0
YLR305C,0.0
YER021W,761.3333333333333
YDR407C,0.0
YOR271C,0.0
YPL112C,0.0
YGL071W,0.0
YFR034C,28.000000000000004
YDL003W,10.244444444444444
YNL118C,24.370734528629264
YBR222C,0.0
YLR357W,35.09166666666667
YDL155W,0.0
YLR212C,3.7676767676767677
YGR161C,0.0
YGR047C,5.623809523809523
YBR079C,257.1781746031746
YLR205C,0.0
YLR032W,0.0
YLR211C,0.0
YBR018C,0.0
YDR267C,2.0
YDR474C,0.0
YBL101WA,0.0
YDR254W,0.0
YPL002C,2.25
YKL156W,54.327777777777776
YDR274C,0.0
YFL067W,0.0
YNL316C,0.0
YJR144W,0.0
YJR159W,14.5
YOR188W,0.0
YML058W,25.25
YLR110C,0.0
YER066CA,0.0
YDR528W,0.0
YOR310C,473.2571428571428
YKR030W,0.0
YNL293W,0.0
YHR012W,4.8
YLR076C,0.0
YML124C,0.0
YJR119C,0.0
YPR023C,0.0
YPR058W,0.0
YMR144W,0.0
YLR374C,0.0
YHR015W,0.0
YNR066C,0.0
YML133C,0.0
YHR143WA,82.08888888888889
YDL054C,0.0
YOL080C,0.0
YOR315W,0.0
YOL022C,0.0
YIL106W,55.31428571428572
YDR516C,0.0
YDL096C,0.0
YGL206C,6.777777777777778
YDR164C,2.761904761904762
YER018C,1.25
YPL140C,2.033333333333333
YML098W,149.33333333333331
YER022W,125.74279609279608
YPL031C,0.0
YOL073C,0.0
YMR049C,1327.2690476190471
YDL166C,296.4644993894994
YDL062W,0.0
YBL006C,0.0
YCR068W,0.0
YDR446W,0.0
YDR494W,0.0
YJL192C,0.0
YNL258C,0.0
YHR161C,0.0
YLR434C,0.0
YBR273C,0.0
YDR145W,84.37474747474747
YDL157C,0.0
YOR274W,0.0
YIR025W,0.0
YNL050C,0.0
YIL136W,0.0
YDR148C,32.33333333333333
YDR237W,179.33333333333331
YML120C,0.0
YJR086W,8.5
YGR135W,310.1684523809524
YMR253C,0.0
YLR252W,0.0
YLL050C,4.862573099415204
YLR440C,0.0
YKR083C,3.333333333333334
YER177W,2.1484848484848484
YDR082W,3.2666666666666666
YDR390C,5.7681818181818185
YDR139C,0.0
YER010C,0.0
YKL075C,0.0
YDL195W,9.916666666666666
YDL110C,0.0
YML035C,0.0
YKL050C,0.0
YGL157W,0.0
YOL012C,0.5
YLR236C,0.0
YMR203W,34.83333333333333
YNL182C,650.8821262071261
YML082W,0.0
YML075C,0.0
YPL164C,0.0
YDR351W,0.0
YHR156C,0.0
YMR112C,38.33333333333333
YBR067C,0.0
YGR205W,0.0
YAL033W,7.870707070707071
YPL022W,2.426315789473684
YPR028W,0.0
YPR181C,11.94206349206349
YGL039W,0.0
YDL108W,22.26998132586368
YNL218W,0.0
YJL054W,4.675
YLR239C,0.0
YBL066C,0.0
YKL052C,2.3333333333333335
YBR221C,12.277777777777779
YGR243W,0.0
YMR310C,112.08414918414918
YBR213W,0.0
YGR045C,0.0
YNL094W,0.0
YBL036C,0.0
YFR045W,0.0
YHR151C,0.0
YGL035C,4.714285714285714
YPL263C,0.0
YLR030W,0.0
YNL066W,0.0
YJL120W,0.0
YOL142W,82.3809523809524
YDR508C,0.0
YGR042W,0.0
YNL110C,1392.2499999999998
YNL291C,0.0
YIR008C,59.0
YIL117C,0.0
YML093W,12.5
YBL098W,0.0
YLR250W,0.0
YKL051W,0.0
YGL154C,0.0
YOL004W,36.80727272727273
YGL062W,4.057142857142857
YHR178W,0.0
YCL052C,0.0
YNL302C,54.327777777777776
YLR429W,5.076923076923077
YLR002C,933.9309523809526
YDR316W,0.0
YER032W,2.2403846153846154
YER112W,441.88809523809533
YGR196C,0.0
YLR206W,0.0
YHR177W,0.0
YBR094W,5.514285714285714
YNL035C,0.0
YDL074C,8.333333333333334
YIL135C,0.0
YAR009C,0.0
YKR064W,0.0
YNL093W,12.214285714285715
YDR320C,0.0
YKL059C,4.0
YGR126W,0.0
YJL024C,0.0
YGR277C,0.0
YDL211C,0.0
YDL017W,12.006493506493506
YGR269W,0.0
YDR013W,0.0
YMR097C,0.0
YDL238C,0.0
YMR019W,0.0
YMR181C,0.0
YLR309C,0.0
YMR077C,3.0
YPL013C,59.83333333333333
YOL133W,8.0
YBL010C,0.0
YIR042C,0.0
YBR270C,106.0
YDR477W,7.885714285714286
YNL015W,0.0
YNL313C,0.0
YOL110W,0.0
YFR021W,0.0
YGL102C,0.0
YIL098C,0.0
YNR071C,0.0
YHR158C,5.333333333333333
YER131W,61.4420634920635
YBR081C,0.0
YGL149W,0.0
YGR036C,0.0
YJL170C,0.0
YBR248C,0.0
YLR354C,0.0
YCL011C,0.0
YMR056C,0.0
YER007CA,0.0
YGR169C,0.0
YDL184C,19.066666666666666
YOR086C,2.083333333333333
YOR202W,0.0
YDL143W,6.023809523809524
YER070W,87.0
YAR008W,1.2
YDR492W,0.0
YER094C,406.80000000000007
YOL078W,0.0
YOR252W,0.0
YLR298C,318.5174603174603
YGR052W,0.0
YCR088W,49.333333333333336
YNL084C,24.166666666666668
YPL115C,12.924999999999999
YGR041W,0.0
YGR145W,556.8426684426687
YHR216W,7.0
YBR134W,0.0
YNR039C,0.0
YFL014W,0.0
YJL013C,0.0
YHR099W,3.666666666666667
YDR363W,0.0
YGL053W,0.0
YHL025W,14.666666666666666
YHR086W,12.488888888888889
YDR118W,24.6
YMR316W,0.0
YDR378C,23.5218253968254
YBR105C,0.0
YBR250W,0.0
YGR219W,0.0
YJL085W,3.0416666666666665
YHL049C,0.0
YNL096C,54.327777777777776
YHR169W,599.154761904762
YGR105W,0.0
YDR130C,6.461538461538462
YGL252C,0.0
YDR229W,2.5
YKR040C,0.0
YLL024C,6.392765567765569
YPR104C,0.0
YOR073W,0.0
YCR087W,0.0
YOR370C,0.6
YKR094C,19.066666666666666
YER002W,569.6666666666667
YDL112W,0.0
YMR072W,0.0
YLL045C,19.066666666666666
YOR366W,0.0
YKR086W,0.0
YNR016C,0.0
YHR073W,0.6153846153846154
YIL124W,0.0
YPR071W,0.0
YBR084W,107.3595238095238
YMR246W,6.0
YBR121C,2.75
YGL126W,0.0
YDR244W,2.0
YLR417W,3.95
YAL018C,0.0
YJL202C,0.0
YML037C,0.0
YCL063W,0.0
YDL025C,0.0
YPL226W,0.3
YCR038C,7.5
YCL037C,42.0
YHR147C,165.41666666666663
YMR064W,0.0
YDR339C,0.0
YNR001C,0.0
YDR003W,0.0
YPR179C,0.0
YKL122C,12.5
YIR038C,0.0
YDR100W,25.999999999999996
YJL143W,3.666666666666667
YER179W,57.11746031746032
YLR094C,0.0
YDL050C,0.0
YER184C,0.0
YNL027W,0.0
YGL180W,0.0
YKL078W,0.0
YLR416C,0.0
YEL068C,0.0
YOL120C,19.066666666666666
YOL121C,54.327777777777776
YLR183C,51.25
YMR237W,0.0
YBR011C,0.0
YML104C,0.0
YFR042W,0.0
YMR089C,0.625
YDL082W,19.066666666666666
YNL097C,0.0
YFL027C,0.0
YOR336W,0.0
YDR133C,0.0
YDR235W,490.0833333333333
YBR048W,54.327777777777776
YHR026W,61.35194805194806
YDL023C,0.0
YGR082W,19.542857142857144
YGR057C,0.0
YPR051W,0.0
YHL002W,2.6666666666666665
YOR142W,0.0
YOR063W,19.066666666666666
YIL006W,0.0
YLR371W,2.1666666666666665
YAR069C,0.0
YNL232W,23.14990564990565
YPL079W,19.066666666666666
YBL065W,0.0
YDL181W,63.66666666666666
YDL156W,1.6666666666666667
YPL114W,0.0
YHR038W,0.0
YJL052W,0.0
YLR156W,0.0
YDR183W,0.0
YIL115C,7.2
YPR101W,534.8333333333334
YKL010C,0.0
YGR010W,14.5
YHR018C,2.666666666666667
YBR093C,0.0
YLL049W,10.5
YOL061W,2.0
YPR057W,371.1666666666666
YNL215W,0.0
YOL100W,0.0
YDL049C,0.0
YKL163W,0.0
YDL146W,0.0
YOR361C,1562.333333333333
YIL118W,3.625
YBL015W,0.0
YDR330W,0.0
YDR129C,5.961988304093567
YPR133C,0.0
YNL329C,0.0
YHR115C,2.4444444444444446
YEL005C,0.0
YMR117C,27.8
YFR011C,0.0
YOL077WA,43.47380952380952
YER159CA,0.0
YCL057W,0.0
YGL143C,0.0
YDR140W,0.0
YMR106C,2.1538461538461537
YEL021W,0.0
YOR076C,6.6190476190476195
YKL148C,3.7857142857142856
YER103W,0.0
YNL241C,0.0
YJR010CA,0.0
YCR095C,0.0
YKL138C,78.33333333333333
YHR014W,0.0
YOR227W,0.0
YHR117W,42.5
YPL108W,0.0
YBR061C,0.0
YMR304W,0.0
YDR450W,54.327777777777776
YER180C,0.0
YMR133W,0.0
YJL225C,0.0
YKR025W,91.0
YCR071C,0.0
YDR021W,0.0
YER065C,0.0
YHR119W,16.975757575757573
YBR041W,0.0
YDL153C,3.947619047619048
YOL090W,13.45263157894737
YIL061C,337.3
YKL079W,0.0
YLR160C,2.083333333333333
YOL068C,4.714285714285714
YNL167C,9.8
YDL087C,0.0
YDR027C,0.0
YNL266W,0.0
YKL021C,0.0
YKR008W,65.83333333333334
YGL214W,0.0
YPL064C,0.0
YPL095C,6.333333333333333
YGR178C,0.0
YKL034W,0.0
YJR023C,0.0
YPL143W,19.066666666666666
YFL037W,0.35714285714285715
YHL046C,0.0
YJR068W,29.65
YLR019W,7.6
YBR217W,25.433333333333334
YGR214W,54.327777777777776
YHR011W,0.0
YGL110C,0.0
YHR145C,0.0
YKL029C,0.0
YNL194C,0.0
YOR217W,52.98571428571428
YLR293C,31.3469696969697
YGR016W,0.0
YNL178W,103.77222222222217
YGL084C,0.0
YPL005W,0.0
YMR239C,8.372027972027972
YDL132W,32.964285714285715
YKL041W,0.0
YLR246W,0.0
YMR048W,0.0
YLR106C,672.2797535797534
YLL065W,0.0
YGL238W,0.0
YIL113W,0.0
YIL119C,0.0
YJR120W,0.0
YPR035W,0.0
YPL260W,0.0
YDR490C,0.0
YNL205C,0.0
YLR438W,4.5
YDR341C,1.5
YGL116W,8.0
YHR071W,0.0
YOR348C,0.0
YER127W,1495.3333333333335
YIL154C,0.0
YDL014W,817.2892857142858
YOL083W,0.0
YKR032W,0.0
YJR040W,0.0
YGL094C,0.0
YLR401C,0.0
YDR113C,18.2
YJL162C,0.0
YPL139C,4.2695454545454545
YGR040W,14.05
YBL043W,0.0
YPL160W,0.0
YER040W,0.0
YCR087CA,0.0
YIR002C,1.7272727272727273
YGL086W,9.857142857142858
YKL092C,0.0
YOR309C,0.0
YMR074C,0.0
YML110C,0.0
YOR342C,0.0
YER063W,0.0
YNL259C,0.0
YGR162W,224.10800865800863
YNL006W,4.5
YGR247W,0.0
YGR154C,0.0
YMR157C,0.0
YER007W,3.3333333333333335
YOR140W,5.571428571428571
YNL138W,8.479166666666666
YLR045C,0.0
YKR091W,0.0
YDR056C,0.0
YBR139W,0.0
YJR055W,0.0
YER037W,0.0
YDL043C,505.8333333333333
YFR015C,2.5
YHR103W,0.0
YDR224C,19.914285714285718
YIL008W,0.0
YLR168C,0.0
YOR392W,0.0
YKR088C,0.0
YPL218W,9.813492063492063
YDL078C,2.416666666666667
YIL064W,0.0
YML126C,0.0
YHR079CA,0.0
YKR092C,0.0
YOR389W,0.0
YOL143C,0.0
YDR080W,2.0041666666666664
YDR251W,0.0
YER011W,0.0
YOR108W,0.0
YIL009CA,0.0
YCR009C,7.4
YKR081C,735.4036269286269
YGR013W,262.0607142857143
YBL076C,0.0
YKL114C,0.0
YBL017C,0.0
YER031C,24.003947368421052
YBR258C,51.0
YBR050C,0.0
YNL078W,2.0
YKL082C,4.6886363636363635
YKL019W,0.0
YJL139C,0.0
YGR023W,0.0
YKL176C,0.0
YNL220W,0.0
YBR089W,0.0
YIL156W,0.0
YIL056W,0.0
YLR120C,0.0
YPL029W,45.1595238095238
YAL022C,0.0
YCL043C,0.0
YBL054W,0.0
YBR117C,0.0
YJL090C,5.8
YER009W,31.833333333333332
YPL229W,0.0
YKR029C,0.0
YPR167C,0.0
YBR039W,62.150000000000006
YJR037W,0.0
YDR054C,4.7785947712418295
YOR375C,0.0
YLR234W,0.0
YHR079C,0.0
YNL225C,1.0
YBR228W,0.0
YCR023C,0.0
YLR063W,2.1285714285714286
YCR014C,2.8
YOL035C,0.0
YDR366C,0.0
YDR226W,0.0
YOR182C,54.327777777777776
YOR009W,0.0
YMR186W,40.17857142857142
YOR207C,66.23134920634921
YBR047W,0.0
YMR227C,66.26884226884226
YAL011W,0.0
YDR526C,0.0
YOR053W,0.0
YCR057C,417.14642857142866
YOR167C,240.6000000000002
YBL045C,21.080952380952382
YBR076W,0.0
YPR172W,0.0
YDL215C,0.0
YHR144C,0.0
YAL047C,0.0
YLR370C,14.885714285714284
YDL102W,33.85051834130782
YJL164C,8.0
YOR017W,0.0
YMR286W,50.16666666666667
YOR324C,0.0
YGR060W,0.0
YOL149W,28.209523809523812
YBR066C,0.0
YBR276C,0.0
YFR028C,8.916666666666666
YHL006C,2.05
YLR196W,6.0
YBR087W,68.95238095238096
YML121W,8.5
YPR031W,0.0
YGR150C,5.333333333333333
YGR222W,44.23452380952381
YOL144W,0.0
YJL042W,0.0
YDL158C,0.0
YKL189W,0.0
YKL210W,0.0
YER143W,0.0
YHR142W,0.0
YGR094W,0.0
YGR061C,4.25
YDR144C,0.0
YLR356W,0.0
YIL159W,0.0
YKR079C,0.0
YDL090C,0.0
YDL241W,0.0
YOR125C,0.0
YPL024W,0.0
YIL103W,0.0
YBL085W,9.751515151515152
YDR368W,0.0
YDL071C,0.0
YCL028W,6.0
YCR001W,0.0
YKR105C,0.0
YHR040W,0.0
YHL044W,0.0
YDR268W,0.0
YBR293W,0.0
YIL072W,6.0
YMR105C,5.940476190476191
YBR109C,22.57962037962038
YMR299C,0.0
YHR207C,0.0
YBR086C,15.142857142857142
YPR182W,283.51071428571436
YDR037W,4.7
YAL035W,210.49854589854587
YDL126C,2.651515151515152
YJR084W,35.333333333333336
YDR266C,2.0
YGR233C,0.0
YGL173C,3.8508771929824563
YDR240C,469.28333333333325
YGL128C,2.5
YGL061C,8.476190476190474
YPR173C,0.5
YLR290C,0.0
YNL292W,0.0
YPL240C,27.27087912087912
YLR065C,0.0
YLR447C,65.86623376623376
YOR072W,0.0
YNL148C,0.0
YMR210W,0.0
YMR323W,0.0
YFL044C,0.0
YMR035W,0.0
YPR103W,416.40000000000003
YER038C,0.0
YMR021C,0.0
YKL130C,32.333333333333336
YAL064W,0.0
YLR015W,38.1
YEL026W,358.6630952380952
YOR050C,0.0
YDR439W,0.0
YJL152W,2.017857142857143
YER111C,4.587301587301587
YMR268C,436.8333333333333
YDL056W,0.0
YNL314W,11.5
YCR005C,0.0
YBR226C,0.0
YGL046W,0.0
YBR143C,90.75
YOL065C,5.25
YNL049C,0.0
YCR048W,0.0
YML099C,8.666666666666666
YPL027W,0.0
YPL188W,0.0
YHL027W,0.0
YDL213C,590.6670995670995
YJR047C,0.0
YKL194C,0.0
YNL248C,48.02579365079365
YOL051W,52.2781746031746
YCL040W,10.5
YBR031W,19.066666666666666
YOL145C,18.192912401608055
YJR092W,0.0
YGL171W,623.9178571428572
YOR327C,0.0
YOR118W,0.0
YKR036C,102.41666666666667
YDR172W,0.0
YGR089W,0.0
YFL017C,1.5
YLR326W,0.0
YER068W,34.72619047619048
YHL018W,2.033333333333333
YIL055C,0.0
YLL038C,0.0
YLR346C,0.0
YBL021C,1.4285714285714286
YOR285W,0.0
YJL215C,0.0
YJL025W,16.25
YOR102W,0.0
YMR114C,0.0
YFL016C,0.0
YDL101C,9.333333333333334
YER053C,0.0
YPR010C,80.17341269841269
YJL135W,0.0
YBR195C,15.6
YNL153C,1.75
YNL210W,0.0
YMR251W,0.0
YGL009C,0.0
YPR006C,0.0
YHR051W,15.66666666666667
YAL060W,0.0
YHL023C,0.0
YMR096W,6.200000000000001
YOL056W,0.0
YDR303C,14.7
YHR200W,469.41666666666674
YOL038W,363.1249999999999
YGR149W,0.0
YDR311W,36.75336403792286
YDR181C,22.2
YOR305W,0.0
YAL064WB,0.0
YDR076W,29.5
YJL177W,19.066666666666666
YBL077W,0.0
YGL241W,4.583333333333333
YML127W,0.0
YDR510W,25.0
YKR026C,35.75
YKR060W,365.33333333333326
YER153C,0.0
YML130C,0.0
YMR316CB,0.0
YGR163W,2.230769230769231
YPR180W,2.75
YKL134C,0.0
YPL167C,0.0
YBL026W,18.418128654970758
YCRX16C,0.0
YFL034CA,19.066666666666666
YDL091C,0.0
YDR515W,0.0
YPR066W,0.0
YGL174W,0.0
YHR050W,0.0
YJL012C,0.0
YIL144W,5.333333333333333
YIL051C,0.0
YOR379C,0.0
YBR059C,11.6
YMR052W,3.6666666666666665
YFR007W,0.0
YDL225W,28.163636363636364
YPR144C,345.09285714285716
YDR514C,0.0
YNR045W,0.0
YLR031W,0.0
YBR043C,0.0
YJR004C,0.0
YPL163C,0.0
YLR269C,2.1666666666666665
YJR045C,2.05
YBR196C,0.0
YJL155C,0.0
YLR199C,0.0
YER124C,4.4
YGR168C,0.0
YEL060C,2.6666666666666665
YLR200W,3.142857142857143
YFR031CA,19.066666666666666
YDR416W,17.857142857142858
YBR193C,17.517857142857142
YNL319W,0.0
YLR332W,0.0
YPL253C,0.0
YER110C,42.36204481792718
YCL026CA,0.0
YLR182W,3.0
YDR489W,0.0
YFR012W,0.0
YDR213W,0.0
YKL060C,8.350000000000001
YOR008C,0.0
YER189W,0.0
YDR106W,0.0
YMR261C,1.6666666666666667
YBR013C,0.0
YOL050C,0.0
YBR095C,0.0
YMR235C,7.083333333333334
YDR403W,0.0
YMR257C,0.0
YDR174W,4.35
YGL185C,0.0
YLR388W,54.327777777777776
YNL192W,0.0
YER146W,16.308621933621936
YER172C,27.071428571428573
YKR044W,0.0
YML069W,0.0
YNL139C,0.0
YGL145W,0.0
YGR173W,8.666666666666666
YDR075W,0.0
YDR374C,0.0
YMR223W,0.0
YPR053C,0.0
YGR070W,0.0
YHR066W,438.4925796425797
YBR235W,0.0
YBL030C,0.0
YDR068W,0.0
YPR088C,4.466666666666667
YNR024W,0.0
YPR141C,1.9
YGR122W,0.0
YKL153W,0.0
YKL022C,40.2
YJR001W,0.0
YOL116W,0.0
YKR054C,2.05
YER114C,37.25
YIL070C,4.0
YLL010C,22.0
YJL141C,5.4
YOL132W,0.0
YGL021W,0.0
YNR037C,50.08333333333334
YOR035C,16.0
YMR297W,0.0
YOL130W,0.0
YOR175C,0.0
YLR297W,0.0
YNL158W,0.0
YJR117W,0.0
YBR072W,4.75
YBR166C,0.0
YIL162W,0.0
YIR039C,0.0
YIR013C,0.0
YJR108W,0.0
YDR079W,0.0
YNL193W,0.0
YGR195W,36.52473082473082
YOR103C,16.0
YGL172W,51.19047619047618
YOL030W,0.0
YLR316C,0.0
YBL106C,4.564102564102564
YOR353C,2.3333333333333335
YOR128C,25.0
YJR162C,0.0
YOR025W,0.0
YKL017C,2.0
YKL192C,0.0
YBR241C,0.0
YOL067C,0.0
YGR254W,2.5
YKL213C,2.2474747474747474
YDR122W,0.0
YLR325C,19.066666666666666
YOR061W,146.58873626373628
YDR017C,0.0
YJR076C,33.68023740964918
YNL103W,0.0
YMR010W,0.0
YLR306W,0.0
YBL042C,0.0
YMR116C,104.94234654234654
YMR163C,0.0
YPR085C,0.0
YIL111W,0.0
YNL155W,0.0
YKL141W,0.5714285714285714
YDL217C,6.6
YLR407W,0.0
YGL195W,14.591666666666667
YEL020C,0.0
YLL036C,320.17698412698417
YLR320W,0.0
YCL005W,0.0
YMR222C,0.0
YOR181W,50.20833333333333
YDR201W,22.333333333333336
YLR315W,0.0
YDR384C,0.0
YJR031C,0.0
YLR456W,0.0
YKR099W,0.0
YOR273C,0.0
YGR268C,149.0
YHR027C,251.95773809523808
YAL042W,0.0
YOR031W,0.0
YHR138C,0.0
YLR259C,0.0
YPL107W,0.0
YNR061C,0.0
YEL032W,41.654403053087265
YDL037C,0.0
YDL203C,0.0
YDL088C,15.142857142857142
YIL069C,54.327777777777776
YBR202W,41.654403053087265
YHR008C,0.0
YLR240W,0.0
YGL134W,0.0
YBR254C,7.2
YLR373C,10.333333333333334
YHL019C,0.0
YLR222C,503.36693861693857
YOR029W,0.0
YLR352W,0.0
YNR058W,0.0
YMR053C,50.0
YPR118W,0.0
YJR141W,0.0
YOR180C,2.083333333333333
YBR097W,0.0
YLR432W,5.2
YGR281W,0.0
YKL112W,5.055555555555555
YLR048W,54.327777777777776
YKL002W,17.0
YLR418C,75.13214285714285
YPR029C,3.416666666666666
YLR349W,0.0
YOR124C,0.0
YDR292C,0.0
YNL073W,0.0
YDL161W,0.0
YLR148W,6.133333333333333
YML109W,77.65119047619046
YGL032C,0.0
YDL089W,10.0
YDR418W,19.066666666666666
YGR088W,0.0
YIR035C,0.0
YIL048W,0.0
YLR454W,0.0
YBL044W,0.0
YMR154C,0.0
YGR182C,0.0
YBR174C,0.0
YPL019C,0.0
YGR018C,0.0
YDR440W,0.0
YCR096C,0.0
YJR140C,0.0
YLL027W,0.7142857142857143
YIL142W,12.5
YML011C,0.0
YLR159W,0.0
YOR345C,0.0
YNR029C,0.0
YLR133W,0.0
YGL063W,0.0
YBR184W,0.0
YBR204C,0.0
YGL006W,0.0
YGR263C,0.0
YNR040W,0.0
YOR263C,0.0
YAL028W,0.0
YIL005W,2.1666666666666665
YJL080C,0.0
YLR137W,0.0
YBR133C,9.0
YCL024W,10.666666666666666
YLR427W,6.0
YPL222W,0.0
YPR102C,24.133333333333333
YBR265W,0.0
YNL124W,2.833333333333333
YOL115W,0.45454545454545453
YJR058C,0.0
YPL209C,5.0
YCR044C,0.0
YKL047W,0.0
YML051W,4.666666666666666
YEL077C,0.0
YBL084C,16.795238095238098
YBR281C,0.0
YNL137C,56.24999999999999
YLR135W,2.0
YLR466W,0.0
YPL237W,110.33733766233766
YOR078W,51.81666666666666
YER081W,12.0
YDR488C,0.0
YAL021C,33.69761904761905
YMR291W,5.6
YGL221C,38.0
YER051W,0.0
YDR169C,0.0
YER064C,0.0
YKL209C,0.0
YER142C,0.0
YGR191W,0.0
YLR292C,6.666666666666668
YML095C,16.2
YLR154C,0.0
YOR148C,0.0
YNR019W,0.0
YDR111C,0.0
YBR233W,0.0
YMR298W,1.2
YOR320C,3.0
YPL246C,0.0
YGR153W,0.0
YKL170W,93.99999999999999
YPL174C,74.66666666666666
YLR256W,0.0
YKL081W,24.666666666666668
YDR136C,0.0
YFL066C,0.0
YHR090C,0.0
YNL163C,0.0
YLR036C,0.0
YMR036C,0.0
YJL079C,0.0
YPR130C,0.0
YPL262W,0.0
YNL244C,108.3452380952381
YDR472W,8.0
YBR301W,0.0
YPL086C,1.875
YGL189C,191.74999999999986
YLR127C,17.77619047619048
YDR044W,12.083333333333334
YBR172C,0.0
YDR188W,4.0
YDR001C,0.0
YDL207W,9.075
YGL014W,0.0
YDR484W,0.7142857142857143
YIL025C,0.0
YKL166C,2.1818181818181817
YMR159C,16.615384615384617
YDL134C,61.99999999999999
YLR150W,0.5
YLR317W,0.0
YDR247W,0.0
YOL009C,0.0
YDR243C,269.6353174603175
YPR152C,0.0
YLR301W,0.0
YGL208W,0.0
YBR064W,0.0
YJR127C,0.0
YGL099W,693.8653679653681
YNL264C,0.0
YOR047C,22.125
YJR035W,0.0
YAL056W,12.142857142857142
YER095W,20.554761904761904
YPR019W,51.02554112554111
YDR444W,0.0
YKL157W,0.0
YDR216W,7.976872800402212
YPL122C,27.310830999066294
YJR034W,0.0
YBR140C,2.6944444444444446
YMR142C,19.066666666666666
YIL019W,0.0
YEL050C,0.0
YIL063C,18.666666666666664
YNL098C,5.573412698412698
YNL281W,0.0
YGR092W,40.801190476190484
YOL117W,0.0
YKL129C,7.705627705627705
YJR103W,5.6
YJL219W,0.0
YBR004C,0.0
YOR195W,9.5
YER151C,0.0
YGL073W,0.0
YLR175W,623.3852980352978
YPR045C,0.0
YML092C,431.6333333333335
YHR055C,0.0
YBL053W,0.0
YML131W,0.0
YEL072W,0.0
YJR133W,0.0
YJL059W,0.0
YGL111W,1704.6666666666672
YDR128W,0.0
YOL039W,219.91666666666666
YDL008W,16.795238095238098
YOR260W,38.51890331890332
YJR157W,0.0
YBR077C,0.0
YJL165C,0.0
YGR136W,13.5
YJR130C,0.0
YJR022W,142.58333333333331
YIR004W,0.0
YPL194W,0.0
YLR046C,0.0
YDR215C,0.0
YLR144C,1.6666666666666667
YDR436W,0.0
YEL071W,0.0
YOR162C,0.0
YIL139C,0.0
YMR240C,328.56356421356423
YDL040C,4.25
YML007W,15.125
YIR001C,0.0
YLR039C,0.0
YOR051C,0.0
YPR189W,7.76984126984127
YPL235W,212.59761904761908
YGL156W,1.1666666666666667
YOR358W,0.0
YOR013W,0.0
YKL124W,0.0
YOL020W,0.0
YER155C,11.101010101010102
YPR184W,0.0
RRP13,0.0
YIR023W,0.4
YDL113C,0.0
YHR191C,0.0
YOR080W,0.0
YJL184W,0.0
YKR048C,16.59345238095238
YBR113W,0.0
YHR021C,54.327777777777776
YLR308W,0.0
YPL082C,4.2
YPL149W,4.3358974358974365
YDL002C,2.1666666666666665
YDR413C,0.0
YGR179C,0.0
YDR179C,0.0
YBR114W,17.799999999999997
YDR400W,0.0
YDR288W,0.0
YPR158WA,0.0
YPL130W,0.0
YKR062W,1.3333333333333333
YOL137W,0.0
YPL213W,0.0
YOR214C,0.0
YBR124W,0.0
YJR033C,5.843137254901961
YDR542W,0.0
YDR394W,410.8940476190475
YGL001C,0.0
YLL014W,0.0
YNR012W,0.0
YDL070W,0.0
YLR117C,2.017857142857143
YNL160W,0.0
YDR271C,0.0
YOR122C,2.0296052631578947
YOL107W,0.0
YAL058W,0.0
YNL102W,19.67142857142857
YFR039C,0.0
YCL056C,0.0
YPL023C,0.0
YNL028W,0.0
YLR119W,2.5
YOR281C,0.875
YDL229W,13.0
YMR067C,0.0
YLR303W,0.0
YIL075C,301.04880952380955
YNL311C,0.0
YNL237W,0.0
YGL040C,16.0
YKL205W,5.9
YOR033C,0.0
YDR405W,46.33333333333333
YGR245C,423.0792957042957
YLR403W,4.5
YPL181W,3.875
YFL034CB,0.0
YOL070C,2.5
YDR189W,19.178102453102454
YAL036C,50.133333333333326
YGR166W,0.0
YGL135W,19.066666666666666
YPR036W,104.00000000000001
YLR281C,0.0
YKL067W,1.1111111111111112
YLL037W,0.0
YFR054C,0.0
YBL027W,19.066666666666666
YFR040W,0.0
YPL078C,60.150000000000006
YBR096W,0.0
YGR251W,0.0
YHR199C,4.0
YDR296W,77.21111111111111
YMR206W,0.0
YML022W,0.0
YGR275W,0.0
YDR177W,0.0
YKL085W,6.523809523809525
YOR241W,0.0
YOL017W,0.0
YKL181W,2.0
YJR050W,6.875
YHR059W,73.0
YLR342W,0.0
YDR310C,2.321428571428571
YKR043C,0.0
YKL161C,0.0
YOR039W,15.75
YDL104C,0.0
YJL023C,0.0
YHR077C,0.0
YDR159W,0.0
YOL046C,0.0
YGR119C,81.33333333333333
YLR424W,22.12222222222222
YBR291C,0.0
YFR055W,0.0
YLR108C,91.0
YFL026W,0.0
YPR136C,0.0
YBL038W,165.41666666666663
YBR054W,0.0
YJL172W,0.0
YLR344W,19.066666666666666
YLR437C,0.0
YKL025C,0.0
YBR284W,0.0
YER049W,0.0
YML107C,0.0
YDR357C,0.0
YKL063C,0.0
YDR131C,10.0
YBL050W,23.33333333333334
YGR101W,0.0
YHL009C,10.0
YDR167W,74.12439782439782
YLR422W,0.0
YER100W,2.0
YDL097C,325.1608709273183
YDR194C,37.98214285714286
YJR028W,0.0
YNR063W,0.0
YML117W,0.0
YGL178W,12.214285714285715
YJR077C,0.0
YMR178W,0.0
YDL116W,38.65119047619048
YLR237W,0.0
YLL032C,0.0
YNR048W,0.0
YPR138C,0.0
YGR058W,12.571428571428571
YLR395C,12.083333333333334
YLR161W,0.0
YCR004C,0.0
YLL052C,0.0
YOR302W,0.0
YGL235W,0.0
YOR213C,66.2
YLR164W,0.0
YLR055C,2.5
YCR107W,0.0
YBR120C,59.083333333333336
YDL193W,1.4285714285714286
YLR125W,0.0
YGL023C,0.0
YPR037C,0.0
YGL042C,0.0
YOL118C,0.0
YOR222W,0.0
YNL100W,0.0
YLR005W,51.17142857142857
YJL015C,0.0
YDR034C,8.200000000000001
YFR053C,0.0
YPL195W,0.0
YPR046W,0.0
YDR170C,0.0
YKL108W,16.88888888888889
YMR184W,0.0
YNL309W,33.41121212121212
YGR075C,558.1666666666666
YCR052W,51.46666666666667
YGR271W,0.0
YPL183WA,62.83333333333332
YDR088C,334.5
YOL105C,0.0
YBL009W,0.0
YNR072W,0.0
YGR253C,385.9333333333334
YDR269C,0.0
YLL039C,6.183333333333334
YLL031C,0.0
YOR084W,0.0
YGR139W,0.0
YIL031W,0.0
YCL034W,2.25
YKR019C,0.0
YCR079W,1.7777777777777777
YPR113W,0.0
YPR177C,0.0
YOR066W,0.0
YOR064C,0.0
YDR225W,50.73333333333333
YDR052C,11.40909090909091
YJL005W,14.013257575757574
YFL058W,0.0
YBR006W,0.0
YJL006C,0.0
YBL092W,291.9999999999999
YIL059C,0.0
YPR178W,253.690873015873
YKL168C,0.0
YGR250C,0.0
YDR388W,38.51119465329992
YER044C,0.0
YJR065C,17.56854256854257
YDR314C,0.0
YMR276W,22.25
YDR290W,0.0
YOR212W,11.345238095238095
YGR252W,2.4210526315789473
YLR052W,1.2
YDR362C,9.25
YGL015C,0.0
YOR312C,19.066666666666666
YBR058C,0.0
YFR017C,0.0
YKL211C,2.9333333333333336
YDL133W,0.0
YGR056W,42.46666666666667
YDR534C,0.0
YHR094C,0.0
YOR369C,54.327777777777776
YGR249W,0.0
YDR067C,0.0
YPL257W,0.0
YER129W,0.0
YPL152W,0.0
YMR264W,0.0
YJL213W,0.0
YLR130C,0.0
YCR035C,59.0984126984127
YJR110W,0.0
YOR332W,156.99999999999997
YPR125W,0.0
YBR243C,0.0
YHR180W,0.0
YDR102C,0.0
YIL082W,0.0
YJR135C,0.0
YGR186W,76.38690476190476
YOL058W,18.25
YDR005C,0.0
YAR019C,0.0
YER004W,0.0
YEL037C,27.839285714285715
YFL011W,0.0
YBL008W,0.0
YJR138W,1.125
YGL054C,0.0
YMR260C,0.0
YAL024C,0.0
YAL007C,2.3
YJR126C,0.0
YPL042C,27.052380952380954
YDL092W,7.666666666666667
YLR455W,3.75
YDR367W,0.0
YDL125C,0.0
YLR038C,10.5
YMR236W,114.44444444444443
YBR116C,0.0
YPR076W,0.0
YKL155C,0.0
YOR387C,0.0
YKR016W,0.0
YOR229W,0.0
YHR175W,0.0
YOL062C,0.0
YNL122C,0.0
YAR073W,0.0
YGR108W,7.699999999999999
YDR061W,0.0
YKL087C,0.0
YFR051C,36.27579365079365
YJL204C,0.0
YPR174C,0.0
YDR449C,692.4452380952378
YKR020W,0.0
YKL057C,15.83470695970696
YHR135C,5.0
YLR049C,0.0
YHR203C,317.1666666666667
YKL003C,52.833333333333336
YPL020C,0.0
YER154W,0.0
YJL128C,2.5
YMR269W,0.0
YDR264C,5.125
YML097C,0.3333333333333333
YER159C,0.0
YLR193C,0.0
YDL036C,0.0
YCL044C,0.0
YLR071C,75.2973137973138
YOR107W,0.0
YNR035C,12.34935064935065
YBR040W,0.0
YBR205W,0.0
YGR158C,57.269047619047605
YDR306C,8.0
YPL205C,0.0
YDL114W,0.0
YMR317W,0.0
YIL151C,0.0
YBL068W,0.0
YJR066W,4.923809523809524
YGL158W,0.0
YDL231C,0.0
YJL115W,3.825
YCR084C,3.0588235294117645
YOR018W,0.0
YJR125C,0.0
YDR473C,783.5
YGR234W,6.0
YCL012W,0.0
YML077W,9.833333333333334
YNL039W,2.288235294117647
YBL032W,7.0
YDR465C,6.666666666666667
YDL084W,0.0
YOR187W,0.0
YKL164C,0.0
YDR192C,32.653571428571425
YBR239C,0.0
YKL073W,0.0
YOR381W,0.0
YJL149W,0.0
YDR146C,0.0
YLR312C,0.0
YMR004W,0.0
YHR134W,0.0
YOR098C,25.47344322344322
YOL135C,16.0
YPR094W,0.0
YMR305C,0.0
YJR148W,0.6666666666666666
YLR017W,0.0
YBR108W,0.0
YJL039C,5.75
YCL046W,0.0
YBR162C,0.0
YNL064C,0.5882352941176471
YJL095W,9.555555555555555
YOL041C,2386.0833333333335
YKL080W,172.5
YJL086C,0.0
YCR101C,0.0
YPR038W,0.0
YBR262C,0.0
YJL208C,0.0
YNL315C,2.3333333333333335
MEL1,0.0
YJL125C,0.0
YFR002W,29.625
YOL052C,0.0
YLR115W,101.0
YDR180W,2.3555555555555556
YCR097W,0.0
YBR118W,13.0
YDR448W,0.5333333333333333
YLR216C,35.199999999999996
YOR351C,7.5
YMR069W,0.0
YNL135C,0.0
YHL005C,0.0
YPR030W,0.0
YHR100C,0.0
YNL042W,0.0
YJR005W,0.0
YML010W,106.95
YNL047C,19.984126984126988
YOR026W,4.8
YMR211W,0.0
YGR084C,128.0
YGL087C,0.0
YDR252W,0.0
YKR087C,0.0
YGR066C,0.0
YMR088C,0.0
YJL058C,0.0
YNL239W,0.0
YGR203W,0.0
YJR080C,0.0
YNR036C,0.0
YIL173W,0.0
YCR067C,0.0
YDR513W,0.0
YDR307W,2.333333333333333
YIL011W,0.0
YNL280C,0.0
YLR085C,0.0
YIL152W,0.0
YMR294W,11.75
YKL013C,13.876623376623378
YNL092W,4.0
YJL092W,0.0
YPL131W,167.73333333333332
YOL151W,0.0
YPR183W,0.0
YMR275C,0.0
YEL051W,154.33333333333334
YAL012W,0.0
YLR338W,0.0
YOL005C,213.58333333333334
YPR043W,19.066666666666666
YPR034W,49.67222222222224
YLL016W,0.0
YPL043W,689.097089022089
YBR181C,54.327777777777776
YBR209W,0.0
YDR255C,0.0
YML031W,22.0
YML049C,54.16666666666667
YPL178W,0.0
YGR130C,0.0
YPL231W,0.0
YOR095C,0.0
YGL250W,0.0
YKL036C,0.0
YKL072W,0.0
YPL089C,0.0
YIL091C,0.0
YOR232W,24.416666666666664
YOR341W,652.009817959818
YGL005C,0.0
YDL013W,0.0
YPR004C,0.0
YLL020C,0.0
YIR016W,0.0
YBR220C,0.0
YOR308C,101.02182539682539
YDL139C,0.0
YLR376C,2.05
YJR136C,0.0
YLR450W,1.7142857142857142
YDR350C,0.0
YGR100W,0.0
YIL065C,0.0
YNR065C,0.0
YML105C,11.333333333333334
YCL058C,0.0
YDR231C,0.0
YAL001C,6.316666666666666
YPL238C,0.0
YAR007C,30.004847345636822
YPL125W,4.152380952380953
YJR002W,409.79811299811297
YGR027C,54.327777777777776
YOR300W,0.0
YLR439W,17.75
YHR087W,0.0
YEL043W,6.875
YML054C,2.1142857142857143
YER088C,0.0
YDL188C,27.125
YBL004W,897.6972083472086
YOL159C,0.0
YDL086W,0.0
YLR067C,2.0
YBL071C,0.0
YPL270W,0.0
YCL004W,0.0
YBR268W,50.16666666666667
YMR111C,0.0
YDL133CA,19.066666666666666
YBR246W,0.0
YCL066W,0.0
YJR006W,121.28571428571428
YFR018C,0.0
YNR050C,0.0
YBR167C,10.588888888888889
YOL032W,0.0
YOR010C,0.0
YCL020W,0.0
YHR074W,0.0
YDL075W,19.066666666666666
YHR188C,5.333333333333333
YML123C,0.0
YMR226C,0.0
YKL186C,0.0
YFL007W,0.0
YCL036W,0.0
YDR168W,2.3956043956043955
YCR076C,0.0
YGL083W,0.0
YNR042W,0.0
YGR290W,0.0
YBL056W,0.0
YMR221C,0.0
YGL048C,326.275992063492
YER128W,0.0
YKL167C,185.33333333333331
YGL025C,26.57142857142857
YJL075C,0.0
YFL043C,0.0
YGL239C,0.0
YPL228W,0.0
YBR231C,0.0
YDR126W,0.0
YGL242C,0.0
YFL050C,0.0
YPL196W,0.0
YDR461W,0.0
YMR224C,2.3555555555555556
YJR091C,27.086652236652235
YKR017C,0.0
YJL055W,0.0
YKL126W,0.0
YKR065C,0.0
YCL045C,0.0
YDR141C,0.0
YMR093W,781.5999999999998
YNL221C,9.866666666666667
YCR066W,1.3333333333333333
YLL021W,6.438095238095238
YPL083C,2.2666666666666666
YBR170C,3.2222222222222223
YBL113C,0.0
YAR003W,27.999999999999996
YDL127W,0.0
YIL104C,0.0
YPL172C,0.0
YMR183C,0.0
YDL004W,61.5
YEL059W,0.0
YBR042C,0.0
YHL009WA,0.0
YOR265W,0.0
YDR156W,80.0
YMR152W,0.0
YMR003W,0.0
YHR035W,0.0
YJR041C,28.78333333333333
YDL111C,31.416694416694416
YBR285W,0.0
YGR258C,13.644607843137255
YLR227C,0.0
YKL182W,0.0
YDL190C,0.0
YOL018C,8.714141414141414
YLR026C,26.20952380952381
YGR296W,0.0
YGL226CA,4.583333333333334
YGL261C,0.0
YFR010W,232.0166666666667
YBR192W,0.0
YJL167W,0.0
YFR031C,2.5
YMR188C,74.83333333333333
YMR147W,0.0
YPL018W,0.0
YCR031C,54.327777777777776
YNL287W,48.36904761904761
YJL191W,54.327777777777776
YLR155C,2.083333333333333
YJL021C,0.0
YIL112W,0.0
YHL020C,1.1
YGR270W,270.5166666666667
YOR004W,0.0
YBR142W,1519.3333333333335
YML023C,0.0
YHR121W,0.0
YKL035W,0.0
YMR307W,0.0
YJL194W,67.26103896103896
YDR196C,0.0
YGL212W,12.11111111111111
YML074C,0.0
YGR264C,2.0
YEL049W,0.0
YLL033W,0.0
YMR255W,19.0
YOR246C,0.0
YGL251C,0.0
YBR033W,0.0
YDL118W,0.0
YNL079C,0.0
YPL076W,0.0
YEL061C,2.5
YER115C,20.0
YNL304W,0.0
YLR050C,0.0
YPR190C,44.48412698412699
YCR060W,0.0
YGL097W,3.666666666666666
YGR062C,0.0
YMR138W,0.0
YBR186W,0.0
YNR003C,145.5
YMR233W,0.0
YKL111C,0.0
YAR030C,0.0
YBR127C,81.34826839826839
YCR012W,8.4
YBR003W,0.0
YAR061W,0.0
YAL032C,14.083333333333332
YOL010W,440.56190476190466
YOR264W,0.0
YJR116W,0.0
YMR092C,2.0296052631578947
YCL038C,0.0
YKL179C,0.0
YMR263W,6.625
YAL005C,6.248626373626372
YPL216W,0.0
YNL185C,148.02777777777777
YCL067C,0.0
YKR010C,0.0
YGL018C,0.0
YBR107C,0.0
YPL201C,0.0
YKR007W,2.230769230769231
YOR243C,29.53333333333333
YJL019W,0.0
YKL203C,0.0
YDR098C,0.0
YKL172W,609.5318764568766
YKL133C,0.0
YLR318W,0.0
YLL008W,1094.6833333333332
YER071C,0.0
YCR065W,0.0
YHR149C,3.1666666666666665
YNL034W,0.0
YER091C,0.0
YOR373W,2.2666666666666666
YPL057C,0.0
YIL126W,32.15098039215686
YDR038C,0.0
YML111W,0.0
YMR173W,0.0
YJR067C,0.0
YDR397C,0.0
YDL208W,187.86666666666665
YBR001C,0.0
YLR068W,0.0
YPL233W,0.0
YOR034C,0.0
YAL016W,7.93452380952381
YGL130W,0.0
YHL010C,0.0
YPL066W,0.0
YDL130W,19.066666666666666
YHR089C,482.24999999999994
YDR500C,19.066666666666666
YNL004W,0.0
YDR505C,0.0
YLR090W,0.0
YOR116C,68.98055555555555
YKL215C,0.0
YGR020C,181.5
YLR021W,0.0
YPL037C,0.0
YHR112C,0.0
YHR016C,7.800000000000001
YOR362C,395.95238095238096
YPR115W,0.0
YNL131W,24.516666666666662
YGL254W,0.0
YER017C,2.225
YIR009W,69.5
YJL048C,0.0
YKL011C,55.0
YDR261WA,0.0
YJR012C,0.0
YHR053C,0.0
YEL048C,0.0
YOR123C,0.0
YFR050C,416.1166666666667
YHL015W,201.90000000000015
YPL208W,0.0
YMR201C,32.2
YDL243C,0.0
YNL324W,0.0
YKL120W,0.0
YML057W,3.6
YKL197C,0.0
YNL334C,0.0
YJL014W,7.0
YPR063C,0.0
YOR294W,0.0
YEL034W,1.5
YHR159W,0.0
YNL018C,0.0
YJL030W,2.428571428571429
YLR171W,0.0
YPL248C,41.013888888888886
YFL052W,0.0
YGL058W,0.0
YOR259C,325.59444444444443
YGL057C,0.0
YKL090W,0.0
YPL034W,0.0
YIL038C,25.38214285714286
YOR230W,1.25
YML078W,0.0
YEL055C,10.190476190476192
YBR225W,0.0
YGR165W,0.0
YJL186W,0.0
YNR064C,0.0
YKL088W,0.0
YDL239C,26.263461538461538
YPR148C,0.0
YOR254C,6.083333333333334
YLR319C,4.408333333333333
YOR226C,0.0
YBR274W,0.0
YBL086C,0.0
YBR131W,0.0
YFL047W,0.0
YKL076C,0.0
YLR008C,0.0
YOR049C,0.0
YBL074C,821.5
YGR236C,0.0
YAR002W,0.0
YJR113C,23.666666666666668
YAL034C,52.0
YEL008W,0.0
YNL052W,12.083333333333334
YOR245C,0.0
YBL035C,19.67142857142857
YGL192W,2.1666666666666665
YML043C,10.95
YMR302C,0.0
YJR093C,46.50000000000001
YER039C,0.0
YOR046C,5.666666666666667
YLR035C,3.4285714285714284
YLR379W,0.0
YDR471W,19.066666666666666
YBR240C,0.0
YBR189W,54.327777777777776
YKR066C,1.6
YJR132W,0.0
YLR253W,0.0
YGL223C,13.25
YOL099C,0.0
YLR092W,0.0
YKL014C,794.3869241869241
YBL072C,322.5
YJL200C,0.0
YJL185C,0.0
YER062C,0.0
YBR080C,2.05
YDR263C,0.0
YGL030W,19.066666666666666
YBL078C,4.274242424242424
YCR063W,0.0
YKL177W,0.0
YKR001C,0.0
YDL216C,0.0
YJR094C,0.0
YDR381W,2.2976190476190474
YGL125W,0.0
YBL034C,0.0
YPL254W,0.0
YOL163W,0.0
YBR020W,0.0
YKL077W,0.0
YLR166C,23.666666666666668
YAL041W,20.348484848484848
YGR006W,202.21150793650796
YMR110C,0.0
YDR236C,0.0
YNR031C,0.0
YFL045C,0.0
YLR054C,0.0
YLR428C,0.0
YML129C,0.0
YMR123W,0.0
YDL129W,0.0
YLR393W,0.0
YEL062W,0.0
YOL082W,6.1761904761904765
YPR169W,0.0
YGR280C,0.0
YGR201C,0.0
YML019W,7.083333333333333
YBR218C,2.880952380952381
YJR069C,0.0
YGL205W,0.0
YLL034C,1045.6833333333334
YML008C,0.0
YJL087C,0.0
YPL032C,0.0
YGL049C,46.43580031080031
YHR160C,4.333333333333333
YPL051W,4.25
YIL024C,0.0
YDR219C,0.0
YGR184C,10.666666666666666
YDL123W,4.0
YGL138C,0.0
YER047C,0.0
YNL235C,0.0
YPL053C,0.0
YHL026C,0.0
YJL159W,0.0
YMR193W,266.5
YOR147W,0.0
YEL038W,0.0
YNL172W,16.795238095238098
YBL031W,0.0
YDR200C,1.5
YJL175W,0.0
YFL010C,0.0
YNL164C,0.0
YJR105W,0.0
YLR241W,0.0
YOR120W,2.5238095238095237
YKL056C,0.0
YGR143W,2.0
YOR088W,0.0
YGL112C,128.1764874014874
YGL037C,4.888888888888889
YHL007C,15.352870813397129
YJR075W,8.0
YBR090C,0.0
YDR286C,0.0
YJL114W,0.0
YBR264C,16.0
YOR318C,0.0
YLR201C,0.0
YHR189W,0.0
YDL221W,0.0
YGL202W,0.0
YLR114C,0.0
YMR232W,0.0
YPR079W,0.0
YBR010W,16.004901960784316
YIR022W,0.0
YER092W,5.017948717948719
YML046W,470.8833333333333
YPL050C,0.0
YDL015C,0.0
YAL026C,0.0
YPR126C,0.0
YDR009W,2.011111111111111
YMR209C,0.0
YHR005C,5.0
YER119C,0.0
YHL045W,0.0
YOL106W,0.0
YBL020W,0.0
YBR122C,178.99999999999997
YBR099C,0.0
YBL075C,0.0
YPL120W,0.0
YDL235C,0.0
YHR082C,0.0
YNL144C,0.0
YNL233W,0.0
YAR064W,0.0
YIL128W,13.5
YOR314W,0.0
YDL060W,1034.0
YDL233W,0.0
YIL039W,0.0
YGL031C,19.066666666666666
YGR063C,76.31190476190477
YKL009W,354.65476190476187
YER162C,5.6000000000000005
YHR123W,0.0
YGL169W,0.0
YDR356W,5.570707070707071
YJL047C,0.0
YDL136W,19.066666666666666
YER012W,451.43809523809523
YOL028C,0.0
YNL328C,0.0
YDR165W,0.0
YCR021C,0.0
YJL146W,0.0
YOR384W,0.0
YCR106W,0.0
YOL109W,0.0
YDL148C,223.0553085803086
YGR014W,0.0
YDR460W,92.00000000000001
YIR021W,61.916666666666664
YCL055W,3.0
YGL181W,2.1142857142857143
YDL022W,0.0
YBR198C,124.25000000000001
YIL032C,0.0
YLL004W,52.565550239234454
YBR288C,1.25
YGL103W,19.066666666666666
YDL085W,0.0
YFL002WB,0.0
YGL229C,3.3333333333333335
YDR435C,0.0
YHR201C,0.0
YNL023C,4.0
YOR338W,0.0
YDR532C,0.0
YHR075C,28.666666666666668
YNL331C,2.5
YDR176W,2.6095238095238096
YDL093W,0.0
YPL093W,1187.9702380952378
YAL003W,9.100000000000001
YNR049C,0.0
YER078C,0.0
YBR180W,0.0
YER007C,0.0
YHR168W,0.0
YHR197W,875.5476190476192
YJR131W,0.0
YNL145W,0.0
YBL067C,0.0
YGR124W,0.0
YMR055C,24.2
YMR243C,0.0
YOR074C,2.013888888888889
YPL146C,0.0
YDL214C,0.0
YLL030C,0.0
YDR016C,7.285714285714286
YDL173W,0.0
YHR030C,14.4984126984127
YPR059C,0.0
YPL236C,0.0
YBR088C,10.041666666666666
YJL157C,25.74025974025974
YPL190C,0.0
YBL095W,0.0
YLR311C,0.0
YDL135C,0.0
YDR445C,0.0
YIL062C,19.0
YDL202W,50.16666666666667
YOR155C,0.0
YOL126C,4.571428571428571
YDR324C,901.2000000000002
YDR099W,1.4666666666666666
YGR209C,0.0
YPR107C,41.766666666666666
YDR373W,0.0
YOL104C,0.0
YDL191W,19.066666666666666
YAL062W,0.0
YER084W,0.0
YPL224C,0.0
YIL020C,0.0
YMR214W,0.0
YDR457W,0.0
YHL008C,0.0
YNR030W,0.0
YCR082W,10.5
YGL076C,19.066666666666666
YGR282C,0.0
YNL229C,0.0
YDR045C,16.75
YNL216W,0.0
YML089C,0.0
YOR194C,14.25
YLR016C,4.5
YDR092W,0.0
YNL159C,3.0
YER188W,0.0
YPL011C,129.25
YOR185C,8.166666666666666
YBL103C,0.0
YLR378C,0.0
YPR048W,0.0
YBR299W,0.0
YOR040W,0.0
YLR151C,0.0
YIL092W,0.0
YLR285W,0.0
YDL094C,0.0
YGR267C,0.0
YAR071W,0.0
YLR136C,0.0
YBR038W,0.0
YIR037W,0.0
YFL041W,0.0
YJL078C,0.0
YNL134C,0.0
YMR315W,0.0
YMR258C,0.0
YER093C,0.0
YDR091C,55.65674603174603
YBR211C,0.0
YNL289W,0.0
YOL064C,0.0
YDR415C,0.0
YDR322W,134.61111111111111
YLR389C,0.0
YBR237W,0.0
YMR250W,0.0
YGR003W,0.0
YLR218C,0.0
YKL006W,19.066666666666666
YOR079C,0.0
YJL041W,91.0
YMR231W,3.4913461538461537
YLR257W,0.0
YGR220C,189.33333333333331
YGR229C,0.0
YPL101W,0.0
YLR134W,2.7666666666666666
YDR380W,0.0
YLL042C,0.0
YML034W,0.0
YIL157C,0.0
YLL023C,0.0
YBR057C,2.1666666666666665
YGL127C,25.615476190476187
YAR031W,0.0
YMR132C,0.0
YCR045C,0.0
YKL042W,22.5
YLR174W,0.0
YOR146W,0.0
YNR013C,0.0
YMR303C,3.8
YIL035C,173.29484126984124
YJL082W,0.0
YJL084C,0.0
YHRS03C,0.0
YEL063C,0.0
YLL047W,0.0
YJL176C,23.365079365079364
YER020W,12.90952380952381
YBL047C,0.0
YDR110W,3.1666666666666665
YNL154C,0.0
YAL045C,0.0
YNL140C,0.0
YLR343W,0.0
YJL020C,2.0
YKL055C,0.0
YOR001W,21.508238983238982
YOL146W,0.0
YPR084W,0.0
YCR003W,59.083333333333336
YIR014W,0.0
YOL015W,0.0
YNR052C,65.45952380952382
YDR217C,2.4
YDL247W,0.0
YLR413W,0.0
YPR158WB,0.0
YJR135WA,2.033333333333333
YGR129W,2.017857142857143
YNR032W,2.225
YPL203W,2.4333333333333336
YOR112W,0.0
YFR004W,306.54832251082246
YDR049W,1.0
YFL017WA,0.0
YML032C,45.612987012987006
YHL048W,0.0
YBR012C,0.0
YOR158W,152.5
YJR094WA,19.066666666666666
YPL251W,0.0
YHR009C,0.0
YGL201C,43.87940305308726
YOL059W,0.0
YGR293C,0.0
YIR032C,0.0
YLL057C,0.0
YGL119W,0.0
YBR229C,0.0
YFR014C,0.0
YKL190W,3.7777777777777777
YIR024C,0.0
YNL152W,0.0
YGL028C,0.0
YKR024C,55.06428571428571
YIL057C,0.0
YNL045W,0.0
YDR250C,0.0
YGL132W,0.0
YOR347C,0.0
YGR071C,0.0
YNL255C,0.0
YMR017W,0.0
YDR321W,35.5
YJR003C,0.0
YMR063W,0.0
YBR082C,0.0
YLR072W,0.0
YLR042C,0.0
YBR191W,19.066666666666666
YNL223W,3.157142857142857
YDR154C,0.0
YHR198C,0.0
YJR109C,6.642857142857142
YDL218W,0.0
YLR095C,0.0
YHR166C,49.6
YER168C,0.0
YMR256C,8.533333333333333
YDR175C,74.00000000000001
YBR249C,0.0
YCR030C,6.625
YDL246C,9.899999999999999
YER045C,0.0
YOR340C,162.66666666666666
YGR283C,0.0
YDR050C,13.5
YOR136W,7.066666666666667
YGL050W,0.0
YOR096W,54.327777777777776
YLR058C,0.0
YJR027W,0.0
YML125C,0.0
YMR204C,0.0
YGR021W,0.0
YGR069W,0.0
YGL113W,0.0
YOR127W,7.195804195804195
YBL049W,51.0
YGR289C,0.0
YPR137W,848.016666666667
YBR056W,0.0
YLR287C,0.0
YDR040C,0.0
YKL043W,0.0
YCR092C,8.788721804511278
YKL012W,286.6353174603174
YMR309C,698.3523809523809
YPR073C,0.0
YMR024W,140.8611111111111
YPL133C,0.0
YOL021C,370.0437368187368
YNL041C,16.0
YJR051W,0.0
YJL011C,40.75
YBR279W,8.125
YPL198W,19.066666666666666
YDR301W,50.599999999999994
YDR456W,0.0
YKR006C,270.0
YDR260C,4.0
YER137C,0.0
YFL002WA,0.0
YGR080W,0.0
YOR150W,154.08333333333334
YOL103WB,0.0
YPL004C,0.0
YPL025C,0.0
YIL040W,0.0
YNL030W,111.86215794009911
YOR117W,432.8523809523809
YBL080C,0.0
YCR100C,0.0
YFR001W,636.2133283383282
YGL019W,95.39285714285714
YJL203W,598.1666666666666
YOR153W,0.0
YBR160W,14.35487012987013
YGL070C,147.12857142857143
YJL053W,4.257142857142857
YDL026W,0.0
YPR017C,8.333333333333334
YOR003W,0.0
YIL034C,0.5
YBR255W,0.0
YCR022C,0.0
YBR008C,0.0
YFL015C,0.0
YHR212C,0.0
YAL038W,0.0
YNR074C,0.0
YML012W,29.75
YPR110C,112.61666666666669
YJR087W,0.0
YBR103W,0.0
YFR024CA,0.0
YAR060C,0.0
YDL224C,0.0
YKL058W,16.5
YHR148W,491.3666666666667
YBR060C,125.34415584415584
YKR070W,0.0
YER140W,0.0
YOR378W,0.0
YIR010W,0.0
YBR296C,0.0
YLR006C,0.0
YHR186C,0.0
YDR283C,2.2403846153846154
YFL002C,666.4674603174601
YDR421W,0.0
YER099C,3.0
YDR211W,23.641955266955268
YMR146C,76.78336940836941
YMR234W,0.0
YMR058W,0.0
YOR221C,0.0
YCR099C,0.0
YBR068C,0.0
YLL051C,0.0
YOR007C,0.0
YBL109W,0.0
YNL011C,0.0
YKR005C,0.0
YHR137W,0.0
YLR385C,0.0
YOL136C,0.0
YNL226W,0.0
YGL139W,0.0
YIL049W,0.0
YMR118C,0.0
YBR267W,1014.35
YDL012C,0.0
YER087CA,0.0
YMR215W,0.0
YJL036W,0.0
YMR205C,10.892857142857142
YPR121W,0.0
YHR034C,0.0
YCL023C,0.0
YIL042C,0.0
YPR099C,0.0
YBL022C,0.0
YGR030C,10.123232323232322
YOR204W,0.0
YGR206W,0.0
YER043C,0.0
YLR457C,0.0
YLR284C,7.666666666666666
YKR077W,74.0
YLR109W,1.6
YOL156W,0.0
YKL038W,0.0
YPL217C,630.2335914085915
YGL259W,0.0
YIR012W,0.0
YGR177C,0.0
YGR077C,0.0
YEL046C,17.0
YBR149W,0.0
YLR283W,0.0
YMR290C,947.4704545454549
YGR183C,15.514285714285714
YGR211W,0.0
YPL056C,0.0
YNL260C,2.0
YOR171C,0.0
YMR057C,0.0
YNL009W,0.0
YJL088W,0.0
YBR223C,4.4
YBR266C,0.0
YJR121W,47.97857142857143
YFL034W,0.0
YLR394W,6.3999999999999995
YOR270C,68.79361471861472
YER178W,12.277777777777779
YLR027C,17.53333333333333
YDL168W,0.0
YLR443W,0.0
YOL111C,0.0
YGR278W,8.961904761904762
YGL123W,54.327777777777776
YIL134W,0.0
YNL208W,0.0
YOR068C,0.0
YPL283C,0.0
YOR065W,29.333333333333332
YPL150W,2.0
YJL067W,0.0
YDR512C,0.0
YBL089W,0.0
YAL015C,0.0
YFL023W,0.0
YDR371W,0.0
YJL124C,23.821428571428573
YER165W,14.581959706959706
YMR128W,124.44286546786547
YBL107C,0.0
YNL112W,2.225
YJL134W,0.0
YPL009C,0.0
YKL222C,0.0
YOR289W,0.0
YKL193C,3.5833333333333335
YPR065W,0.0
YOR144C,26.85714285714286
YJL131C,0.0
YOR032C,0.0
YGR284C,0.0
YLR420W,0.0
YNL327W,0.0
YBR208C,0.0
YML018C,0.0
YCR016W,0.0
YLR001C,0.0
YMR197C,24.25
YBR009C,13.683473389355742
YGL036W,0.0
YDR184C,0.0
YGR034W,19.066666666666666
YJR020W,0.0
YIL074C,0.0
YPL156C,0.0
YNL217W,0.0
YOR363C,0.0
YDR326C,0.0
YKL099C,75.62301587301586
YER058W,0.0
YLR099C,0.0
YLR181C,0.0
YDR212W,7.0
YDR299W,712.0000000000001
YKR014C,13.821428571428571
YPR165W,5.23076923076923
YDL076C,0.0
YNL326C,0.0
YDR233C,0.0
YMR278W,0.0
YNL070W,22.9
YBR146W,100.5
YNL091W,0.0
YNL204C,0.0
YNL166C,22.6
YHR033W,0.0
YEL016C,0.0
YPR119W,0.0
YLR243W,0.0
YLR207W,2.2976190476190474
YAL066W,0.0
YMR314W,441.7
YBR157C,0.0
YDR203W,0.0
YJR102C,5.3
YDL164C,5.166666666666667
YLR334C,0.0
YNL279W,0.0
YMR025W,2.3956043956043955
YBR045C,3.95
YOR329C,0.0
YJR025C,0.0
YMR014W,0.0
YDR152W,0.0
YNL219C,0.0
YOR352W,0.0
YPR188C,0.0
YNR027W,0.0
YDL005C,10.125
YGR228W,0.0
YJL117W,4.416666666666667
YKL068W,60.02857142857143
YEL019C,0.0
YLR221C,47.5
YBR197C,0.0
YDR171W,0.0
YBR014C,0.0
YJR042W,39.92857142857143
YDR228C,33.39404761904761
YDL041W,0.0
YOL036W,0.0
YLL011W,356.1141636141636
YNL069C,19.066666666666666
YGL207W,12.648309178743961
YBL102W,0.0
YBR102C,7.166666666666666
YOR269W,0.0
YBR260C,0.75
YDL178W,0.0
YDR103W,8.721428571428572
YNL151C,108.91666666666666
YCR073C,0.0
YOR134W,0.0
YIR026C,0.0
YNR010W,14.375
YMR180C,0.0
YBL097W,0.0
YHR025W,9.5
YOR354C,0.0
YHL022C,0.0
YLL015W,0.0
YJL160C,0.0
YMR200W,0.0
YNL051W,0.0
YNR011C,11.0
YOL128C,1.2
YKL095W,2.321428571428571
YIL109C,9.813492063492063
YPL038W,0.0
YBR112C,1.1818181818181819
YDR095C,0.0
YCR050C,0.0
YGL151W,10.1
YGR046W,0.0
YPL060W,0.0
YIL028W,0.0
YNR025C,0.0
YOR333C,0.0
YLR012C,0.0
YLR313C,0.0
YMR002W,0.0
YOL093W,0.0
YMR219W,0.0
YEL047C,0.0
YDR431W,0.0
YLR398C,0.0
YJR015W,0.0
YNR018W,0.0
YDR298C,78.66666666666667
YLR204W,0.0
YKL101W,2.2222222222222223
YHR004C,0.0
YKL024C,0.0
YKL152C,9.9
YKL183W,0.0
YIL158W,0.0
YML070W,0.0
YOR282W,0.0
YLR157CA,0.0
YDR077W,0.0
YHR022C,0.0
YER120W,0.0
YDR305C,0.0
YDR322CA,43.47380952380952
YNL330C,10.951948051948051
YJR083C,0.0
YFL012W,2.0238095238095237
YNR075W,0.0
YKR050W,0.0
YNR005C,0.0
YBR247C,140.16939726939728
YMR207C,0.0
YOL095C,0.0
YIR027C,0.0
YOL075C,0.0
YBR028C,0.0
YBR212W,0.0
YGL122C,13.343531468531468
YER152C,0.0
YBL019W,0.0
YDR523C,0.0
YER079W,0.0
YMR125W,135.19444444444443
YDR202C,50.33333333333333
YGL026C,22.0
YKR068C,4.733333333333333
YJL178C,0.0
YER052C,0.0
YOL045W,0.0
YGL098W,0.0
YLR220W,0.0
YNL147W,4.904761904761905
YLR014C,3.75
YBR161W,0.0
YCR028CA,2.056140350877193
YLR264W,269.00000000000006
YGL245W,2.5
YER001W,0.0
YLR314C,22.52027972027972
YHR063C,0.0
YHR136C,0.0
YLR056W,2.0
YDR078C,2.5
YER132C,0.0
YGR050C,0.0
YJL109C,1351.525246975247
YGR141W,0.0
YDR261WB,0.0
YMR267W,0.0
YLL026W,0.0
YBR272C,0.0
YLR143W,0.0
YNR054C,444.84285714285716
YIL125W,8.6
YPL215W,2.1666666666666665
YMR001C,2.083333333333333
YGL055W,0.0
YDL121C,0.0
YOR219C,0.0
YHR070W,0.0
YKR021W,0.0
YPR122W,0.0
YJR063W,49.914682539682524
YPL012W,1327.6306748806749
YER019CA,0.0
YOR082C,0.0
YDR343C,0.0
YDL172C,0.0
YNR006W,0.0
YPR008W,0.0
YOR325W,0.0
YKL033W,0.0
YPL259C,10.666666666666666
YOR056C,345.95977633477634
YCL025C,0.0
YOR014W,0.0
YDR323C,0.0
YBR145W,0.0
YIL133C,19.066666666666666
YHR165C,324.3527777777778
YBR126C,11.733333333333334
YDR245W,6.116666666666666
YNL162W,19.066666666666666
YGL027C,0.0
YLR399C,0.0
YDR332W,0.0
YGR259C,0.0
YJL094C,0.0
YER041W,0.0
YCL065W,0.0
YLR007W,0.0
YDR084C,2.0
YHR052W,1177.095238095238
YML114C,66.0
YPL049C,21.398809523809522
YOL102C,2.0
YPL102C,0.0
YOR208W,0.0
YOR266W,0.0
YER013W,45.666666666666664
YLR383W,0.0
YHR183W,5.2
YCL014W,2.0075757575757573
YMR075CA,0.0
YDR173C,3.7857142857142856
YDR022C,4.6
YDR425W,10.5
YBR215W,0.0
YJR052W,5.5
YML024W,54.327777777777776
YPR018W,13.799999999999999
YDL052C,0.0
YAR047C,0.0
YDR042C,0.0
YLR215C,0.0
YLR210W,12.833333333333334
YBR144C,0.0
YOR380W,6.571428571428571
YML079W,0.0
YBR123C,5.623809523809523
YKR002W,29.117857142857144
YGR244C,0.0
YEL054C,19.066666666666666
YGL184C,0.0
YPL063W,0.7142857142857143
YLR433C,0.0
YEL013W,0.0
YLR011W,0.0
YGR083C,64.33333333333333
YPL180W,0.0
YLR426W,0.0
YNL333W,14.299999999999999
YPL280W,0.0
YCL022C,0.0
YLR088W,0.0
YLR337C,24.72222222222222
YBL081W,2.0
YLL022C,0.0
YPL088W,0.0
YPL074W,0.0
YCL027W,8.166666666666666
YGR086C,0.0
YPR054W,0.0
YAR002CA,0.0
YBL023C,47.531026429710636
YDL204W,0.0
YHR102W,0.0
YCR047C,0.0
YJL173C,11.399999999999999
YCL008C,1.6
YGR120C,41.900000000000006
YOR249C,33.33333333333333
YGL079W,0.0
YLR176C,0.0
YPL145C,0.0
YBR280C,0.0
YER169W,0.0
YFL022C,0.0
YLR438CA,75.16426482873852
YKL146W,0.0
YBR194W,0.0
YFL055W,0.0
YPR096C,0.0
YKR074W,0.0
YPR014C,0.0
YNR033W,0.0
YER087W,0.0
YDR419W,0.0
YDR370C,0.0
YPL249CA,19.066666666666666
YGR017W,0.0
YMR109W,36.82431457431458
YPL105C,2.0090909090909093
YGL237C,10.0
YNR044W,0.0
YGL024W,0.0
YOL001W,0.0
YIL147C,0.0
YER102W,62.18383838383838
YDL065C,4.8
YPR157W,0.0
YIL131C,0.4
YPL097W,0.0
YJL033W,616.4964285714287
YJR009C,0.0
YCL017C,0.0
YNL180C,0.0
YDL059C,0.75
YBL105C,5.712121212121212
YPL048W,0.8999999999999999
YIR015W,7.870707070707071
YCL050C,0.0
YMR041C,0.0
YER107C,4.857142857142858
YFR013W,0.0
YKL143W,165.36556776556773
YGL074C,0.0
YOR059C,0.0
YLR451W,0.0
YNR009W,0.0
YER133W,21.281349206349205
YJL142C,0.0
YKL061W,7.0
YFL031W,6.0
YGR221C,0.0
YHR058C,13.6
YNL141W,0.0
YHR001WA,15.514285714285714
YGR099W,0.0
YIL004C,34.24801587301587
YJL154C,4.285714285714286
YPR032W,0.0
YEL023C,0.0
YAR033W,0.0
YNL105W,0.0
YIL076W,39.20039682539682
YOR377W,0.0
YOR307C,0.0
YOR275C,8.4
YML027W,0.0
YBL093C,10.142857142857142
YHR031C,0.0
YDR432W,17.625
YMR285C,0.0
YHR107C,45.91073926073926
YDL171C,0.0
YMR051C,0.0
YBR049C,28.549999999999997
YKL145W,327.43209972394754
YFL020C,0.0
YDL020C,351.7666666666667
YHR003C,0.0
YHR208W,0.0
YIL014W,0.0
YLR255C,0.0
YJR021C,7.333333333333333
YLL001W,0.0
YDR361C,2.0
YOR368W,3.0
YCR027C,0.0
YIL010W,0.0
YGR161CC,0.0
YNL320W,0.0
YHL021C,0.0
YNL323W,0.0
YMR079W,0.0
YJL096W,50.16666666666667
YOR257W,0.0
YJR070C,3.5
YPR050C,0.0
YDL138W,0.0
YDR347W,57.333333333333336
YKL102C,0.0
YPL220W,19.066666666666666
YIL145C,0.0
YMR018W,0.0
YNR023W,9.11111111111111
YNL212W,0.0
YOR209C,0.0
YMR091C,0.0
YMR280C,4.571428571428571
YNL321W,0.0
YFL024C,0.0
YNL068C,0.0
YPL177C,0.0
YDR043C,0.0
YLR340W,165.73333333333335
YMR129W,6.571428571428571
YLR381W,0.0
YDL007W,325.1608709273183
YDR530C,0.0
YBR021W,0.0
YIL137C,0.0
YCL049C,0.0
YOR060C,0.0
YIL054W,0.0
YPR120C,76.0
YBR277C,0.0
YPL067C,0.0
YOL101C,0.0
YLR329W,0.0
YLR262C,9.818181818181818
YER160C,0.0
YGR242W,0.0
YPR033C,0.0
YNL003C,0.0
YMR179W,0.0
YCL076W,0.0
YBR025C,13.666666666666668
YCL033C,0.0
YML108W,0.0
YJL001W,446.2666666666667
YNL020C,0.0
YGR140W,2.5955882352941178
YNL202W,0.0
YLR362W,22.573717948717952
YDR073W,17.22222222222222
YPL155C,2.5
YDR386W,2.6944444444444446
YJL068C,4.5
YGR167W,0.0
YGR213C,0.0
YLR390WA,0.0
YLR366W,0.0
YOL139C,144.82500000000005
YGR187C,0.0
YHR172W,5.313131313131313
YNL132W,953.3265900765903
YGL013C,0.0
YBL001C,2.0090909090909093
YDR279W,0.0
YDR287W,0.0
YDR275W,0.0
YER025W,48.88744588744588
YLR448W,19.066666666666666
YNL128W,1.5
YBR261C,0.0
YJL089W,14.75
YFR026C,0.0
YNL173C,0.0
YDR002W,5.0
YMR189W,0.0
YMR139W,6.666666666666667
YGL121C,34.0
YIL148W,19.066666666666666
YGL168W,0.0
YGR188C,0.0
YKL069W,0.0
YNR022C,0.0
YEL002C,4.583333333333334
YOR393W,0.0
YMR119W,0.0
YEL020WA,2.0
YDR468C,14.25
YOR037W,0.0
YMR141C,0.0
YNL058C,0.0
YMR008C,0.0
YKL175W,0.0
YGR116W,0.0
YHL001W,19.066666666666666
YJR024C,5.2
YJL153C,0.0
YCL007C,0.0
YPR025C,27.351715686274506
YLR172C,0.0
YER090W,4.0
YML101C,0.0
YNL246W,0.0
YGL191W,8.533333333333333
YLL019C,0.0
YHR043C,0.0
YBL094C,0.0
YJL008C,10.0
YGL165C,0.0
YPL255W,43.5
YOR141C,0.0
YMR054W,69.2904761904762
YLR273C,0.0
YMR284W,0.0
YLR097C,0.0
YLR397C,0.0
YBR106W,0.0
YLR277C,103.39285714285714
YPR154W,0.0
YMR075W,0.0
YLR384C,17.857142857142858
YPR080W,5.3
YPL118W,17.25
YNL012W,0.0
YGL051W,0.0
YBR101C,0.0
YER056CA,19.066666666666666
YNL037C,4.354761904761904
YHR085W,835.6476190476192
YNL099C,18.0
YJL158C,0.0
YMR151W,0.0
YKR022C,0.0
YBR083W,0.0
YML013W,0.0
YJL166W,20.666666666666668
YPL151C,93.5
YDR455C,0.0
YGR009C,7.166666666666667
YOL088C,0.0
YJR112W,10.351587301587301
YMR068W,3.5
YPL200W,0.0
YKL093W,0.0
YNL271C,13.307017543859649
YOL077C,1900.5904761904753
YML100W,2.4
YBR242W,0.0
YFL061W,0.0
YLL009C,0.0
YMR242C,19.066666666666666
YFR049W,19.916666666666668
YGR064W,0.0
YGR076C,249.0
YOR210W,123.8277777777778
YOR349W,0.0
YJL065C,0.0
YJR008W,0.0
YLR377C,12.333333333333332
YJL064W,0.0
YNL031C,4.357142857142858
YDR507C,21.616694090223504
YJL071W,0.0
YDL103C,0.0
YHL031C,2.0
YNL007C,0.0
YML059C,0.0
YDR529C,20.666666666666668
YCL039W,6.666666666666667
YPL214C,8.5
YLR462W,0.0
YOR121C,0.0
YGL044C,29.115476190476194
YDL186W,0.0
YHL024W,2.0
YDR308C,105.22619047619048
YOL013C,0.5833333333333334
YKL016C,78.66666666666667
YER157W,27.465873015873015
YJR044C,0.0
YOL154W,0.0
YNL206C,0.0
YAL049C,0.0
YLR248W,0.0
YKL001C,0.0
YER059W,38.5
YOL063C,0.0
YMR150C,0.0
YNL109W,0.0
YCR054C,0.0
YOR293W,54.327777777777776
YPR135W,0.0
YGR091W,808.0
YOR215C,0.0
YBR187W,0.0
YDL099W,4.0
YNR068C,0.0
YDL159W,2.1142857142857143
YIL068C,5.583333333333334
YAL025C,2.6944444444444446
YLR459W,0.0
YFR032CA,19.066666666666666
YBR091C,6.4
YER144C,0.0
YCR008W,1.8181818181818181
YLR372W,0.0
YKL039W,0.0
YFR044C,0.0
YPR001W,0.0
YKL098W,0.0
YMR202W,0.0
YIL033C,2.658333333333333
YNL107W,0.0
YGR241C,0.0
YGL175C,3.666666666666667
YLR249W,235.43333333333334
YDR019C,0.0
YGR181W,0.8333333333333334
YAR066W,0.0
YIL027C,0.0
YMR005W,2.0
YOR299W,0.0
YHR152W,28.5
YDR142C,16.416666666666664
YDR205W,0.0
YPL073C,0.0
YGL198W,65.944880481837
YIL044C,0.0
YFR009W,0.0
YHR036W,0.0
YLR430W,0.0
YDL212W,0.0
YIL163C,0.0
YPL241C,0.0
YGL253W,0.0
YNL088W,10.207142857142859
YHR193C,0.0
YAR020C,0.0
YOR290C,17.22222222222222
YER026C,0.0
YGL222C,0.0
YKR023W,0.0
YER089C,0.0
YGR133W,0.0
YDL160C,38.76785714285714
YCR041W,0.0
YOR114W,0.0
YAL029C,4.330029619503304
YLR288C,90.66666666666667
YDR012W,19.066666666666666
YNL286W,0.0
YNL199C,2.5
YML085C,7.8
YNL157W,0.0
YKL104C,40.666666666666664
YGL161C,98.0
YLR124W,0.0
YGL004C,0.0
YPL106C,0.625
YLR327C,0.0
YOR190W,0.0
YLR294C,0.0
YHR120W,0.0
YLR126C,0.0
SSR1,0.0
YBR023C,0.0
YFR036W,16.795238095238098
YBL018C,7.870707070707071
YHR013C,2.75
YDR498C,2.6944444444444446
YIL138C,5.428571428571429
YJL133W,81.16666666666667
YDR218C,11.80952380952381
YJL044C,3.0
YOL140W,0.0
YLR328W,24.5
YGR156W,0.0
YIL078W,0.0
YBR027C,2.2666666666666666
YOL081W,0.0
YDL066W,0.0
YJL187C,1.4545454545454546
YNL201C,0.0
YDR438W,0.0
YPL126W,929.9666666666672
YNL146W,0.0
YFL042C,0.0
YER066W,0.0
YJR072C,0.0
YOR319W,359.91666666666663
YNL081C,0.0
YOR239W,0.0
YPR133WA,19.938095238095237
YDR379W,0.0
YDR531W,0.0
YER106W,0.0
YCL016C,0.0
YPL204W,2.1142857142857143
YDR487C,0.0
YIR034C,0.0
YNL095C,0.0
YGR189C,0.0
YPR143W,0.0
YNL196C,0.0
YDR412W,90.0
YLR163C,0.0
YLL054C,0.0
YLR066W,0.0
YBR251W,87.66666666666667
YPL138C,18.93073593073593
YBR286W,0.0
YLR070C,0.0
YHR088W,995.6833333333333
YCL062W,0.0
YKL074C,2.05
YNL243W,35.273656898656895
YMR140W,0.0
YBR230C,0.0
YOR236W,0.0
YAR027W,0.0
YBL041W,473.0000000000001
YGR160W,0.0
YPR105C,11.88034188034188
YOR090C,0.0
YER067W,0.0
YFL033C,0.0
YGL155W,0.0
YPR083W,3.333333333333333
YOR028C,0.0
YKR095W,0.0
YOR276W,13.166666666666668
YNR059W,0.0
YNL142W,0.0
YPR086W,28.444444444444446
YPL249C,0.0
YKL214C,0.0
YNL207W,129.5
YLR116W,0.0
YGR218W,36.41048118548119
YCL029C,3.5166666666666666
YOR382W,0.0
YNR028W,0.0
YER008C,5.459967320261438
YDR006C,0.0
YHR187W,0.0
YGR097W,6.8
YCL051W,0.0
YML016C,2.0
YDR138W,0.0
YOR157C,407.83333333333337
YER082C,306.0030497280497
YPL265W,0.0
YNL082W,14.947573479152426
YDL232W,4.583333333333334
YDR115W,153.99999999999997
YBR190W,0.0
YGL008C,0.0
YDR031W,0.0
YLL041C,3.7857142857142856
YNL250W,3.9333333333333336
YMR187C,0.0
YER101C,0.0
YOR145C,791.5999999999999
YHR083W,0.0
YFR003C,1.25
YHR174W,7.45
YDR462W,138.52777777777777
YDR132C,0.0
YGR107W,0.0
YFL018C,11.16984126984127
YGR257C,0.0
YGL240W,16.795238095238098
YKL103C,17.952380952380953
YDR135C,0.0
YLR442C,13.178221288515406
YDR452W,0.0
YOR097C,0.0
YKL045W,24.904761904761905
YJL212C,0.0
YER156C,0.0
YDR085C,0.0
YFR024C,2.3555555555555556
YDR300C,2.321428571428571
YNL076W,0.0
YJL004C,0.0
YEL027W,61.35194805194806
YOR364W,0.0
YLR365W,0.0
YJL035C,0.0
YIL079C,0.0
YDL236W,0.0
YFL010WA,0.0
YCL031C,551.65
YDL053C,0.0
YDR454C,0.0
YPR175W,45.9862326270221
YLR147C,376.6023809523809
YHR171W,11.789393939393939
YOR189W,0.0
YGL256W,0.0
YBR252W,0.0
YDR353W,0.0
YOR360C,0.0
YOR261C,741.1666666666667
YGR237C,0.0
YPL010W,54.75
YLR121C,0.0
YML095CA,0.0
YHR081W,16.4982683982684
YDL219W,0.0
YGL016W,11.25
YGR155W,16.166666666666664
YLR242C,0.0
YOL044W,0.0
YKR106W,0.0
YPL007C,7.8
YDR074W,2.033333333333333
YGL162W,0.0
YGR128C,453.34915639915636
YMR322C,2.9
YLR186W,609.5309385059387
YBR302C,0.0
YOR089C,2.9
YDR417C,0.0
YDR441C,0.0
YER077C,0.0
YKL178C,0.0
YOR106W,16.433333333333334
YER167W,0.0
YDR319C,0.0
YML048W,0.0
YPL040C,0.0
YNL025C,59.89285714285714
YDL051W,348.49999999999994
YLR078C,56.79761904761904
YLR146C,0.0
YIL052C,19.066666666666666
YLR348C,0.0
YLR096W,0.0
YCR098C,0.0
YOR178C,10.85952380952381
YNL282W,11.444444444444445
YMR066W,0.0
YER096W,0.0
YKL191W,0.0
YML065W,125.55584415584414
YDR504C,0.0
YIR006C,0.0
YOL006C,7.146052631578948
YBR176W,43.333333333333336
YDR328C,41.06319073083779
YLR189C,0.0
YGL090W,13.0
YMR102C,0.0
YLR104W,0.0
YLR266C,0.0
YMR059W,6.666666666666667
YBR283C,0.0
YPR056W,48.91428571428572
YDR313C,3.0
YBL088C,0.0
YER027C,8.149999999999999
YHR128W,0.0
YDR032C,12.5
YMR273C,24.872294372294373
YLR235C,0.0
YDL147W,557.0
YEL012W,0.0
YPL068C,0.0
YOR151C,211.66923011628893
YDL016C,0.0
YDR134C,0.0
YDR392W,16.538239203177284
YGL163C,21.101190476190474
YBR179C,0.0
YKL006CA,0.0
YLR412W,0.0
YGR172C,47.95
YBL059W,0.0
YMR039C,0.0
YOR247W,0.0
YLR304C,0.0
YGL179C,6.0
YNL284C,178.0
YNL113W,101.53571428571429
YLL060C,0.0
YAR035W,0.0
YHR062C,10.588888888888889
YDR327W,0.0
YHR010W,19.066666666666666
YJL174W,0.0
YER057C,0.0
YER150W,0.0
YOR075W,4.5
YGR223C,0.0
YNL276C,0.0
YLR390W,0.0
YDR143C,0.0
YFR043C,0.0
YHR140W,0.0
YIL045W,2.321428571428571
YPR074C,0.0
YDL081C,181.76666666666654
YOL085C,0.0
YHR072WA,4.416666666666667
YDL045C,0.0
YPR040W,7.5
YNL171C,0.0
YLR353W,1.6666666666666667
YLR098C,0.0
YMR198W,6.666666666666666
YLL006W,0.0
YGR049W,0.0
YDR348C,0.0
YML055W,0.0
YPR078C,0.0
YMR168C,0.0
YAL044C,0.0
YDR069C,282.17619047619047
YHR215W,0.0
YDR536W,0.0
YDR520C,0.0
YKR031C,0.0
YLR037C,0.0
YLR436C,0.0
YPL111W,8.166666666666668
YPR106W,0.0
YBR119W,358.25
YML001W,9.28968253968254
YGR005C,201.0
YKR034W,15.333333333333334
YPR020W,57.550000000000004
YGR035C,2.033333333333333
YPL179W,0.0
YLR345W,3.5
YHR067W,0.0
YIL153W,0.0
YPL098C,1.25
YDL189W,0.0
YNL021W,7.089285714285714
YOR104W,0.0
YPR193C,5.0
YDR123C,0.0
YDR249C,0.0
YNL055C,0.0
YER035W,0.0
YER121W,0.0
YDL001W,0.0
YDL030W,342.4611111111111
YGL187C,9.6
YGR098C,0.0
YOR174W,23.233333333333334
YKL171W,0.0
YMR127C,16.40833333333333
YMR087W,0.0
YPR114W,0.0
YDR509W,0.0
YLL043W,0.0
YNL125C,0.0
YPL061W,0.0
YGR239C,3.25
YPR168W,10.166666666666666
YFL001W,0.0
YGL200C,19.05
YDR428C,0.0
YNL277W,0.0
YOR335C,4.05
YER061C,0.0
YPR194C,0.0
YPL227C,0.0
YER116C,0.0
YOR301W,0.0
YIL108W,0.0
YML081CA,43.47380952380952
YGR215W,65.0
YIL084C,15.495454545454544
YDL035C,0.0
YLR411W,0.0
YHR061C,64.05357142857144
YFL028C,47.50595238095238
YIL129C,0.0
YDL072C,0.0
YJL002C,9.416666666666666
YOR244W,0.0
YDR041W,39.333333333333336
YLR208W,5.083333333333333
YER048C,0.0
YHR028C,0.0
YDR304C,0.0
YER186C,0.0
YLR202C,0.0
YJL168C,0.0
YBR019C,0.0
YBR074W,0.0
YDL024C,0.0
YPL256C,73.34761904761905
YNL257C,0.0
YJR134C,10.0
YGL233W,5.583333333333334
YPL269W,0.0
YML006C,0.0
YPR077C,0.0
YIR040C,0.0
YMR238W,3.5
YLR173W,0.0
YMR158W,64.83333333333333
YPL096W,0.0
YEL006W,0.0
YJR010W,2.5
YHR065C,0.0
YPR015C,0.0
YIL097W,0.0
YPR155C,0.0
YKL195W,0.0
YER054C,31.0
YOL043C,0.0
YER003C,0.0
YGL177W,0.0
YFL038C,32.09314863245069
YLR368W,5.0
YER136W,0.0
YOR298CA,0.0
YHR194W,0.0
YNL116W,4.7272727272727275
YIL149C,0.0
YNL161W,0.9333333333333333
YNL126W,4.666666666666667
YKR028W,0.0
YLR080W,0.0
YLR251W,0.0
YHR080C,0.0
YLR230W,0.0
YBR171W,7.033333333333333
YDR178W,0.0
YML103C,2.017857142857143
YMR061W,63.89642857142858
YDL064W,5.843137254901961
YMR043W,7.333333333333334
YDL063C,0.0
YMR033W,38.35947712418301
YML053C,0.0
YIL095W,0.0
YBR282W,249.0
YJR101W,43.5
YOL031C,0.0
YPL257WA,0.0
YER126C,1328.3333333333333
YHR114W,19.7
YJR038C,0.0
YPL242C,3.482456140350877
YPR100W,112.76666666666667
YBR017C,4.303571428571429
YAL013W,0.0
YDR335W,27.817485292485294
YHL042W,0.0
YMR143W,54.327777777777776
YPL211W,659.0380952380951
YAL030W,0.0
YDR318W,10.2
YOR371C,12.1
YBR052C,0.0
YBR137W,63.0
YDL150W,47.35912698412699
YMR023C,35.898809523809526
YBR085W,0.0
YAL004W,0.0
YGL011C,496.46666666666664
YLR339C,0.0
YBR156C,3.0
YKL149C,0.0
YBL100C,0.0
YDL140C,234.86432276873452
YGR134W,0.0
YDR030C,12.0
YOR201C,0.0
YNL165W,0.0
YDL061C,230.0
YEL056W,1.0
YHR133C,0.0
YDR101C,1337.3666666666666
YLR441C,244.0
YPR011C,0.0
YKL196C,24.73762626262626
YOR057W,6.266666666666667
YML026C,54.327777777777776
YOL042W,0.0
YHR045W,0.0
YPL045W,3.4913461538461537
YNL288W,0.0
YGL043W,0.0
YDR256C,2.142857142857143
YMR277W,0.0
YIL060W,0.0
YDR206W,0.0
YLL059C,0.0
YLR465C,0.0
YOL054W,0.0
YMR225C,75.75
YGR235C,0.0
YBR073W,0.0
YDR389W,0.0
YHR069C,54.585281385281384
YLR180W,8.873809523809523
YPL175W,0.0
YML061C,0.0
YDL011C,0.0
YML106W,0.0
YJL199C,4.533333333333333
YIR018W,0.0
YGR285C,0.0
YML068W,0.0
YKL180W,19.066666666666666
YLR100W,0.0
YER109C,0.0
YIL130W,0.0
YHL011C,3.0
YPR203W,0.0
YOR160W,1.1428571428571428
YOR143C,0.0
YLR079W,10.399999999999999
YBR155W,6.800000000000001
YBL016W,7.692857142857142
YLR102C,43.0
YLR064W,0.0
YLR185W,19.066666666666666
YIL029C,0.0
YNL312W,2.056140350877193
YGL075C,0.0
YOR100C,0.0
YNL175C,0.0
YCL035C,0.0
YOR234C,19.066666666666666
YIL141W,0.0
YGR059W,0.0
YIL121W,0.0
YPL158C,0.0
YNL056W,0.0
YBR035C,0.0
YJR017C,1.6363636363636365
YFR032C,0.0
YDL149W,0.0
YLL018C,2.033333333333333
YMR165C,0.0
YER086W,23.75
YBR278W,85.22857142857144
YLR223C,0.0
YDR533C,0.0
YMR090W,0.0
YLR274W,66.50396445659604
YCR059C,0.0
YOL087C,0.0
YDL220C,10.333333333333332
YDR317W,0.0
YPL271W,61.5
YDL083C,54.327777777777776
YPL219W,0.0
YPL157W,0.0
YML102W,4.783333333333333
YER113C,0.0
YNL224C,0.0
YPL085W,7.75
YOR224C,215.57142857142858
YNL262W,75.93078211348335
YHR091C,0.0
YAR018C,2.0
YGL068W,2.1666666666666665
YIL013C,0.0
YPL154C,0.0
YBR238C,0.0
YOR284W,4.533333333333333
YLR351C,0.0
YPL003W,2.0
YOR323C,0.0
YMR137C,0.0
YGR078C,0.0
YPR041W,59.79606782106782
YCR086W,6.428571428571429
YFL008W,20.05277777777778
YMR293C,0.0
YLL013C,0.0
YJL045W,0.0
YOR297C,2.875
YMR160W,0.0
YGR085C,225.41666666666666
YML063W,54.327777777777776
YLR075W,19.066666666666666
YGR123C,0.0
YOR011W,0.0
YOR115C,7.033333333333333
YNL104C,0.0
YNL190W,0.0
YLR425W,0.0
YOR027W,9.857142857142858
YKR053C,0.0
YHR111W,3.5714285714285716
YBR129C,0.0
YGR115C,0.0
YOR159C,400.36825396825395
YNR051C,0.0
YDR160W,0.0
YPL187W,0.0
YGL217C,0.0
YDR273W,0.0
YPL161C,73.0
YBR024W,0.0
YIL160C,3.333333333333333
YER170W,0.0
YDR329C,0.0
YBL037W,0.8
YHR122W,0.0
YJL102W,0.0
YPR069C,0.0
YDR447C,54.327777777777776
YOR346W,0.0
YOR298W,0.0
YNR069C,0.0
YGL129C,41.33333333333334
YOR036W,24.916666666666664
YLR254C,0.0
YOR184W,0.0
YDR207C,2.1022727272727275
YKR057W,54.327777777777776
YDR158W,2.2666666666666666
YOL014W,0.0
YDR382W,209.7666666666664
YBR168W,0.0
YJL211C,0.0
YHR106W,0.0
YDR253C,0.0
YOR156C,5.843137254901961
YDR345C,0.0
YJR143C,0.0
YJL136C,54.327777777777776
YHR167W,0.0
YER147C,0.0
YNL307C,0.0
