YLR340W,78.62456488
YLR061W,77.88653417
YBR084CA,77.88653417
YNL067W,77.88653417
YLR029C,77.88653417
YMR121C,77.88653417
YMR194W,77.88653417
YML073C,77.88653417
YIL018W,77.88653417
YHR141C,77.88653417
YDL184C,77.88653417
YKR094C,77.88653417
YLL045C,77.88653417
YOL120C,77.88653417
YDL082W,77.88653417
YPL079W,77.88653417
YPL143W,77.88653417
YBR031W,77.88653417
YJL177W,77.88653417
YFL034CA,77.88653417
YOR312C,77.88653417
YPR043W,77.88653417
YDL133CA,77.88653417
YDR471W,77.88653417
YGL031C,77.88653417
YDL136W,77.88653417
YGL103W,77.88653417
YDL191W,77.88653417
YGL076C,77.88653417
YKL006W,77.88653417
YJR094WA,77.88653417
YBR191W,77.88653417
YPL198W,77.88653417
YNL069C,77.88653417
YIL133C,77.88653417
YNL162W,77.88653417
YPL220W,77.88653417
YIL148W,77.88653417
YER056CA,77.88653417
YFR032CA,77.88653417
YHR010W,77.88653417
YOR234C,77.88653417
YER117W,77.85524914
YHL033C,77.44567292
YDR500C,77.44567292
YLR406C,77.42342065
YDR418W,77.42342065
YFR031CA,77.42197822
YDR012W,77.42145436
YGR148C,77.41751696
YJL189W,77.39887985
YGL147C,77.39887985
YMR142C,77.39887985
YOL039W,77.39887985
YBL027W,77.39887985
YLR344W,77.39887985
YGR034W,77.39887985
YLR448W,77.39887985
YHL001W,77.39887985
YMR242C,77.39887985
YIL052C,77.39887985
YKL180W,77.39887985
YLR185W,77.39887985
YLR075W,77.39887985
YPL131W,76.96338007
YDL075W,76.74437813
YGR085C,76.74415698
YBL087C,76.7161072
YGL030W,76.7161072
YOL127W,76.69773562
YEL054C,76.69773562
YOR063W,76.6971684
YBL092W,76.67334537
YPR102C,75.93149169
YGL135W,75.92975017
YNL301C,75.92755983
YLR325C,75.86082701
YPL249CA,73.39527376
YDL081C,72.57037375
YDL130W,68.68641889
YDR382W,68.48553131
YLR367W,53.4615242
YDR064W,53.4615242
YPR132W,53.4615242
YER074W,53.4615242
YPL081W,53.4615242
YOL040C,53.4615242
YLR287CA,53.4615242
YMR230W,53.4615242
YKL156W,53.4615242
YNL302C,53.4615242
YOL121C,53.4615242
YOR182C,53.4615242
YIL069C,53.4615242
YLR048W,53.4615242
YHR021C,53.4615242
YOR369C,53.4615242
YBR181C,53.4615242
YGR027C,53.4615242
YCR031C,53.4615242
YBR189W,53.4615242
YGL123W,53.4615242
YML024W,53.4615242
YOR293W,53.4615242
YMR143W,53.4615242
YML026C,53.4615242
YDL083C,53.4615242
YML063W,53.4615242
YDR447C,53.4615242
YKR057W,53.4615242
YJL136C,53.4615242
YJR123W,53.01720448
YLR333C,53.01720448
YPL090C,52.9963305
YLR167W,52.96183749
YDR450W,52.96183749
YLR388W,52.96183749
YJL191W,52.96183749
YDL061C,52.96183749
YDR025W,52.41525551
YJR145C,52.41525551
YBR048W,52.41525551
YHR203C,52.41525551
YGR118W,52.34629
YJL190C,52.34629
YNL096C,52.34629
YGR214W,52.34629
YNL178W,52.34629
YHL015W,52.34629
YOR096W,52.34629
YLR441C,52.34629
YER131W,51.6598688
YER102W,51.65876664
YGL189C,50.83303264
YOL077C,50.81295956
YBL072C,50.08330587
YPL012W,49.30882353
YJL109C,47.73529412
YOR206W,47.68154829
YNL132W,47.58679265
YOL041C,45.54961651
YOR167C,44.50386973
YHR052W,44.39773956
YNL002C,44.37209998
YLR264W,43.59307608
YMR049C,43.4630941
YMR290C,43.37019275
YKL014C,43.25094845
YKR081C,42.51599114
YLR276C,42.43188022
YHR197W,42.09581837
YGR090W,41.94445121
YMR116C,41.89836348
YNL182C,41.87208561
YLR002C,41.85308956
YHR088W,41.28882115
YLL008W,41.26394103
YBL004W,41.10100107
YDR087C,41.00427335
YDR101C,41.00171382
YNL110C,40.97412753
YPL043W,40.69884389
YBR267W,40.59915839
YER126C,40.46474999
YHR170W,40.39883599
YHR085W,40.30925454
YLR197W,40.23615835
YPR137W,40.05892511
YGR103W,39.69542803
YHR196W,39.40863448
YGL111W,39.33664257
YLR409C,39.26634348
YPL093W,39.02161118
YER006W,38.89259507
YDR496C,38.77629892
YNL075W,38.75868125
YPL126W,38.71022938
YDR365C,38.68858436
YPL217C,38.51090476
YGR128C,38.46379786
YNL061W,38.34594651
YNR053C,38.32139955
YKL172W,38.22388149
YOR145C,38.21765582
YDL060W,38.15133317
YDL031W,38.02299696
YLR186W,38.02182851
YLL034C,37.98730696
YGR145W,37.9554381
YDR324C,37.78951386
YGL099W,37.72627571
YLR009W,37.64977961
YLR222C,37.5083179
YCL054W,37.40487225
YER127W,37.10357891
YOR341W,36.45859743
YBR142W,36.01636784
YPR112C,35.9787275
YGL171W,35.66892079
YCL059C,35.56755829
YFR001W,35.48381048
YPR016C,35.29085349
YDL213C,35.26563203
YLR106C,35.14843997
YHR169W,34.83466581
YJL033W,34.63520106
YLR175W,34.3469322
YPL266W,34.32653306
YMR093W,34.28490836
YJR002W,34.13515169
YFL002C,33.92193508
YLL011W,33.91466306
YDL014W,31.8831475
YKL167C,31.40863533
YDR449C,31.30362551
YNL185C,31.2304878
YDR462W,31.02080988
YKR085C,30.83880742
YGR076C,30.83880742
YGR245C,30.75486765
YMR024W,30.73170732
YER012W,30.71152599
YKR006C,30.53658537
YMR225C,30.47450543
YHR147C,30.36441197
YBL038W,30.36441197
YOR150W,30.36441197
YBR282W,30.36441197
YMR193W,30.33231707
YGR081C,30.292388
YOR361C,30.20426968
YPR108W,30.1313651
YGR135W,30.10236761
YDL007W,29.98068248
YNL284C,29.96059389
YER021W,29.93407001
YDR237W,29.85240675
YDR322W,29.82476568
YGR220C,29.82402317
YJL063C,29.70731707
YLR129W,29.68383957
YLR003C,29.62622525
YNL005C,29.47554804
YBL041W,29.47171485
YDL097C,29.30644664
YER094C,29.3035086
YGL011C,29.22123431
YBR122C,29.19400157
YNL252C,29.1347561
YHR200W,29.12788442
YIL075C,29.0813363
YDR394W,28.92881918
YHR148W,28.92805322
YOR261C,28.87368545
YOR117W,28.77600132
YFR004W,28.74156134
YJL001W,28.60182541
YOL010W,28.47299159
YOR259C,28.46572354
YOL038W,28.46137814
YGL120C,28.36078799
YMR314W,28.28624417
YFR050C,28.28374602
YGR253C,28.22713697
YDL020C,28.08176181
YKL145W,28.04929842
YGR270W,27.97898404
YBR173C,27.95345851
YOR157C,27.95337057
YOR362C,27.92616772
YDL147W,27.89578393
YGR232W,27.7553584
YDR069C,27.73644653
YDL166C,27.6974042
YOR056C,27.65190442
YHR066W,27.38729628
YGL048C,27.31615801
YPL211W,27.30743778
YER082C,27.05296118
YDR427W,27.04012357
YBR055C,26.84170817
YPR103W,26.8112006
YLL036C,26.6293048
YLR312WA,26.43447152
YFR052W,26.32422287
YLR074C,26.32286247
YGR091W,25.87425253
YKL170W,25.66224945
YDR240C,25.57367188
YHR027C,25.26230547
YPR101W,25.21373447
YDR235W,25.07404837
YLR298C,24.9630458
YLR275W,24.87152493
YBL074C,24.7635221
YGR075C,24.74830174
YML046W,24.63744985
YMR268C,24.61884912
YMR240C,24.55783432
YKL012W,24.44360365
YMR309C,24.40899749
YPL173W,24.04886406
YMR286W,24.04886406
YBR268W,24.04886406
YKL138C,23.9878554
YPR182W,23.97998925
YCR003W,23.95813825
YDL202W,23.8160928
YDR299W,23.74882548
YGR013W,23.7068002
YJL096W,23.60308032
YDR243C,23.52171611
YML092C,23.38934181
YDR473C,23.37598452
YOR159C,23.2435186
YPR178W,23.0748704
YHR165C,23.04690296
YCL031C,22.86948941
YDL030W,22.6694412
YCR057C,22.53522495
YDR116C,22.52174437
YOR310C,22.21698457
YOL021C,22.17143157
YER029C,22.12422824
YGR074W,21.93773268
YDL043C,21.57471607
YDR088C,21.49682987
YBR119W,20.92459644
YDR115W,20.35713898
YML009C,20.29836688
YOR272W,20.29200017
YJL203W,20.09812799
YNR054C,20.07324992
YLR147C,20.01533325
YDL148C,19.79232035
YML025C,19.12815834
YER112W,19.11534884
YPL183WA,18.82273995
YFR010W,18.35706731
YGR006W,18.31690204
YOR319W,17.81685282
YNL306W,17.54332541
YPR057W,17.26694767
YBR146W,17.2311561
YDR337W,17.08829896
YCR046C,16.61897522
YGR084C,16.24286988
YDR296W,16.20165068
YEL032W,16.0976567
YPR144C,15.98500261
YMR188C,15.8138033
YOR224C,15.689409
YPR187W,15.68820901
YBR154C,15.65040536
YPR162C,15.51805196
YHR118C,15.51805196
YDR347W,15.2465375
YNL261W,15.16034445
YLL004W,15.16034445
YBR060C,15.16034445
YBL090W,15.14171215
YOR158W,14.95816145
YBR202W,14.77947489
YPR019W,14.77947489
YPL013C,14.68417367
YKL143W,14.59029286
YNL137C,14.43743857
YLR103C,14.40402034
YLR274W,14.40402034
YML065W,14.3566488
YOR210W,14.32914218
YBL023C,14.20331547
YNL113W,14.20220529
YEL026W,14.03842184
YBR251W,13.97425254
YPR100W,13.90570694
YIL061C,13.85518316
YJR043C,13.4800737
YOR340C,13.45475956
YDL102W,13.4504203
YJR006W,13.4504203
YHR143WA,13.23731273
YGL201C,13.1881175
YNR037C,13.14097811
YKL009W,13.07593394
YMR158W,13.00243299
YDR175C,12.97419827
YDL045WA,12.84720475
YKL003C,12.84720475
YNL248C,12.74827533
YPR175W,12.51393728
YKL144C,12.2889923
YBR278W,12.27011034
YPR190C,12.26885966
YOR116C,12.13592234
YNL262W,12.08650478
YNR003C,11.82292262
YDR322CA,11.72069434
YOR151C,11.59173111
YOR207C,11.58963805
YKR060W,11.52465348
YPR110C,11.46081534
YHR089C,11.43121495
YNL151C,11.3549988
YDR405W,11.04590767
YDR060W,10.946625
YER002W,10.65523817
YIL093C,10.62377508
YDR298C,10.54114888
YKL016C,10.54114888
YDR377W,10.48140862
YOL077WA,10.48140862
YDL004W,10.48140862
YML081CA,10.48140862
YLR382C,10.39615385
YPL029W,10.39615385
YJL133W,10.39615385
YJR121W,10.38376623
YDL051W,10.3705518
YDL150W,10.35097016
YPR134W,10.3414787
YJR101W,10.33485466
YBR127C,10.33212213
YDL184WB,10.30371148
YPR036W,10.30371148
YEL027W,10.30371148
YPL271W,10.29569434
YHL004W,10.2789916
YKR052C,10.26428571
YBR120C,10.26428571
YIR021W,10.26428571
YPL234C,10.24598383
YKL080W,10.17990196
YBL099W,10.1528372
YPR010C,10.14455992
YOR270C,10.06125117
YEL051W,10.02082427
YDR194C,9.998621554
YHR039CA,9.963235294
YMR054W,9.963235294
YHR059W,9.943774655
YOR332W,9.93669729
YMR287C,9.921428571
YOR334W,9.921428571
YMR023C,9.921428571
YOR061W,9.919328103
YHR026W,9.745098039
YPL078C,9.731240981
YBR247C,9.716287925
YDL140C,9.675454095
YPR020W,9.604333812
YGR020C,9.536670107
YGR222W,9.421428571
YIL035C,9.341493323
YBR079C,9.313796369
YJR063W,9.199679487
YOL005C,9.060027301
YPL129W,9.032029636
YJL069C,9.01505927
YIL021W,8.965721552
YDR404C,8.903164556
YGR162W,8.828021265
YKR036C,8.755203225
YLR439W,8.684341828
YBR039W,8.683766234
YBL084C,8.68265857
YNL172W,8.68265857
YGL112C,8.659463459
YJR007W,8.651963354
YHR005CA,8.571428571
YDR041W,8.550857466
YDL181W,8.483766234
YFL028C,8.345376575
YGR215W,8.300172394
YMR128W,8.177274777
YKR025W,8.066220914
YNL207W,8.01259731
YKL142W,7.966344113
YAL035W,7.905672981
YMR125W,7.732225882
YJL194W,7.732149783
YKL022C,7.607017544
YPL237W,7.5603927
YGR092W,7.559839817
YOL094C,7.546718077
YDR118W,7.465991903
YDL008W,7.465991903
YOR249C,7.465991903
YGL240W,7.465991903
YDL185W,7.435842589
YDL044C,7.428571429
YNL290W,7.37549959
YBR253W,7.358486521
YLR421C,7.267705017
YDR460W,7.260108136
YMR229C,7.252017046
YDR280W,7.246875265
YDR443C,7.243865816
YBR198C,7.104150333
YGR274C,7.09853113
YJL140W,7.059565528
YLR127C,7.015991903
YFR036W,7.015991903
YDR145W,7.01360273
YMR146C,7.010847346
YOL142W,6.995413277
YPL011C,6.803911157
YLR071C,6.775884958
YMR236W,6.715558339
YGL129C,6.712124476
YGR005C,6.67462781
YCR035C,6.622952602
YHR166C,6.615248596
YLR102C,6.612145749
YBL003C,6.611224346
YGR104C,6.59312479
YPR034W,6.555870015
YOR217W,6.544322607
YLR249W,6.516479263
YPR166C,6.499677447
YHR075C,6.499677447
YHR069C,6.459021328
YNL244C,6.444301925
YIL143C,6.43476874
YIL004C,6.401879699
YDL111C,6.395543138
YJR122W,6.332748049
YGR195W,6.330781164
YML010W,6.310303912
YML015C,6.304305678
YJR113C,6.301995475
YKL099C,6.277014905
YBR257W,6.261111111
YGR030C,6.261111111
YIR015W,6.261111111
YFR049W,6.233851116
YGR158C,6.233259017
YGR095C,6.229482798
YML098W,6.210087121
YER025W,6.202765948
YJL011C,6.166837548
YEL002C,6.164285714
YLR277C,6.137489761
YNL030W,6.111801648
YLR115W,6.091270505
YMR227C,6.090788876
YAL033W,6.066666667
YBR167C,6.066666667
YBL018C,6.066666667
YHR062C,6.066666667
YFR037C,6.054112554
YOR085W,6.025
YOR103C,6.025
YGL226CA,6.025
YDL232W,6.025
YCR092C,6.022694236
YLR418C,5.994568518
YER148W,5.987315563
YIL106W,5.94076087
YBR084W,5.929581324
YMR310C,5.880360569
YBR087W,5.846843615
YDR301W,5.840557528
YNL308C,5.833979801
YNL025C,5.797437244
YJL002C,5.780952381
YLR005W,5.769036227
YGR183C,5.711363636
YHR001WA,5.711363636
YCR093W,5.672210228
YOL051W,5.649903604
YGR186W,5.637489449
YMR060C,5.633585859
YPR133WA,5.633585859
YFR033C,5.614141414
YEL024W,5.614141414
YOR065W,5.614141414
YIL142W,5.6
YNL221C,5.6
YNL282W,5.6
YDR429C,5.578164805
YDR238C,5.576027722
YNL121C,5.536363636
YHR117W,5.536363636
YDL208W,5.53160915
YCR081W,5.508851196
YPL235W,5.496691195
YDR167W,5.49661451
YNL131W,5.493939394
YDL192W,5.455002249
YHR051W,5.421428571
YNL052W,5.421428571
YMR256C,5.421428571
YGL191W,5.421428571
YJR093C,5.41378528
YLR449W,5.411716134
YMR109W,5.409964133
YMR061W,5.395152971
YNL232W,5.367096805
YIL076W,5.339298661
YPR025C,5.334758772
YGR083C,5.333965866
YMR012W,5.332119098
YOR045W,5.303030303
YJL166W,5.303030303
YDR529C,5.303030303
YGR258C,5.300877193
YMR149W,5.297619048
YDL108W,5.278807129
YGL022W,5.26984127
YOR250C,5.262401479
YDR308C,5.247789143
YJL148W,5.233246118
YDR156W,5.233246118
YER171W,5.222556391
YNR052C,5.18946642
YKR008W,5.176932616
YLR438CA,5.176495354
YMR203W,5.166666667
YGL198W,5.162407572
YIL126W,5.144015446
YPL122C,5.133587465
YKR002W,5.120712667
YDL145C,5.103436424
YDL067C,5.1
YLR395C,5.1
YLR038C,5.1
YPR041W,4.998938632
YGL019W,4.957688528
YPR191W,4.921212121
YPL042C,4.912698413
YMR033W,4.875361545
YLR357W,4.836868091
YNL287W,4.83192956
YDL165W,4.782224583
YML032C,4.731244019
YCR052W,4.709794184
YML019W,4.7
YOR213C,4.699449676
YGR082W,4.666666667
YNL070W,4.666666667
YGR056W,4.63855224
YDL160C,4.608695652
YDR225W,4.592567827
YGL137W,4.547517446
YNL243W,4.532127815
YBL045C,4.50969697
YPR056W,4.507256852
YLR078C,4.501538462
YLR268W,4.494871795
YPL010W,4.47067207
YIL109C,4.440536437
YFR051C,4.423868873
YER179W,4.406016714
YPR107C,4.385756887
YJR076C,4.363636364
YCR002C,4.345743146
YPR181C,4.329916634
YDR507C,4.31780303
YJL111W,4.283333333
YJL014W,4.283333333
YPR055W,4.276832151
YDR097C,4.275214172
YHR107C,4.256493506
YGR063C,4.255974688
YDL017W,4.245770751
YDR335W,4.235123612
YDL195W,4.205316742
YJR064W,4.2
YDR212W,4.2
YGL187C,4.2
YER068W,4.183093743
YJL008C,4.165151515
YLR321C,4.164276228
YDR228C,4.155527708
YJR022W,4.151265664
YNL082W,4.133157895
YIR008C,4.112489286
YKL045W,4.112489286
YDR166C,4.086111111
YIL068C,4.086111111
YPL218W,4.078087045
YAL043C,4.076388189
YPR072W,3.998997284
YOL139C,3.990641139
YHR041C,3.95862264
YLR291C,3.944300361
YOR290C,3.902159369
YNL102W,3.901165244
YLR166C,3.9
YML012W,3.899087024
YGL200C,3.899087024
YOR001W,3.894035724
YLR347C,3.889606049
YPL085W,3.864364802
YDL029W,3.863320136
YDL143W,3.842156863
YHR119W,3.835714286
YBR289W,3.813032809
YHR061C,3.788286894
YGL233W,3.775252525
YKL013C,3.770454545
YDL116W,3.737331002
YDR388W,3.735032162
YJR042W,3.718348899
YDL134C,3.7002849
YOR260W,3.693477157
YER133W,3.687567504
YBR143C,3.671933403
YFL039C,3.634160757
YBR234C,3.62521645
YMR190C,3.619598997
YMR167W,3.619229323
YJL176C,3.592220575
YLR229C,3.563909774
YGL070C,3.548387097
YJR065C,3.545313428
YAR007C,3.534375634
YBL035C,3.530538579
YFL038C,3.500589685
YDR188W,3.5
YPL139C,3.490288342
YBR088C,3.485294118
YAL021C,3.47614654
YLR208W,3.434440559
YDR328C,3.379945799
YOL090W,3.359298246
YGL044C,3.357142857
YJL085W,3.347034172
YPL248C,3.345267195
YDR142C,3.333613445
YMR186W,3.290131579
YOL006C,3.266222611
YLR370C,3.266053391
YIL062C,3.266053391
YDL225W,3.23349738
YDR073W,3.223903885
YFL059W,3.188397129
YNL333W,3.188397129
YML049C,3.186299393
YPL256C,3.185990338
YPL240C,3.18030303
YLR293C,3.178171502
YNR035C,3.176767677
YDR211W,3.169928856
YNL317W,3.158001181
YLR442C,3.151055045
YDR224C,3.109626414
YKR024C,3.103794144
YBR010W,3.093202751
YER008C,3.090909091
YCR088W,3.074189332
YKL196C,3.033175888
YNL236W,3.017748479
YMR197C,2.998065677
YNL330C,2.98788986
YNL189W,2.986842105
YEL015W,2.986692429
YER054C,2.980769231
YPL016W,2.97849741
YLR026C,2.977103014
YPL243W,2.971428571
YPL210C,2.971428571
YGL092W,2.950474602
YNL088W,2.943408367
YGL049C,2.941417502
YHL025W,2.931913928
YGR040W,2.931585958
YOR181W,2.92348074
YJR068W,2.921430345
YMR199W,2.916149068
YLR423C,2.910714286
YGL172W,2.909320464
YGL161C,2.908695652
YOR284W,2.904781314
YPL151C,2.856537538
YBR136W,2.837086656
YGR218W,2.824197389
YJL020C,2.813019922
YPL124W,2.805340446
YDR395W,2.78021312
YDL074C,2.771464646
YGR119C,2.77073002
YPL049C,2.761904762
YJL173C,2.76
YOR069W,2.75
YDR416W,2.741749723
YLR015W,2.734704185
YJL089W,2.717171717
YJL138C,2.712284958
YNL312W,2.705714286
YMR308C,2.684013172
YDR227W,2.676336518
YDR201W,2.66729798
YLR310C,2.655555556
YBL008W,2.633366633
YLR314C,2.63008658
YHR081W,2.617143572
YLR258W,2.615384615
YLR362W,2.603571429
YMR043W,2.592261905
YGL153W,2.588235294
YOR308C,2.58360095
YMR127C,2.580357143
YBR123C,2.579365079
YDR311W,2.573491594
YAL001C,2.565079365
YPL007C,2.565079365
YDR076W,2.55372807
YGL163C,2.55372807
YNL250W,2.548611111
YLR027C,2.545454545
YIR009W,2.544342406
YJL157C,2.542779748
YDR181C,2.532738095
YDR103W,2.53003663
YBL002W,2.525642445
YKL129C,2.520604749
YAL003W,2.520454545
YIL144W,2.515151515
YAL036C,2.510267877
YPR080W,2.50530303
YML064C,2.5
YMR117C,2.495075758
YFL008W,2.473484848
YKL018W,2.443032213
YBR009C,2.442586787
YDL132W,2.44246816
YIL066C,2.431818182
YKL173W,2.431248919
YDR052C,2.427588933
YDR189W,2.422334683
YLR337C,2.40596648
YKR084C,2.40530303
YCR009C,2.402983579
YMR153W,2.400383142
YJL098W,2.4
YFR040W,2.4
YBL007C,2.39498404
YDR480W,2.39047619
YOL069W,2.384615385
YKL122C,2.378571429
YDL092W,2.378571429
YPR018W,2.375
YER070W,2.366341991
YKL081W,2.362745098
YJR045C,2.353968254
YLR216C,2.35
YER086W,2.34800898
YDR362C,2.336507937
YMR059W,2.333333333
YNL263C,2.299898296
YDR392W,2.298665782
YLR262C,2.297101449
YFR002W,2.292872869
YML105C,2.285714286
YDR499W,2.282222222
YNL031C,2.27835777
YOR212W,2.276068376
YER118C,2.270735294
YNL094W,2.26686009
YJL026W,2.265296443
YJL095W,2.259469697
YDL246C,2.256270659
YML109W,2.25625
YGL122C,2.251914215
YEL043W,2.241022195
YDR045C,2.225797302
YGR047C,2.222222222
YPL259C,2.222222222
YBR109C,2.220651362
YBR217W,2.215119048
YJR050W,2.21067415
YDR309C,2.205624355
YDL188C,2.203683122
YLR288C,2.19532504
YDR510W,2.1861314
YNL098C,2.18452381
YOR110W,2.176906427
YHR030C,2.17575188
YPL174C,2.175490196
YGR140W,2.17027417
YIL046W,2.156371903
YJR090C,2.152973838
YBR114W,2.149350649
YDR091C,2.147539769
YMR094W,2.140909091
YCR053W,2.135858586
YKR026C,2.133438335
YBR102C,2.132952175
YPR165W,2.130952381
YKR068C,2.128571429
YKL103C,2.127996273
YJL054W,2.126190476
YKL060C,2.124747475
YKL028W,2.122942159
YOR232W,2.12234127
YLR025W,2.109803922
YOR174W,2.107564948
YMR201C,2.103988117
YHR174W,2.103665171
YFR034C,2.100928661
YIR038C,2.086956522
YKL068W,2.08634001
YLR433C,2.083776596
YMR080C,2.082358489
YNL093W,2.070117322
YKL042W,2.06257764
YLR044C,2.061616162
YEL017W,2.059006211
YLR324W,2.058956916
YIL128W,2.055411255
YMR055C,2.047081105
YLR319C,2.045833333
YLL050C,2.034246856
YPL255W,2.027324902
YDL217C,2.007142857
YBR091C,2.007142857
YLR335W,2.005134344
YKL152C,2.000441919
YER138C,2
YPL031C,2
YKL148C,2
YJR028W,2
YKL011C,2
YER020W,2
YJR027W,2
YER160C,2
YKR034W,2
YDR261WA,2
YJL041W,1.998131868
YER125W,1.99476186
YBR258C,1.988997114
YNL044W,1.984132711
YMR273C,1.969531286
YKL130C,1.963100686
YHR171W,1.951388889
YEL037C,1.94624596
YPL118W,1.943358797
YNL103W,1.931818182
YCR077C,1.927219305
YGR172C,1.92411204
YMR159C,1.907258065
YLR328W,1.907064705
YLR447C,1.901960784
YMR168C,1.901875902
YPL022W,1.894736842
YCR096C,1.894569288
YGR252W,1.893478261
YER157W,1.887911663
YER110C,1.886557839
YEL020WA,1.884920635
YGR268C,1.883397808
YGL190C,1.873280886
YIL038C,1.873132191
YOR106W,1.865384615
YOR089C,1.861111111
YLR386W,1.858629776
YOL108C,1.857142857
YHR158C,1.846153846
YOR128C,1.846153846
YPL115C,1.843589744
YHR152W,1.841593098
YDR130C,1.836666667
YLR233C,1.833333333
YNL154C,1.833333333
YPL204W,1.831514722
YGR010W,1.82880117
YLL026W,1.818181818
YMR139W,1.814484127
YOR020C,1.808749101
YDL064W,1.805194805
YJL199C,1.802657155
YDR100W,1.791666667
YGR089W,1.791666667
YML095C,1.786397813
YDR195W,1.78322374
YOL086C,1.777777778
YML121W,1.777777778
YML077W,1.777056277
YBR175W,1.771861472
YFL016C,1.771428571
YPR119W,1.767816092
YLR082C,1.763892815
YDR050C,1.763636364
YNR012W,1.7625
YDL089W,1.757575758
YOL149W,1.755110793
YIL084C,1.754520969
YLR263W,1.75
YIL007C,1.75
YMR235C,1.75
YML016C,1.75
YPL048W,1.747727273
YDR032C,1.734387352
YLR113W,1.733333333
YAR003W,1.730699856
YMR096W,1.727272727
YGL116W,1.725
YKR059W,1.722641373
YEL046C,1.721387521
YBR274W,1.714285714
YMR001C,1.708333333
YFR015C,1.701923077
YPL086C,1.7
YML058W,1.696428571
YAR018C,1.694285714
YBR176W,1.688612998
YOR144C,1.685143288
YDR028C,1.672706267
YLR148W,1.671428571
YDL013W,1.671062908
YDR381W,1.670707071
YJR083C,1.666731141
YML042W,1.666666667
YKL141W,1.666666667
YLL041C,1.666666667
YOR335C,1.666666667
YDL220C,1.666666667
YGR054W,1.659136788
YFL009W,1.65530303
YGL086W,1.653571429
YCR084C,1.651416122
YER161C,1.648255814
YJR094C,1.64781746
YGL035C,1.647222222
YHR206W,1.642857143
YPL153C,1.636363636
YOL133W,1.636363636
YGR261C,1.635714286
YFR006W,1.631840884
YGR193C,1.626372998
YGL100W,1.625646998
YBR195C,1.625
YER022W,1.625
YKR014C,1.620382757
YFR027W,1.619047619
YBR118W,1.613383838
YJL128C,1.606349206
YGR144W,1.606119078
YJL154C,1.603571429
YDL101C,1.6
YER059W,1.6
YER017C,1.6
YER023W,1.595321587
YJR041C,1.590957507
YDR386W,1.587962963
YNL084C,1.584818776
YOL115W,1.581349206
YER027C,1.58030303
YOR275C,1.576190476
YER013W,1.575081234
YJR109C,1.569365722
YEL066W,1.567466044
YCL024W,1.566738817
YEL017CA,1.566666667
YGL008C,1.566666667
YNL298W,1.566027024
YDR468C,1.562354312
YMR311C,1.561111111
YOR276W,1.557741061
YNL106C,1.555555556
YBR059C,1.555555556
YGR058W,1.555555556
YJL092W,1.555555556
YGL058W,1.555555556
YJR053W,1.549242424
YLR295C,1.542857143
YJR112W,1.539645046
YER031C,1.539096208
YOR195W,1.535353535
YLR384C,1.532887585
YIL063C,1.527643785
YBR264C,1.525845411
YNL314W,1.525
YLR033W,1.522126424
YDR477W,1.520833333
YBR126C,1.519303245
YBR137W,1.513245614
YLR093C,1.508241758
YKR055W,1.5
YGL213C,1.5
YOR043W,1.5
YNL218W,1.5
YDR113C,1.5
YBR133C,1.5
YFL034CB,1.5
YDR146C,1.5
YEL061C,1.5
YPL051W,1.5
YNL331C,1.496037473
YGR120C,1.495118916
YHL018W,1.494162826
YGL115W,1.492424242
YML102W,1.491666667
YFR024C,1.487997251
YDR192C,1.480937749
YMR224C,1.477777778
YBR049C,1.472736414
YCR072C,1.470217633
YOL062C,1.467857143
YOR178C,1.467203339
YNL071W,1.460526316
YDR303C,1.458095447
YGL068W,1.457407407
YGL206C,1.457004107
YPL140C,1.452631579
YML051W,1.452631579
YGR267C,1.451279408
YLR377C,1.451279408
YGR204W,1.45
YNL166C,1.445310245
YLR245C,1.443682796
YPL155C,1.443478261
YMR189W,1.438596491
YDR019C,1.438596491
YAL044C,1.438596491
YML114C,1.437899951
YER172C,1.437336912
YJL061W,1.436588629
YOR326W,1.431105851
YML001W,1.429374732
YJR056C,1.429166667
YGR024C,1.428571429
YOR191W,1.428571429
YDL175C,1.428571429
YJL034W,1.428571429
YKL113C,1.428571429
YHR105W,1.428571429
YER173W,1.428571429
YLR429W,1.428571429
YHR115C,1.428571429
YCL040W,1.428571429
YGR173W,1.428571429
YJL141C,1.428571429
YBR254C,1.428571429
YDL193W,1.428571429
YHR135C,1.428571429
YCR066W,1.428571429
YIL074C,1.428571429
YLR014C,1.428571429
YGL237C,1.428571429
YOR368W,1.428571429
YGL090W,1.428571429
YNL116W,1.428571429
YOL018C,1.423465423
YOR115C,1.419047619
YDR422C,1.416666667
YJL074C,1.416666667
YHR113W,1.415204678
YNL006W,1.408333333
YJL137C,1.401923077
YLR108C,1.400207039
YCR024CA,1.4
YMR198W,1.3875
YOR229W,1.384920635
YGR200C,1.383333333
YML057W,1.382539683
YGL195W,1.380650769
YBR094W,1.380238095
YJL218W,1.378091398
YDR321W,1.378091398
YJL053W,1.375
YEL009C,1.369079268
YPL070W,1.366301843
YJL164C,1.361111111
YBR221C,1.357894737
YOR078W,1.356618362
YAL029C,1.356248824
YFR047C,1.356041313
YGL037C,1.356041313
YMR205C,1.355984069
YHR099W,1.353340124
YJL005W,1.350834446
YHR164C,1.348571429
YCR028CA,1.348571429
YDR129C,1.340522876
YPL192C,1.333333333
YHR019C,1.333333333
YDR398W,1.333333333
YDL006W,1.333333333
YER075C,1.333333333
YGL003C,1.333333333
YNL032W,1.333333333
YDR490C,1.333333333
YER007W,1.333333333
YJL090C,1.333333333
YDR037W,1.333333333
YBR072W,1.333333333
YNL023C,1.333333333
YLR006C,1.333333333
YHR183W,1.333333333
YOR380W,1.333333333
YPR054W,1.333333333
YNL099C,1.333333333
YNL157W,1.333333333
YJL187C,1.333333333
YIR018W,1.333333333
YNL307C,1.333333333
YJL042W,1.331111111
YER177W,1.329554656
YPL149W,1.329166667
YOR254C,1.328571429
YKL057C,1.327188381
YJR084W,1.326582461
YFL018C,1.325048733
YKL085W,1.321933622
YDR245W,1.30952381
YIL072W,1.291666667
YDR004W,1.282894737
YBL050W,1.277777778
YNL090W,1.273109244
YLR396C,1.271428571
YDL003W,1.261183261
YBL049W,1.258956916
YNR010W,1.246653144
YOL004W,1.230275444
YPR160W,1.222882673
YGL040C,1.22270798
YGL175C,1.22270798
YNL126W,1.221428571
YER178W,1.207894737
YIL125W,1.206778309
YOR038C,1.204795205
YDR472W,1.200865801
YOL113W,1.2
YNL053W,1.2
YJL106W,1.2
YMR104C,1.2
YDL179W,1.2
YML112W,1.2
YPL036W,1.2
YDL047W,1.2
YDR482C,1.2
YKL020C,1.2
YHR184W,1.2
YMR038C,1.2
YMR312W,1.2
YCL011C,1.2
YNL167C,1.2
YCR014C,1.2
YCR005C,1.2
YOR353C,1.2
YLR256W,1.2
YJR103W,1.2
YPL194W,1.2
YER100W,1.2
YOR351C,1.2
YOR026W,1.2
YHR188C,1.2
YJL167W,1.2
YBL034C,1.2
YGR280C,1.2
YDR200C,1.2
YOR155C,1.2
YDR217C,1.2
YKL190W,1.2
YNL260C,1.2
YJR052W,1.2
YPL088W,1.2
YIL131C,1.2
YDL059C,1.2
YGR097W,1.2
YFR003C,1.2
YDR313C,1.2
YKR028W,1.2
YPL003W,1.2
YHR111W,1.2
YNL214W,1.194157663
YER165W,1.194048196
YPL164C,1.183333333
YLR191W,1.179871949
YOR243C,1.168966372
YBR044C,1.166666667
YJL183W,1.166666667
YJR075W,1.166666667
YDR178W,1.166666667
YIL095W,1.158333333
YER155C,1.156088501
YHR172W,1.154761905
YDR202C,1.151766534
YPL195W,1.147619048
YJL025W,1.145614035
YDR138W,1.144230769
YBR171W,1.142857143
YER095W,1.141667996
YOL123W,1.137808777
YAR008W,1.133333333
YPL083C,1.133333333
YBL016W,1.128571429
YMR105C,1.121212121
YDR244W,1.119327731
YMR047C,1.119210526
YJR058C,1.107142857
YDR127W,1.105598933
YOL145C,1.096780952
YDR218C,1.093073593
YDR295C,1.090909091
YMR261C,1.086363636
YPR088C,1.085714286
YOR039W,1.083857165
YGL025C,1.077221451
YER146W,1.056150365
YEL003W,1.055555556
YML094W,1.055555556
YLR424W,1.051840728
YIL026C,1.051587302
YDR378C,1.051485105
YNR017W,1.05
YGL106W,1.048332873
YMR042W,1.04781746
YGR067C,1.043478261
YPL161C,1.038961039
YDR036C,1.032094943
YNL147W,1.02750757
YNL271C,1.026111111
YAL016W,1.025817932
YJL081C,1.022910096
YBL105C,1.02047619
YLR292C,1.019047619
YHL007C,1.017431399
YPL138C,1.011904762
YGR061C,1.005555556
YDR016C,1.002192982
YGR262C,1
YPL091W,1
YOR005C,1
YLR238W,1
YOR111W,1
YMR022W,1
YJL112W,1
YNL272C,1
YPL026C,1
YLR105C,1
YPR111W,1
YIR005W,1
YEL036C,1
YAL017W,1
YGL220W,1
YML088W,1
YNL230C,1
YLR032W,1
YDR267C,1
YLR309C,1
YGR052W,1
YMR246W,1
YDL156W,1
YMR106C,1
YLR019W,1
YBL021C,1
YLR306W,1
YLR352W,1
YDR488C,1
YGL221C,1
YDR128W,1
YPR158WA,1
YNL311C,1
YLR403W,1
YDR131C,1
YKL108W,1
YCR079W,1
YJR110W,1
YDR306C,1
YPL254W,1
YLR016C,1
YDR092W,1
YNL159C,1
YDR260C,1
YPR017C,1
YLR207W,1
YDL164C,1
YDR171W,1
YHR025W,1
YOL102C,1
YIL147C,1
YNL180C,1
YLR451W,1
YAR033W,1
YJR021C,1
YLL001W,1
YMR280C,1
YLL019C,1
YPL214C,1
YOL013C,1
YDL099W,1
YJL044C,1
YIR034C,1
YAR027W,1
YFL033C,1
YKL214C,1
YIL079C,1
YBL088C,1
YDR520C,1
YPL179W,1
YJR010W,1
YNL161W,1
YNL175C,1
YLL018C,1
YBR024W,1
YDR207C,0.999121651
YDR158W,0.990909091
YFR031C,0.984848485
YLR212C,0.983333333
YNR011C,0.978042802
YKL104C,0.958064041
YLR170C,0.955555556
YPR029C,0.955555556
YML043C,0.952631579
YPL094C,0.952380952
YDL019C,0.95
YAR042W,0.95
YNL062C,0.943071968
YOR132W,0.935714286
YHR012W,0.935714286
YHR016C,0.930011107
YAL034C,0.928937729
YDR356W,0.918478261
YBL014C,0.912346374
YDL209C,0.91214651
YOR297C,0.904761905
YIL150C,0.901818182
YLR180W,0.901149425
YLR417W,0.9
YOR098C,0.897081413
YMR263W,0.894720497
YGR155W,0.892139487
YBR200W,0.890297955
YBL026W,0.889461698
YNL153C,0.888888889
YHR023W,0.886363636
YGL212W,0.883333333
YGR240C,0.880722154
YBR160W,0.869565217
YLR192C,0.866441348
YPR189W,0.863650075
YAL041W,0.861319967
YGL223C,0.846558704
YNL041C,0.846558704
YOR027W,0.8375
YLR337W,0.833371448
YDR261WB,0.833333333
YGR113W,0.832226399
YDL207W,0.829083461
YKR082W,0.820717862
YKL135C,0.81871345
YER099C,0.816666667
YDR216W,0.815943059
YIL115C,0.811599512
YJR102C,0.8
YHR084W,0.799675325
YML100W,0.790909091
YBR279W,0.789275234
YDR173C,0.788888889
YHR208W,0.788888889
YDL077C,0.785714286
YNL047C,0.783549784
YML099C,0.777777778
YMR078C,0.772870124
YDR074W,0.772727273
YGR129W,0.770707071
YHL011C,0.766666667
YGR180C,0.765151515
YNL118C,0.763666817
YOR036W,0.763450292
YKL117W,0.754166667
YFL005W,0.752320601
YDL040C,0.75
YJR005W,0.75
YHR013C,0.75
YJL115W,0.744047619
YIL094C,0.742735043
YLR200W,0.740402622
YJR066W,0.736111111
YMR231W,0.735714286
YPL045W,0.735714286
YDR432W,0.734984214
YKR048C,0.731192853
YER114C,0.726698156
YOR194C,0.713187837
YKL058W,0.713187837
YDL159W,0.712287712
YOR179C,0.709752601
YCR012W,0.708333333
YGR246C,0.702506266
YBR288C,0.702380952
YMR129W,0.702298851
YFL060C,0.696969697
YMR095C,0.696969697
YMR322C,0.696969697
YDR176W,0.692873728
YGL121C,0.685714286
YER009W,0.682513114
YNL309W,0.678772379
YGL061C,0.677127602
YJR159W,0.676279013
YOR136W,0.67406015
YKR037C,0.673276942
YDL239C,0.671428571
YGR032W,0.669047619
YML093W,0.667607424
YPL170W,0.666666667
YDR051C,0.666666667
YPR093C,0.666666667
YFR016C,0.666666667
YNL228W,0.666666667
YJR061W,0.666666667
YML115C,0.666666667
YML056C,0.666666667
YDR020C,0.666666667
YBR037C,0.666666667
YBR203W,0.666666667
YIL122W,0.666666667
YDR369C,0.666666667
YKL048C,0.666666667
YGR041W,0.666666667
YPR104C,0.666666667
YHR073W,0.666666667
YPR071W,0.666666667
YHR014W,0.666666667
YIL113W,0.666666667
YKL189W,0.666666667
YKL210W,0.666666667
YCR001W,0.666666667
YDR266C,0.666666667
YLL010C,0.666666667
YLR427W,0.666666667
YMR291W,0.666666667
YNR019W,0.666666667
YMR036C,0.666666667
YKL166C,0.666666667
YGL208W,0.666666667
YJR035W,0.666666667
YHR199C,0.666666667
YAR019C,0.666666667
YOL052C,0.666666667
YMR111C,0.666666667
YHR074W,0.666666667
YDL190C,0.666666667
YKL035W,0.666666667
YHL010C,0.666666667
YOR230W,0.666666667
YHR082C,0.666666667
YOL126C,0.666666667
YIR032C,0.666666667
YBR082C,0.666666667
YFR024CA,0.666666667
YHR186C,0.666666667
YLR109W,0.666666667
YBR223C,0.666666667
YPL150W,0.666666667
YOL128C,0.666666667
YLR383W,0.666666667
YPL074W,0.666666667
YBR280C,0.666666667
YFL031W,0.666666667
YNL323W,0.666666667
YNL068C,0.666666667
YJL068C,0.666666667
YGL013C,0.666666667
YNL128W,0.666666667
YJR024C,0.666666667
YBR083W,0.666666667
YCL039W,0.666666667
YLR248W,0.666666667
YCR008W,0.666666667
YIL138C,0.666666667
YLR070C,0.666666667
YLR096W,0.666666667
YGL179C,0.666666667
YLL060C,0.666666667
YGR223C,0.666666667
YDR030C,0.666666667
YOL054W,0.666666667
YNL056W,0.666666667
YJR017C,0.666666667
YBL037W,0.660714286
YDR150W,0.659722222
YNL138W,0.655862105
YMR112C,0.6550754
YOR046C,0.653968254
YCL037C,0.648286866
YFR028C,0.646404838
YOR133W,0.642857143
YBR068C,0.642857143
YJR032W,0.640909091
YAL012W,0.633333333
YML130C,0.632334011
YBR155W,0.631810451
YIL105C,0.628787879
YGL181W,0.62511284
YBR025C,0.623444742
YNL037C,0.614906832
YMR239C,0.611558308
YML054C,0.611111111
YPL063W,0.611111111
YPL209C,0.610526316
YBR156C,0.610526316
YPR141C,0.604166667
YLR134W,0.604040404
YDL126C,0.6
YDR425W,0.591545894
YLR438W,0.590909091
YCL008C,0.585990338
YLR117C,0.584586466
YKL074C,0.584330484
YJL031C,0.583333333
YPR176C,0.583333333
YIL022W,0.580357143
YBR086C,0.579795396
YGR048W,0.576923077
YLL021W,0.57575188
YMR255W,0.570010635
YMR053C,0.568627451
YCL029C,0.568478261
YAL005C,0.56554307
YGR167W,0.55952381
YBL085W,0.559109312
YDR054C,0.558303624
YLR183C,0.55618011
YAL032C,0.553295097
YIL160C,0.55
YLR116W,0.549390798
YGL207W,0.549200653
YPR028W,0.542929293
YNL229C,0.541666667
YDR412W,0.539655423
YGL062W,0.535714286
YMR032W,0.53488491
YGL064C,0.526881205
YBR270C,0.524647922
YNL112W,0.523475152
YPR105C,0.522498554
YLL039C,0.52173913
YHR160C,0.521428571
YPL228W,0.519230769
YGL130W,0.519230769
YGR234W,0.515131579
YGL097W,0.513700642
YDR148C,0.512005373
YPR082C,0.510722044
YOL068C,0.507936508
YBR140C,0.503968254
YCL066W,0.502902622
YMR270C,0.502506266
YFL017WA,0.500849575
YML103C,0.500592885
YKL008C,0.5
YAR044W,0.5
YDR086C,0.5
YMR319C,0.5
YHL003C,0.5
YML075C,0.5
YMR056C,0.5
YOR370C,0.5
YER040W,0.5
YGR254W,0.5
YLR432W,0.5
YMR298W,0.5
YLR450W,0.5
YER087CA,0.5
YML085C,0.5
YBR085W,0.5
YBL078C,0.496825397
YNR007C,0.496746032
YIR017C,0.496581498
YMR276W,0.493034019
YPR173C,0.485714286
YKL112W,0.484737485
YDL002C,0.483216783
YLR221C,0.482444113
YOR123C,0.482074752
YDR002W,0.478686636
YLR342W,0.478571429
YOR279C,0.476190476
YCR034W,0.476190476
YDR310C,0.476190476
YBR218C,0.476190476
YOL082W,0.475540493
YPL095C,0.473067633
YJL110C,0.472222222
YLR394W,0.465277778
YGR150C,0.463480392
YNL039W,0.459649123
YKR083C,0.451388889
YLR060W,0.45
YML028W,0.45
YKL110C,0.45
YPR047W,0.45
YPL002C,0.45
YMR077C,0.45
YMR089C,0.45
YKL181W,0.45
YKR066C,0.45
YPL106C,0.45
YKL150W,0.448484848
YJR135WA,0.444444444
YGR181W,0.444444444
YPL181W,0.435746606
YGL016W,0.433837535
YPL187W,0.432692308
YEL055C,0.425462752
YDR168W,0.425
YGR152C,0.423881674
YHR216W,0.417082626
YLR010C,0.416666667
YCL019W,0.416666667
YDR082W,0.416666667
YIL009CA,0.416666667
YCL020W,0.416666667
YLR318W,0.416666667
YJL143W,0.413131313
YPR171W,0.412855669
YDR259C,0.411773731
YMR303C,0.410714286
YLR371W,0.408532644
YLR178C,0.408205128
YHR060W,0.407189542
YGL173C,0.40676745
YER092W,0.404761905
YDL042C,0.402331002
YLR055C,0.4004329
YHL020C,0.4
YGL192W,0.4
YGR143W,0.4
YCL055W,0.4
YBR057C,0.4
YFL022C,0.4
YKL211C,0.4
YER090W,0.4
YNL049C,0.397389643
YPL028W,0.396464646
YGL246C,0.394047619
YKL059C,0.391208791
YJL124C,0.387061152
YMR294W,0.38407994
YOR076C,0.380409357
YDR390C,0.379304029
YCR030C,0.378503372
YOR127W,0.376756371
YAR073W,0.375
YBR130C,0.374647092
YGR239C,0.371428571
YBR135W,0.370299117
YDL226C,0.370117322
YDR385W,0.368347339
YJR010CA,0.366666667
YIR022W,0.366666667
YPL101W,0.366666667
YGR163W,0.361111111
YKR007W,0.361111111
YPL203W,0.361111111
YIR006C,0.360400517
YCL032W,0.357142857
YLR079W,0.355699856
YOL012C,0.354136604
YPR120C,0.353623188
YHL002W,0.352644928
YCR033W,0.350649351
YKL019W,0.35
YDL090C,0.35
YOR075W,0.35
YNL225C,0.348809524
YPR163C,0.347619048
YER111C,0.346282373
YLR182W,0.346282373
YDR049W,0.345833333
YDR080W,0.342857143
YAL056W,0.342857143
YLR376C,0.342857143
YDR078C,0.342857143
YOR371C,0.342857143
YML007W,0.342831541
YGR192C,0.341953368
YGL127C,0.341299642
YGR004W,0.340909091
YOR048C,0.333359869
YDL105W,0.333333333
YPL232W,0.333333333
YDR164C,0.333333333
YDR320C,0.333333333
YBR121C,0.333333333
YOL061W,0.333333333
YDR341C,0.333333333
YLR052W,0.333333333
YLR378C,0.333333333
YML055W,0.333333333
YDR044W,0.331746032
YGL128C,0.330855998
YDR264C,0.330769231
YOL070C,0.329004329
YKR054C,0.327587519
YNL021W,0.32739726
YBL032W,0.327231666
YER162C,0.326397813
YER016W,0.325
YIR023W,0.325
YOR303W,0.321962759
YJR086W,0.320512821
YLR304C,0.317783094
YKL082C,0.317647059
YHR114W,0.314814815
YLR141W,0.30952381
YJL024C,0.30952381
YPL111W,0.306403329
YNR023W,0.305975971
YGL178W,0.305878332
YLL024C,0.305742036
YNL216W,0.305332168
YKL061W,0.303802864
YLR284C,0.303581594
YKL213C,0.3
YBR170C,0.3
YDR172W,0.299319172
YHR072WA,0.296593615
YPR035W,0.295454545
YGR009C,0.294589372
YOR086C,0.292156863
YDR285W,0.291666667
YFL037W,0.291666667
YKL203C,0.291666667
YNL223W,0.291666667
YOL135C,0.290557662
YDL065C,0.289962582
YBL025W,0.285714286
YHL006C,0.285714286
YDR180W,0.285714286
YDR409W,0.285353535
YBR152W,0.284513806
YJL057C,0.284482759
YDL088C,0.284482759
YML031W,0.284482759
YFR008W,0.283272283
YDR469W,0.277777778
YKL052C,0.277777778
YKL193C,0.273255814
YBR045C,0.273255814
YOL067C,0.271428571
YBL103C,0.271428571
YGR278W,0.271086618
YOR185C,0.267832168
YIL156W,0.267824074
YEL056W,0.267340067
YHR005C,0.266666667
YGL241W,0.266481485
YBR017C,0.265171817
YGR136W,0.263157895
YNL086W,0.263021189
YPL105C,0.262776506
YOR140W,0.261904762
YJL050W,0.261627907
YNL313C,0.261627907
YLR051C,0.261235955
YLR119W,0.261235955
YNL124W,0.260720721
YER145C,0.260526316
YDR307W,0.260526316
YJL152W,0.259259259
YOR281C,0.259259259
YOR205C,0.258823529
YOR180C,0.258823529
YCR086W,0.257142857
YBR027C,0.256666667
YLR353W,0.256666667
YMR213W,0.255555556
YIL070C,0.254761905
YHR086W,0.254309566
YBR166C,0.253968254
YDR430C,0.252631579
YOL058W,0.252631579
YDR009W,0.252631579
YGL026C,0.252631579
YMR108W,0.25
YER124C,0.25
YKR062W,0.247988939
YIL033C,0.244930202
YPL065W,0.243478261
YJL172W,0.243478261
YKL041W,0.242857143
YPR086W,0.239254109
YDL153C,0.238529307
YOR160W,0.23788577
YIL159W,0.236805556
YPL059W,0.236111111
YMR068W,0.236111111
YOL065C,0.234482759
YJL117W,0.234482759
YDR502C,0.233333333
YBR089CA,0.232323232
YJR091C,0.231292517
YDR170C,0.231140389
YLR224W,0.23030303
YOR057W,0.23030303
YHR161C,0.226190476
YJL151C,0.225490196
YPL246C,0.225490196
YHR129C,0.224789916
YOR373W,0.224039265
YMR092C,0.223387723
YDR155C,0.222222222
YDL154W,0.222222222
YAL007C,0.222222222
YBR193C,0.218758989
YBL030C,0.216666667
YDR498C,0.216666667
YJR060W,0.215909091
YPL226W,0.215909091
YDR253C,0.215909091
YCL027W,0.215555556
YNL027W,0.214285714
YGR087C,0.211111111
YML097C,0.211111111
YMR124W,0.20952381
YOR302W,0.20734127
YBR188C,0.206349206
YGR072W,0.205357143
YHR077C,0.205357143
YPR180W,0.202380952
YHR018C,0.202020202
YAL011W,0.201923077
YOR269W,0.201923077
YPR040W,0.201923077
YLR086W,0.201388889
YOR047C,0.200993661
YJL030W,0.2
YPL001W,0.2
YOR122C,0.199145299
YJR033C,0.196969697
YJR009C,0.195488722
YGL210W,0.192512077
YNL304W,0.192512077
YDR300C,0.191666667
YDL078C,0.190909091
YOR120W,0.190909091
YGL245W,0.190909091
YPL213W,0.188405797
YER018C,0.1875
YBR112C,0.184150327
YKR101W,0.183589744
YER123W,0.183333333
YHL024W,0.183333333
YAR002W,0.182631579
YNL078W,0.181818182
YNL334C,0.181818182
YAL025C,0.1806751
YOR101W,0.180555556
YOR035C,0.17884015
YGL027C,0.175595238
YLR160C,0.173809524
YLR155C,0.173809524
YJR089W,0.173160173
YIR002C,0.171428571
YDR174W,0.169355454
YIL118W,0.169312169
YGR108W,0.168478261
YLR210W,0.168478261
YMR065W,0.166666667
YER149C,0.166666667
YBR172C,0.166666667
YER063W,0.166112957
YOR333C,0.166112957
YAL047C,0.165652842
YMR288W,0.163919988
YML069W,0.162337662
YIL045W,0.16025641
YKL119C,0.158823529
YOL148C,0.157575758
YLL016W,0.155555556
YOR033C,0.154761905
YBR216C,0.154747475
YGL095C,0.153846154
YCL014W,0.153846154
YGR264C,0.153609831
YFL012W,0.152116402
YMR192W,0.150507737
YER032W,0.15
YGR156W,0.15
YER047C,0.148255814
YER081W,0.147368421
YDL123W,0.147076023
YBR196C,0.146464646
YLR035C,0.145833333
YNR032W,0.145833333
YMR052W,0.144444444
YHR149C,0.144444444
YDR448W,0.143589744
YPR185W,0.14354067
YEL060C,0.14160628
YFL006W,0.141414141
YKL095W,0.138888889
YLR196W,0.138333333
YCR038C,0.138095238
YBR275C,0.1375
YGR184C,0.136426979
YHR058C,0.134584756
YFL066C,0.134482759
YKL002W,0.134353741
YGL156W,0.132478632
YJR037W,0.131578947
YCL028W,0.131578947
YHL031C,0.129554656
YGR187C,0.128401361
YBL093C,0.127903144
YDR034C,0.126984127
YKL205W,0.126923077
YAL040C,0.126811594
YMR238W,0.125490196
YLR373C,0.125
YER105C,0.12470015
YPL082C,0.124389052
YML124C,0.121428571
YOR231W,0.119298246
YEL034W,0.119298246
YGR116W,0.118875086
YHR068W,0.117690058
YHR098C,0.115131579
YDR120C,0.114906832
YGR121C,0.114906832
YHR123W,0.114906832
YOR197W,0.114512472
YGR166W,0.114512472
YDR408C,0.114492754
YNL315C,0.1125
YDR283C,0.1125
YKR077W,0.110144928
YMR154C,0.109803922
YPR083W,0.108974359
YHL030W,0.106334842
YLR452C,0.105263158
YDR099W,0.105263158
YGR130C,0.104166667
YPL125W,0.102610723
YJL039C,0.101149425
YBL079W,0.100732601
YDR508C,0.097916667
YOR062C,0.097575758
YGL229C,0.097575758
YOR060C,0.097575758
YLR150W,0.096969697
YJR070C,0.09610984
YDR132C,0.095238095
YKL101W,0.094684385
YBR080C,0.094444444
YDR084C,0.093478261
YOR320C,0.093306288
YOR156C,0.093073593
YOR164C,0.091208791
YLR345W,0.089912281
YJL122W,0.08954229
YLR453C,0.089285714
YDR110W,0.089127396
YNL160W,0.088932806
YLR063W,0.087301587
YLR368W,0.085858586
YBL005W,0.083776596
YJR115W,0.083776596
YDR277C,0.083776596
YBR108W,0.083776596
YGL104C,0.083333333
YBR098W,0.083333333
YKR030W,0.083333333
YMR253C,0.083333333
YBR205W,0.083333333
YER115C,0.083333333
YJL004C,0.083333333
YDL229W,0.082633053
YIL034C,0.082043344
YNL092W,0.081626137
YKR069W,0.08125
YOR247W,0.08125
YDR022C,0.076785714
YOR344C,0.075887393
YLR090W,0.073333333
YBL106C,0.073109244
YBR260C,0.072890026
YNL064C,0.071794872
YJR148W,0.071428571
YJL180C,0.069642857
YDR465C,0.069166667
YOR374W,0.068627451
YPL242C,0.067777778
YMR025W,0.066917293
YLR144C,0.066731141
YBL066C,0.065217391
YMR005W,0.065151515
YOR023C,0.064860427
YGL170C,0.064565757
YGR241C,0.064541294
YPR159W,0.062745098
YCL034W,0.062745098
YDR256C,0.061059234
YGR178C,0.059607293
YNL288W,0.056547619
YIL048W,0.056221889
YPR184W,0.056221889
YER107C,0.052082626
YDR484W,0.051470588
YCR073C,0.05
YLR067C,0.0495338
YJR138W,0.048371648
YOR017W,0.04754441
YBL022C,0.047065338
YDL005C,0.046653144
YGL151W,0.046653144
YPR168W,0.046653144
YJL076W,0.044758065
YPR193C,0.044758065
YMR216C,0.043055556
YLL049W,0.042857143
YCR082W,0.042857143
YDR361C,0.042342342
YGL096W,0.042307692
YBL001C,0.042293233
YCR087CA,0.039115646
YCRX16C,0.039115646
YIL071C,0.036111111
YOR285W,0.034482759
YNL034W,0.034482759
YLR435W,0.033615819
YLL027W,0.033615819
YDR459C,0.033342595
YFL017C,0.033342595
YPL215W,0.033224401
YDR383C,0.032894737
YDR318W,0.032894737
YDR485C,0.031130268
YGR035C,0.030952381
YLR269C,0.030555556
YNL199C,0.028594771
YKL017C,0.027619048
YLR135W,0.027619048
YLR056W,0.027619048
YBL081W,0.027619048
YIL132C,0.027441077
YEL068C,0.027210884
YKR086W,0.026472431
YPL128C,0.025904203
YJR067C,0.024540801
YPR154W,0.023823029
YLL065W,0.023421325
YDR229W,0.022795699
YOR329C,0.022795699
YJR134C,0.022795699
YDL055C,0.02270798
YKL067W,0.02270798
YDR353W,0.02270798
YNR071C,0.021428571
YPL098C,0.021428571
YOR074C,0.019158836
YIL005W,0.015992415
YLR455W,0.015992415
YHL009C,0.013245614
YBR295W,0
YPL014W,0
YOR070C,0
YER175C,0
YGL194C,0
YDR340W,0
YBR158W,0
YFL054C,0
YLR350W,0
YOR331C,0
YDL046W,0
YER181C,0
YLR322W,0
YKL221W,0
YAL055W,0
YDL131W,0
YGL065C,0
YHR057C,0
YOR385W,0
YGR065C,0
YGL244W,0
YNL008C,0
YLL012W,0
YNR041C,0
YKR096W,0
YMR265C,0
YDL115C,0
YPL258C,0
YLR414C,0
YHR044C,0
YIR003W,0
YDL137W,0
YFR046C,0
YLR299W,0
YGL166W,0
YGL197W,0
YBR169C,0
YPL221W,0
YAL031C,0
YMR300C,0
YDR399W,0
YJR146W,0
YHR204W,0
YPR062W,0
YDR524C,0
YGL204C,0
YFL003C,0
YDL200C,0
YDL162C,0
YDR315C,0
YKL086W,0
YBR219C,0
YHR127W,0
YIR036C,0
YLR323C,0
YJL010C,0
YIL016W,0
YPR201W,0
YNL211C,0
YMR083W,0
YGL148W,0
YMR279C,0
YGR225W,0
YDR344C,0
YMR182C,0
YJL032W,0
YOR142WA,0
YLR392C,0
YEL069C,0
YGL066W,0
YML038C,0
YCR020CA,0
YGL234W,0
YNR015W,0
YKL015W,0
YDR193W,0
YDR376W,0
YHR047C,0
YNL046W,0
YFL035C,0
YLR267W,0
YJR011C,0
YOR242C,0
YBR271W,0
YGL150C,0
YGR110W,0
YDR121W,0
YKL154W,0
YGR151C,0
YCR094W,0
YPL071C,0
YJR030C,0
YDR010C,0
YKL224C,0
YOR372C,0
YKR073C,0
YKL208W,0
YNL176C,0
YKL105C,0
YDL196W,0
YLR203C,0
YGL029W,0
YOL072W,0
YJR073C,0
YPL169C,0
YFL036W,0
YBL063W,0
YFL040W,0
YJR049C,0
YBR115C,0
YHR185C,0
YER158C,0
YGL263W,0
YLR059C,0
YBL051C,0
YMR271C,0
YGL078C,0
YGL215W,0
YIL172C,0
YBR201W,0
YFL029C,0
YKL109W,0
YPR156C,0
YJL099W,0
YLR132C,0
YLR128W,0
YDR262W,0
YDR372C,0
YBR178W,0
YLR217W,0
YPL084W,0
YFR022W,0
YLL028W,0
YNL273W,0
YBR162WA,0
YOR251C,0
YBL033C,0
YLR190W,0
YOR173W,0
YBR269C,0
YOR220W,0
YNR004W,0
YLR081W,0
YCL030C,0
YDR162C,0
YBL058W,0
YGR210C,0
YDR270W,0
YGR185C,0
YDR483W,0
YNL242W,0
YOL150C,0
YGL081W,0
YKR090W,0
YGR073C,0
YDR334W,0
YKR072C,0
YLR228C,0
YKL160W,0
YEL075C,0
YGR031W,0
YOL112W,0
YDR333C,0
YIL047C,0
YJL056C,0
YOL129W,0
YNL187W,0
YML041C,0
YMR172W,0
YGL183C,0
YAL014C,0
YPL077C,0
YLR034C,0
YMR176W,0
YJL018W,0
YCR042C,0
YLR209C,0
YOL008W,0
YPL276W,0
YNL227C,0
YML029W,0
YBR244W,0
YDR541C,0
YGR199W,0
YGL060W,0
YKL204W,0
YNL019C,0
YOR258W,0
YGL236C,0
YOR138C,0
YJR082C,0
YBR070C,0
YNR043W,0
YDR108W,0
YDR538W,0
YNL014W,0
YDR410C,0
YKL007W,0
YHR109W,0
YJL017W,0
YBR214W,0
YER083C,0
YIL086C,0
YER019W,0
YOL091W,0
YIR011C,0
YHR116W,0
YGL047W,0
YPL121C,0
YER163C,0
YLR387C,0
YIL002C,0
YHR195W,0
YDR527W,0
YER073W,0
YGR276C,0
YAR014C,0
YKL127W,0
YNL087W,0
YPL212C,0
YAL059W,0
YDR190C,0
YNL169C,0
YNL335W,0
YOR081C,0
YDR066C,0
YJR100C,0
YDL201W,0
YLR270W,0
YLR057W,0
YJL072C,0
YKR100C,0
YBR069C,0
YMR295C,0
YDR423C,0
YLR214W,0
YOL152W,0
YGR208W,0
YGR079W,0
YGL124C,0
YHR132C,0
YNL300W,0
YAL019W,0
YEL057C,0
YDR433W,0
YDR214W,0
YOR161C,0
YBL024W,0
YBL101C,0
YJL029C,0
YHL043W,0
YOR093C,0
YER164W,0
YDL237W,0
YFR057W,0
YKL116C,0
YJR019C,0
YHL036W,0
YBR128C,0
YGR026W,0
YLR358C,0
YOL011W,0
YCR036W,0
YBR034C,0
YER176W,0
YDR479C,0
YPR145W,0
YHR190W,0
YJR097W,0
YDL128W,0
YKL137W,0
YIL174W,0
YKL023W,0
YML014W,0
YLL062C,0
YDR023W,0
YKL026C,0
YNL234W,0
YLR460C,0
YOR154W,0
YGL010W,0
YLR028C,0
YGR292W,0
YDR199W,0
YDR107C,0
YOR087W,0
YDR387C,0
YNL036W,0
YDR453C,0
YJR099W,0
YAL054C,0
YCR091W,0
YDR026C,0
YPL092W,0
YJL043W,0
YEL074W,0
YLL046C,0
YHR179W,0
YFL021W,0
YLR053C,0
YHR214W,0
YPL008W,0
YLR040C,0
YGR295C,0
YEL064C,0
YER076C,0
YJR154W,0
YOR198C,0
YGR068C,0
YDL144C,0
YIL096C,0
YDR008C,0
YBR125C,0
YMR009W,0
YPL252C,0
YOR131C,0
YBL039C,0
YLR145W,0
YOR350C,0
YOR172W,0
YNL054W,0
YMR044W,0
YOL066C,0
YOL016C,0
YMR134W,0
YDL210W,0
YPL110C,0
YGL069C,0
YFL030W,0
YCL010C,0
YIL009W,0
YHR096C,0
YPL159C,0
YDL098C,0
YOR386W,0
YPR161C,0
YHR108W,0
YHR182W,0
YOR286W,0
YMR313C,0
YGL052W,0
YBL082C,0
YJL097W,0
YMR296C,0
YER122C,0
YDR018C,0
YBR300C,0
YMR325W,0
YLR225C,0
YOL147C,0
YDR070C,0
YGL230C,0
YDL180W,0
YIL001W,0
YNR046W,0
YDR506C,0
YDL167C,0
YDR503C,0
YLR415C,0
YGL226W,0
YLR226W,0
YDR007W,0
YOR006C,0
YOR177C,0
YOR355W,0
YCL061C,0
YOR054C,0
YMR131C,0
YJL070C,0
YBL104C,0
YPL193W,0
YER069W,0
YOR292C,0
YPL136W,0
YLR289W,0
YBR138C,0
YMR244W,0
YGR291C,0
YDL106C,0
YLR331C,0
YHR024C,0
YMR076C,0
YOR262W,0
YJR079W,0
YNL072W,0
YLR461W,0
YHR032W,0
YCR007C,0
YKR093W,0
YLR140W,0
YGR053C,0
YLR363C,0
YPL119C,0
YKL201C,0
YHR163W,0
YLR198C,0
YBL061C,0
YGR146C,0
YDR511W,0
YOR288C,0
YOL131W,0
YKL107W,0
YOR388C,0
YLR118C,0
YDR464W,0
YOL034W,0
YLR446W,0
YHR056C,0
YDR289C,0
YLR177W,0
YDR063W,0
YNL245C,0
YDR442W,0
YLR359W,0
YKR011C,0
YCLX08C,0
YAL034WA,0
YBR207W,0
YBR263W,0
YEL070W,0
YPL075W,0
YDR072C,0
YOL003C,0
YNL285W,0
YFL068W,0
YNL183C,0
YNL253W,0
YBR012WB,0
YOR359W,0
YGL093W,0
YHR130C,0
YNR034W,0
YDL240W,0
YOR119C,0
YLR247C,0
YCR024C,0
YPL207W,0
YOR317W,0
YDR105C,0
YGR159C,0
YPR049C,0
YML119W,0
YOR196C,0
YNL127W,0
YKL044W,0
YPL244C,0
YOR390W,0
YIL169C,0
YLR194C,0
YOR311C,0
YMR282C,0
YKL070W,0
YIL085C,0
YNL024C,0
YPL052W,0
YMR218C,0
YFR038W,0
YJL107C,0
YMR020W,0
YGR207C,0
YML021C,0
YFL051C,0
YGL131C,0
YGR117C,0
YML062C,0
YDR342C,0
YFL049W,0
YDR062W,0
YHL017W,0
YMR101C,0
YEL018W,0
YJR104C,0
YNL231C,0
YLR261C,0
YMR071C,0
YGR142W,0
YDR071C,0
YPR149W,0
YOR383C,0
YJL066C,0
YDL183C,0
YBR065C,0
YGL105W,0
YFL065C,0
YMR177W,0
YHR211W,0
YJR048W,0
YMR212C,0
YNL013C,0
YJL179W,0
YHL029C,0
YML060W,0
YDR478W,0
YBR141C,0
YLR153C,0
YIL053W,0
YAL051W,0
YPR070W,0
YGR238C,0
YFL013C,0
YCR011C,0
YER028C,0
YJL100W,0
YER104W,0
YHR039C,0
YKR089C,0
YPR123C,0
YIL023C,0
YNR073C,0
YIL077C,0
YDR331W,0
YOL002C,0
YDL100C,0
YLR083C,0
YNL016W,0
YGR033C,0
YJL210W,0
YBL112C,0
YDR463W,0
YLR265C,0
YDR346C,0
YEL076WC,0
YGL258W,0
YKL106W,0
YLR077W,0
YKL188C,0
YGR174C,0
YOR321W,0
YBL052C,0
YBR185C,0
YCL069W,0
YIR044C,0
YJR062C,0
YDL028C,0
YGR294W,0
YHR209W,0
YMR030W,0
YPL135W,0
YOR225W,0
YPR003C,0
YMR228W,0
YPR199C,0
YMR289W,0
YDR349C,0
YLR123C,0
YCL009C,0
YLR131C,0
YGL249W,0
YML116W,0
YDR221W,0
YIL110W,0
YEL041W,0
YER036C,0
YKR035C,0
YKR104W,0
YDL230W,0
YKL174C,0
YPL191C,0
YOR109W,0
YHR049W,0
YLR112W,0
YGR111W,0
YLR213C,0
YFL056C,0
YNL191W,0
YPL245W,0
YMR195W,0
YJL182C,0
YMR155W,0
YOR176W,0
YDR281C,0
YGL225W,0
YNL188W,0
YDR151C,0
YIL050W,0
YKR080W,0
YGL091C,0
YEL011W,0
YNL133C,0
YEL042W,0
YJL091C,0
YLR305C,0
YDR407C,0
YOR271C,0
YPL112C,0
YGL071W,0
YBR222C,0
YDL155W,0
YGR161C,0
YLR205C,0
YLR211C,0
YBR018C,0
YDR474C,0
YBL101WA,0
YDR254W,0
YDR274C,0
YFL067W,0
YNL316C,0
YJR144W,0
YOR188W,0
YLR110C,0
YER066CA,0
YDR528W,0
YNL293W,0
YLR076C,0
YJR119C,0
YPR023C,0
YPR058W,0
YMR144W,0
YLR374C,0
YHR015W,0
YNR066C,0
YML133C,0
YDL054C,0
YOL080C,0
YOR315W,0
YOL022C,0
YDR516C,0
YDL096C,0
YOL073C,0
YDL062W,0
YBL006C,0
YCR068W,0
YDR446W,0
YDR494W,0
YJL192C,0
YNL258C,0
YLR434C,0
YBR273C,0
YDL157C,0
YOR274W,0
YIR025W,0
YNL050C,0
YIL136W,0
YML120C,0
YLR252W,0
YLR440C,0
YDR139C,0
YER010C,0
YKL075C,0
YDL110C,0
YML035C,0
YKL050C,0
YGL157W,0
YLR236C,0
YML082W,0
YDR351W,0
YHR156C,0
YBR067C,0
YGR205W,0
YGL039W,0
YLR239C,0
YGR243W,0
YBR213W,0
YGR045C,0
YBL036C,0
YFR045W,0
YHR151C,0
YPL263C,0
YLR030W,0
YNL066W,0
YJL120W,0
YGR042W,0
YNL291C,0
YIL117C,0
YBL098W,0
YLR250W,0
YKL051W,0
YGL154C,0
YHR178W,0
YCL052C,0
YDR316W,0
YGR196C,0
YLR206W,0
YHR177W,0
YNL035C,0
YIL135C,0
YAR009C,0
YKR064W,0
YGR126W,0
YGR277C,0
YDL211C,0
YGR269W,0
YDR013W,0
YMR097C,0
YDL238C,0
YMR019W,0
YMR181C,0
YBL010C,0
YIR042C,0
YNL015W,0
YOL110W,0
YFR021W,0
YGL102C,0
YIL098C,0
YBR081C,0
YGL149W,0
YGR036C,0
YJL170C,0
YBR248C,0
YLR354C,0
YER007CA,0
YGR169C,0
YOR202W,0
YDR492W,0
YOL078W,0
YOR252W,0
YBR134W,0
YNR039C,0
YFL014W,0
YJL013C,0
YDR363W,0
YGL053W,0
YMR316W,0
YBR105C,0
YBR250W,0
YGR219W,0
YHL049C,0
YGR105W,0
YGL252C,0
YKR040C,0
YOR073W,0
YCR087W,0
YDL112W,0
YMR072W,0
YOR366W,0
YNR016C,0
YIL124W,0
YGL126W,0
YAL018C,0
YJL202C,0
YML037C,0
YCL063W,0
YDL025C,0
YMR064W,0
YDR339C,0
YNR001C,0
YDR003W,0
YPR179C,0
YLR094C,0
YDL050C,0
YER184C,0
YGL180W,0
YKL078W,0
YLR416C,0
YMR237W,0
YBR011C,0
YML104C,0
YFR042W,0
YNL097C,0
YFL027C,0
YOR336W,0
YDR133C,0
YDL023C,0
YGR057C,0
YPR051W,0
YOR142W,0
YIL006W,0
YAR069C,0
YBL065W,0
YPL114W,0
YHR038W,0
YJL052W,0
YLR156W,0
YDR183W,0
YKL010C,0
YBR093C,0
YNL215W,0
YOL100W,0
YDL049C,0
YKL163W,0
YDL146W,0
YBL015W,0
YDR330W,0
YPR133C,0
YNL329C,0
YEL005C,0
YFR011C,0
YER159CA,0
YCL057W,0
YGL143C,0
YDR140W,0
YEL021W,0
YER103W,0
YNL241C,0
YCR095C,0
YOR227W,0
YPL108W,0
YBR061C,0
YMR304W,0
YER180C,0
YMR133W,0
YJL225C,0
YCR071C,0
YDR021W,0
YER065C,0
YBR041W,0
YKL079W,0
YDL087C,0
YDR027C,0
YNL266W,0
YKL021C,0
YGL214W,0
YPL064C,0
YKL034W,0
YJR023C,0
YHL046C,0
YHR011W,0
YGL110C,0
YHR145C,0
YKL029C,0
YNL194C,0
YGR016W,0
YGL084C,0
YPL005W,0
YLR246W,0
YMR048W,0
YGL238W,0
YIL119C,0
YJR120W,0
YPL260W,0
YNL205C,0
YHR071W,0
YOR348C,0
YIL154C,0
YOL083W,0
YKR032W,0
YJR040W,0
YGL094C,0
YLR401C,0
YJL162C,0
YBL043W,0
YPL160W,0
YKL092C,0
YOR309C,0
YMR074C,0
YML110C,0
YOR342C,0
YNL259C,0
YGR247W,0
YGR154C,0
YMR157C,0
YLR045C,0
YKR091W,0
YDR056C,0
YBR139W,0
YJR055W,0
YER037W,0
YHR103W,0
YIL008W,0
YLR168C,0
YOR392W,0
YKR088C,0
YIL064W,0
YML126C,0
YHR079CA,0
YKR092C,0
YOR389W,0
YOL143C,0
YDR251W,0
YER011W,0
YOR108W,0
YBL076C,0
YKL114C,0
YBL017C,0
YBR050C,0
YJL139C,0
YGR023W,0
YKL176C,0
YNL220W,0
YBR089W,0
YIL056W,0
YLR120C,0
YAL022C,0
YCL043C,0
YBL054W,0
YBR117C,0
YPL229W,0
YKR029C,0
YPR167C,0
YOR375C,0
YLR234W,0
YHR079C,0
YBR228W,0
YCR023C,0
YOL035C,0
YDR366C,0
YDR226W,0
YOR009W,0
YBR047W,0
YDR526C,0
YOR053W,0
YBR076W,0
YPR172W,0
YDL215C,0
YHR144C,0
YOR324C,0
YGR060W,0
YBR066C,0
YBR276C,0
YPR031W,0
YOL144W,0
YDL158C,0
YER143W,0
YHR142W,0
YGR094W,0
YDR144C,0
YLR356W,0
YKR079C,0
YDL241W,0
YOR125C,0
YPL024W,0
YIL103W,0
YDR368W,0
YDL071C,0
YKR105C,0
YHR040W,0
YHL044W,0
YDR268W,0
YBR293W,0
YMR299C,0
YHR207C,0
YGR233C,0
YLR290C,0
YNL292W,0
YLR065C,0
YOR072W,0
YNL148C,0
YMR210W,0
YMR323W,0
YFL044C,0
YMR035W,0
YER038C,0
YMR021C,0
YAL064W,0
YOR050C,0
YDR439W,0
YDL056W,0
YBR226C,0
YGL046W,0
YCR048W,0
YPL027W,0
YPL188W,0
YHL027W,0
YJR047C,0
YKL194C,0
YJR092W,0
YOR327C,0
YOR118W,0
YLR326W,0
YIL055C,0
YLL038C,0
YLR346C,0
YJL215C,0
YOR102W,0
YMR114C,0
YER053C,0
YJL135W,0
YNL210W,0
YMR251W,0
YGL009C,0
YPR006C,0
YAL060W,0
YHL023C,0
YOL056W,0
YGR149W,0
YOR305W,0
YAL064WB,0
YBL077W,0
YML127W,0
YER153C,0
YMR316CB,0
YKL134C,0
YPL167C,0
YDL091C,0
YDR515W,0
YPR066W,0
YGL174W,0
YHR050W,0
YJL012C,0
YIL051C,0
YOR379C,0
YFR007W,0
YDR514C,0
YNR045W,0
YLR031W,0
YBR043C,0
YJR004C,0
YPL163C,0
YJL155C,0
YLR199C,0
YGR168C,0
YNL319W,0
YLR332W,0
YPL253C,0
YCL026CA,0
YDR489W,0
YFR012W,0
YDR213W,0
YOR008C,0
YER189W,0
YDR106W,0
YBR013C,0
YOL050C,0
YBR095C,0
YDR403W,0
YMR257C,0
YGL185C,0
YNL192W,0
YKR044W,0
YNL139C,0
YGL145W,0
YDR075W,0
YDR374C,0
YMR223W,0
YPR053C,0
YGR070W,0
YBR235W,0
YDR068W,0
YNR024W,0
YGR122W,0
YKL153W,0
YJR001W,0
YOL116W,0
YOL132W,0
YGL021W,0
YMR297W,0
YOL130W,0
YOR175C,0
YLR297W,0
YNL158W,0
YJR117W,0
YIL162W,0
YIR039C,0
YIR013C,0
YJR108W,0
YDR079W,0
YNL193W,0
YOL030W,0
YLR316C,0
YJR162C,0
YOR025W,0
YKL192C,0
YBR241C,0
YDR122W,0
YDR017C,0
YMR010W,0
YBL042C,0
YMR163C,0
YPR085C,0
YIL111W,0
YNL155W,0
YLR407W,0
YEL020C,0
YLR320W,0
YCL005W,0
YMR222C,0
YLR315W,0
YDR384C,0
YJR031C,0
YLR456W,0
YKR099W,0
YOR273C,0
YAL042W,0
YOR031W,0
YHR138C,0
YLR259C,0
YPL107W,0
YNR061C,0
YDL037C,0
YDL203C,0
YHR008C,0
YLR240W,0
YGL134W,0
YHL019C,0
YOR029W,0
YNR058W,0
YPR118W,0
YJR141W,0
YBR097W,0
YGR281W,0
YLR349W,0
YOR124C,0
YDR292C,0
YNL073W,0
YDL161W,0
YGL032C,0
YGR088W,0
YIR035C,0
YLR454W,0
YBL044W,0
YGR182C,0
YBR174C,0
YPL019C,0
YGR018C,0
YDR440W,0
YJR140C,0
YML011C,0
YLR159W,0
YOR345C,0
YNR029C,0
YLR133W,0
YGL063W,0
YBR184W,0
YBR204C,0
YGL006W,0
YGR263C,0
YNR040W,0
YOR263C,0
YAL028W,0
YJL080C,0
YLR137W,0
YPL222W,0
YBR265W,0
YCR044C,0
YKL047W,0
YEL077C,0
YBR281C,0
YLR466W,0
YER051W,0
YDR169C,0
YER064C,0
YKL209C,0
YER142C,0
YGR191W,0
YLR154C,0
YOR148C,0
YDR111C,0
YBR233W,0
YGR153W,0
YDR136C,0
YHR090C,0
YNL163C,0
YLR036C,0
YJL079C,0
YPR130C,0
YPL262W,0
YBR301W,0
YDR001C,0
YGL014W,0
YIL025C,0
YLR317W,0
YDR247W,0
YOL009C,0
YPR152C,0
YLR301W,0
YBR064W,0
YJR127C,0
YNL264C,0
YDR444W,0
YKL157W,0
YJR034W,0
YIL019W,0
YEL050C,0
YNL281W,0
YOL117W,0
YJL219W,0
YBR004C,0
YER151C,0
YGL073W,0
YPR045C,0
YHR055C,0
YBL053W,0
YML131W,0
YEL072W,0
YJR133W,0
YJL059W,0
YJR157W,0
YBR077C,0
YJL165C,0
YJR130C,0
YIR004W,0
YLR046C,0
YDR215C,0
YDR436W,0
YEL071W,0
YOR162C,0
YIL139C,0
YIR001C,0
YLR039C,0
YOR051C,0
YOR358W,0
YOR013W,0
YKL124W,0
YOL020W,0
RRP13,0
YDL113C,0
YHR191C,0
YOR080W,0
YJL184W,0
YBR113W,0
YLR308W,0
YDR413C,0
YGR179C,0
YDR179C,0
YDR400W,0
YDR288W,0
YPL130W,0
YOL137W,0
YOR214C,0
YBR124W,0
YDR542W,0
YGL001C,0
YLL014W,0
YDL070W,0
YDR271C,0
YOL107W,0
YAL058W,0
YFR039C,0
YCL056C,0
YPL023C,0
YNL028W,0
YMR067C,0
YLR303W,0
YNL237W,0
YLR281C,0
YLL037W,0
YFR054C,0
YBR096W,0
YGR251W,0
YMR206W,0
YML022W,0
YGR275W,0
YDR177W,0
YOR241W,0
YOL017W,0
YKR043C,0
YKL161C,0
YDL104C,0
YJL023C,0
YDR159W,0
YOL046C,0
YBR291C,0
YFR055W,0
YFL026W,0
YPR136C,0
YBR054W,0
YLR437C,0
YKL025C,0
YBR284W,0
YER049W,0
YML107C,0
YDR357C,0
YKL063C,0
YGR101W,0
YLR422W,0
YNR063W,0
YML117W,0
YJR077C,0
YMR178W,0
YLR237W,0
YLL032C,0
YNR048W,0
YPR138C,0
YLR161W,0
YCR004C,0
YLL052C,0
YGL235W,0
YLR164W,0
YCR107W,0
YLR125W,0
YGL023C,0
YPR037C,0
YGL042C,0
YOL118C,0
YOR222W,0
YNL100W,0
YJL015C,0
YFR053C,0
YPR046W,0
YMR184W,0
YGR271W,0
YOL105C,0
YBL009W,0
YNR072W,0
YDR269C,0
YLL031C,0
YOR084W,0
YGR139W,0
YIL031W,0
YKR019C,0
YPR113W,0
YPR177C,0
YOR066W,0
YOR064C,0
YFL058W,0
YBR006W,0
YJL006C,0
YIL059C,0
YKL168C,0
YGR250C,0
YER044C,0
YDR314C,0
YDR290W,0
YGL015C,0
YBR058C,0
YFR017C,0
YDL133W,0
YDR534C,0
YHR094C,0
YGR249W,0
YDR067C,0
YPL257W,0
YER129W,0
YPL152W,0
YMR264W,0
YJL213W,0
YLR130C,0
YPR125W,0
YBR243C,0
YHR180W,0
YDR102C,0
YIL082W,0
YJR135C,0
YDR005C,0
YER004W,0
YFL011W,0
YGL054C,0
YMR260C,0
YAL024C,0
YJR126C,0
YDR367W,0
YDL125C,0
YBR116C,0
YPR076W,0
YKL155C,0
YOR387C,0
YKR016W,0
YHR175W,0
YNL122C,0
YDR061W,0
YKL087C,0
YJL204C,0
YPR174C,0
YKR020W,0
YLR049C,0
YPL020C,0
YER154W,0
YMR269W,0
YER159C,0
YLR193C,0
YDL036C,0
YCL044C,0
YOR107W,0
YBR040W,0
YPL205C,0
YDL114W,0
YMR317W,0
YIL151C,0
YBL068W,0
YGL158W,0
YDL231C,0
YOR018W,0
YJR125C,0
YCL012W,0
YDL084W,0
YOR187W,0
YKL164C,0
YBR239C,0
YKL073W,0
YOR381W,0
YJL149W,0
YLR312C,0
YMR004W,0
YHR134W,0
YPR094W,0
YMR305C,0
YLR017W,0
YCL046W,0
YBR162C,0
YJL086C,0
YCR101C,0
YPR038W,0
YBR262C,0
YJL208C,0
MEL1,0
YJL125C,0
YCR097W,0
YMR069W,0
YNL135C,0
YHL005C,0
YPR030W,0
YHR100C,0
YNL042W,0
YMR211W,0
YGL087C,0
YDR252W,0
YKR087C,0
YGR066C,0
YMR088C,0
YJL058C,0
YNL239W,0
YGR203W,0
YJR080C,0
YNR036C,0
YIL173W,0
YCR067C,0
YDR513W,0
YIL011W,0
YNL280C,0
YLR085C,0
YIL152W,0
YOL151W,0
YPR183W,0
YMR275C,0
YLR338W,0
YBR209W,0
YDR255C,0
YPL178W,0
YPL231W,0
YOR095C,0
YGL250W,0
YKL036C,0
YKL072W,0
YPL089C,0
YIL091C,0
YGL005C,0
YPR004C,0
YLL020C,0
YIR016W,0
YBR220C,0
YDL139C,0
YJR136C,0
YDR350C,0
YGR100W,0
YIL065C,0
YNR065C,0
YCL058C,0
YDR231C,0
YPL238C,0
YOR300W,0
YHR087W,0
YER088C,0
YOL159C,0
YDL086W,0
YBL071C,0
YPL270W,0
YCL004W,0
YBR246W,0
YFR018C,0
YNR050C,0
YOL032W,0
YOR010C,0
YML123C,0
YMR226C,0
YKL186C,0
YFL007W,0
YCL036W,0
YCR076C,0
YGL083W,0
YNR042W,0
YGR290W,0
YBL056W,0
YMR221C,0
YER128W,0
YJL075C,0
YFL043C,0
YGL239C,0
YBR231C,0
YDR126W,0
YGL242C,0
YFL050C,0
YPL196W,0
YDR461W,0
YKR017C,0
YJL055W,0
YKL126W,0
YKR065C,0
YCL045C,0
YDR141C,0
YBL113C,0
YDL127W,0
YIL104C,0
YPL172C,0
YMR183C,0
YEL059W,0
YBR042C,0
YHL009WA,0
YOR265W,0
YMR152W,0
YMR003W,0
YHR035W,0
YBR285W,0
YLR227C,0
YKL182W,0
YGR296W,0
YGL261C,0
YBR192W,0
YMR147W,0
YPL018W,0
YJL021C,0
YIL112W,0
YOR004W,0
YML023C,0
YHR121W,0
YMR307W,0
YDR196C,0
YML074C,0
YEL049W,0
YLL033W,0
YOR246C,0
YGL251C,0
YBR033W,0
YDL118W,0
YNL079C,0
YPL076W,0
YLR050C,0
YCR060W,0
YGR062C,0
YMR138W,0
YBR186W,0
YMR233W,0
YKL111C,0
YAR030C,0
YBR003W,0
YAR061W,0
YOR264W,0
YJR116W,0
YCL038C,0
YKL179C,0
YPL216W,0
YCL067C,0
YKR010C,0
YGL018C,0
YBR107C,0
YPL201C,0
YJL019W,0
YDR098C,0
YKL133C,0
YER071C,0
YCR065W,0
YER091C,0
YPL057C,0
YDR038C,0
YML111W,0
YMR173W,0
YDR397C,0
YBR001C,0
YLR068W,0
YPL233W,0
YOR034C,0
YPL066W,0
YNL004W,0
YDR505C,0
YKL215C,0
YLR021W,0
YPL037C,0
YHR112C,0
YPR115W,0
YGL254W,0
YJL048C,0
YJR012C,0
YHR053C,0
YEL048C,0
YPL208W,0
YDL243C,0
YNL324W,0
YKL120W,0
YKL197C,0
YPR063C,0
YOR294W,0
YHR159W,0
YNL018C,0
YLR171W,0
YFL052W,0
YGL057C,0
YKL090W,0
YPL034W,0
YML078W,0
YBR225W,0
YGR165W,0
YJL186W,0
YNR064C,0
YKL088W,0
YPR148C,0
YOR226C,0
YBL086C,0
YBR131W,0
YFL047W,0
YKL076C,0
YLR008C,0
YOR049C,0
YGR236C,0
YEL008W,0
YOR245C,0
YMR302C,0
YER039C,0
YLR379W,0
YBR240C,0
YJR132W,0
YLR253W,0
YOL099C,0
YLR092W,0
YJL200C,0
YJL185C,0
YER062C,0
YDR263C,0
YCR063W,0
YKL177W,0
YKR001C,0
YDL216C,0
YGL125W,0
YOL163W,0
YBR020W,0
YKL077W,0
YMR110C,0
YDR236C,0
YNR031C,0
YFL045C,0
YLR054C,0
YLR428C,0
YML129C,0
YMR123W,0
YDL129W,0
YLR393W,0
YEL062W,0
YPR169W,0
YGR201C,0
YJR069C,0
YGL205W,0
YML008C,0
YJL087C,0
YPL032C,0
YIL024C,0
YDR219C,0
YGL138C,0
YNL235C,0
YPL053C,0
YHL026C,0
YJL159W,0
YOR147W,0
YEL038W,0
YBL031W,0
YJL175W,0
YFL010C,0
YNL164C,0
YJR105W,0
YLR241W,0
YKL056C,0
YOR088W,0
YBR090C,0
YDR286C,0
YJL114W,0
YOR318C,0
YLR201C,0
YHR189W,0
YDL221W,0
YGL202W,0
YLR114C,0
YMR232W,0
YPR079W,0
YPL050C,0
YDL015C,0
YAL026C,0
YPR126C,0
YMR209C,0
YER119C,0
YHL045W,0
YOL106W,0
YBL020W,0
YBR099C,0
YBL075C,0
YPL120W,0
YDL235C,0
YNL144C,0
YNL233W,0
YAR064W,0
YOR314W,0
YDL233W,0
YIL039W,0
YGL169W,0
YJL047C,0
YOL028C,0
YNL328C,0
YDR165W,0
YCR021C,0
YJL146W,0
YOR384W,0
YCR106W,0
YOL109W,0
YGR014W,0
YDL022W,0
YIL032C,0
YDL085W,0
YFL002WB,0
YDR435C,0
YHR201C,0
YOR338W,0
YDR532C,0
YDL093W,0
YNR049C,0
YER078C,0
YBR180W,0
YER007C,0
YHR168W,0
YJR131W,0
YNL145W,0
YBL067C,0
YGR124W,0
YMR243C,0
YPL146C,0
YDL214C,0
YLL030C,0
YDL173W,0
YPR059C,0
YPL236C,0
YPL190C,0
YBL095W,0
YLR311C,0
YDL135C,0
YDR445C,0
YGR209C,0
YDR373W,0
YOL104C,0
YAL062W,0
YER084W,0
YPL224C,0
YIL020C,0
YMR214W,0
YDR457W,0
YHL008C,0
YNR030W,0
YGR282C,0
YML089C,0
YER188W,0
YPR048W,0
YBR299W,0
YOR040W,0
YLR151C,0
YIL092W,0
YLR285W,0
YDL094C,0
YAR071W,0
YLR136C,0
YBR038W,0
YIR037W,0
YFL041W,0
YJL078C,0
YNL134C,0
YMR315W,0
YMR258C,0
YER093C,0
YBR211C,0
YNL289W,0
YOL064C,0
YDR415C,0
YLR389C,0
YBR237W,0
YMR250W,0
YGR003W,0
YLR218C,0
YOR079C,0
YLR257W,0
YGR229C,0
YDR380W,0
YLL042C,0
YML034W,0
YIL157C,0
YLL023C,0
YAR031W,0
YMR132C,0
YCR045C,0
YLR174W,0
YOR146W,0
YNR013C,0
YJL082W,0
YJL084C,0
YHRS03C,0
YEL063C,0
YLL047W,0
YBL047C,0
YAL045C,0
YNL140C,0
YLR343W,0
YKL055C,0
YOL146W,0
YPR084W,0
YIR014W,0
YOL015W,0
YDL247W,0
YLR413W,0
YPR158WB,0
YOR112W,0
YHL048W,0
YBR012C,0
YPL251W,0
YHR009C,0
YOL059W,0
YGR293C,0
YLL057C,0
YGL119W,0
YBR229C,0
YFR014C,0
YIR024C,0
YNL152W,0
YGL028C,0
YIL057C,0
YNL045W,0
YDR250C,0
YGL132W,0
YOR347C,0
YGR071C,0
YNL255C,0
YMR017W,0
YJR003C,0
YMR063W,0
YLR072W,0
YLR042C,0
YDR154C,0
YHR198C,0
YDL218W,0
YLR095C,0
YER168C,0
YBR249C,0
YER045C,0
YGR283C,0
YGL050W,0
YLR058C,0
YML125C,0
YMR204C,0
YGR021W,0
YGR069W,0
YGL113W,0
YGR289C,0
YBR056W,0
YLR287C,0
YDR040C,0
YKL043W,0
YPR073C,0
YPL133C,0
YJR051W,0
YDR456W,0
YER137C,0
YFL002WA,0
YGR080W,0
YOL103WB,0
YPL004C,0
YPL025C,0
YIL040W,0
YBL080C,0
YCR100C,0
YOR153W,0
YDL026W,0
YOR003W,0
YBR255W,0
YCR022C,0
YBR008C,0
YFL015C,0
YHR212C,0
YAL038W,0
YNR074C,0
YJR087W,0
YBR103W,0
YAR060C,0
YDL224C,0
YKR070W,0
YER140W,0
YOR378W,0
YIR010W,0
YBR296C,0
YDR421W,0
YMR234W,0
YMR058W,0
YOR221C,0
YCR099C,0
YLL051C,0
YOR007C,0
YBL109W,0
YNL011C,0
YKR005C,0
YHR137W,0
YLR385C,0
YOL136C,0
YNL226W,0
YGL139W,0
YIL049W,0
YMR118C,0
YDL012C,0
YMR215W,0
YJL036W,0
YPR121W,0
YHR034C,0
YCL023C,0
YIL042C,0
YPR099C,0
YOR204W,0
YGR206W,0
YER043C,0
YLR457C,0
YOL156W,0
YKL038W,0
YGL259W,0
YIR012W,0
YGR177C,0
YGR077C,0
YBR149W,0
YLR283W,0
YGR211W,0
YPL056C,0
YOR171C,0
YMR057C,0
YNL009W,0
YJL088W,0
YBR266C,0
YFL034W,0
YDL168W,0
YLR443W,0
YOL111C,0
YIL134W,0
YNL208W,0
YOR068C,0
YPL283C,0
YJL067W,0
YDR512C,0
YBL089W,0
YAL015C,0
YFL023W,0
YDR371W,0
YBL107C,0
YJL134W,0
YPL009C,0
YKL222C,0
YOR289W,0
YPR065W,0
YJL131C,0
YOR032C,0
YGR284C,0
YLR420W,0
YNL327W,0
YBR208C,0
YML018C,0
YCR016W,0
YLR001C,0
YGL036W,0
YDR184C,0
YJR020W,0
YPL156C,0
YNL217W,0
YOR363C,0
YDR326C,0
YER058W,0
YLR099C,0
YLR181C,0
YDL076C,0
YNL326C,0
YDR233C,0
YMR278W,0
YNL091W,0
YNL204C,0
YHR033W,0
YEL016C,0
YLR243W,0
YAL066W,0
YBR157C,0
YDR203W,0
YLR334C,0
YNL279W,0
YJR025C,0
YMR014W,0
YDR152W,0
YNL219C,0
YOR352W,0
YPR188C,0
YNR027W,0
YGR228W,0
YEL019C,0
YBR197C,0
YBR014C,0
YDL041W,0
YOL036W,0
YBL102W,0
YDL178W,0
YOR134W,0
YIR026C,0
YMR180C,0
YBL097W,0
YOR354C,0
YHL022C,0
YLL015W,0
YJL160C,0
YMR200W,0
YNL051W,0
YPL038W,0
YDR095C,0
YCR050C,0
YGR046W,0
YPL060W,0
YIL028W,0
YNR025C,0
YLR012C,0
YLR313C,0
YMR002W,0
YOL093W,0
YMR219W,0
YEL047C,0
YDR431W,0
YLR398C,0
YJR015W,0
YNR018W,0
YLR204W,0
YHR004C,0
YKL024C,0
YKL183W,0
YIL158W,0
YML070W,0
YOR282W,0
YLR157CA,0
YDR077W,0
YHR022C,0
YER120W,0
YDR305C,0
YNR075W,0
YKR050W,0
YNR005C,0
YMR207C,0
YOL095C,0
YIR027C,0
YOL075C,0
YBR028C,0
YBR212W,0
YER152C,0
YBL019W,0
YDR523C,0
YER079W,0
YJL178C,0
YER052C,0
YOL045W,0
YGL098W,0
YLR220W,0
YBR161W,0
YER001W,0
YHR063C,0
YHR136C,0
YER132C,0
YGR050C,0
YGR141W,0
YMR267W,0
YBR272C,0
YLR143W,0
YGL055W,0
YDL121C,0
YOR219C,0
YHR070W,0
YKR021W,0
YPR122W,0
YER019CA,0
YOR082C,0
YDR343C,0
YDL172C,0
YNR006W,0
YPR008W,0
YOR325W,0
YKL033W,0
YCL025C,0
YOR014W,0
YDR323C,0
YBR145W,0
YLR399C,0
YDR332W,0
YGR259C,0
YJL094C,0
YER041W,0
YCL065W,0
YLR007W,0
YPL102C,0
YOR208W,0
YOR266W,0
YMR075CA,0
YBR215W,0
YDL052C,0
YAR047C,0
YDR042C,0
YLR215C,0
YBR144C,0
YML079W,0
YGR244C,0
YGL184C,0
YEL013W,0
YLR011W,0
YPL180W,0
YLR426W,0
YPL280W,0
YCL022C,0
YLR088W,0
YLL022C,0
YGR086C,0
YAR002CA,0
YDL204W,0
YHR102W,0
YCR047C,0
YGL079W,0
YLR176C,0
YPL145C,0
YER169W,0
YKL146W,0
YBR194W,0
YFL055W,0
YPR096C,0
YKR074W,0
YPR014C,0
YNR033W,0
YER087W,0
YDR419W,0
YDR370C,0
YGR017W,0
YNR044W,0
YGL024W,0
YOL001W,0
YPR157W,0
YPL097W,0
YCL017C,0
YCL050C,0
YMR041C,0
YFR013W,0
YGL074C,0
YOR059C,0
YNR009W,0
YJL142C,0
YGR221C,0
YNL141W,0
YGR099W,0
YPR032W,0
YEL023C,0
YNL105W,0
YOR377W,0
YOR307C,0
YML027W,0
YHR031C,0
YMR285C,0
YDL171C,0
YMR051C,0
YFL020C,0
YHR003C,0
YIL014W,0
YLR255C,0
YCR027C,0
YIL010W,0
YGR161CC,0
YNL320W,0
YHL021C,0
YMR079W,0
YOR257W,0
YPR050C,0
YDL138W,0
YKL102C,0
YIL145C,0
YMR018W,0
YNL212W,0
YOR209C,0
YMR091C,0
YNL321W,0
YFL024C,0
YPL177C,0
YDR043C,0
YLR381W,0
YDR530C,0
YBR021W,0
YIL137C,0
YCL049C,0
YIL054W,0
YBR277C,0
YPL067C,0
YOL101C,0
YLR329W,0
YGR242W,0
YPR033C,0
YNL003C,0
YMR179W,0
YCL076W,0
YCL033C,0
YML108W,0
YNL020C,0
YNL202W,0
YGR213C,0
YLR390WA,0
YLR366W,0
YDR279W,0
YDR287W,0
YDR275W,0
YBR261C,0
YFR026C,0
YNL173C,0
YGL168W,0
YGR188C,0
YKL069W,0
YNR022C,0
YOR393W,0
YMR119W,0
YOR037W,0
YMR141C,0
YNL058C,0
YMR008C,0
YKL175W,0
YJL153C,0
YCL007C,0
YLR172C,0
YML101C,0
YNL246W,0
YHR043C,0
YBL094C,0
YGL165C,0
YOR141C,0
YLR273C,0
YMR284W,0
YLR097C,0
YLR397C,0
YBR106W,0
YMR075W,0
YNL012W,0
YGL051W,0
YBR101C,0
YJL158C,0
YMR151W,0
YKR022C,0
YML013W,0
YDR455C,0
YOL088C,0
YPL200W,0
YKL093W,0
YBR242W,0
YFL061W,0
YLL009C,0
YGR064W,0
YOR349W,0
YJL065C,0
YJR008W,0
YJL064W,0
YJL071W,0
YDL103C,0
YNL007C,0
YML059C,0
YLR462W,0
YOR121C,0
YDL186W,0
YJR044C,0
YOL154W,0
YNL206C,0
YAL049C,0
YKL001C,0
YOL063C,0
YMR150C,0
YNL109W,0
YCR054C,0
YPR135W,0
YOR215C,0
YBR187W,0
YNR068C,0
YLR459W,0
YER144C,0
YLR372W,0
YKL039W,0
YFR044C,0
YPR001W,0
YKL098W,0
YMR202W,0
YNL107W,0
YAR066W,0
YIL027C,0
YOR299W,0
YDR205W,0
YPL073C,0
YIL044C,0
YFR009W,0
YHR036W,0
YLR430W,0
YDL212W,0
YIL163C,0
YPL241C,0
YGL253W,0
YHR193C,0
YAR020C,0
YER026C,0
YGL222C,0
YKR023W,0
YER089C,0
YGR133W,0
YCR041W,0
YOR114W,0
YNL286W,0
YLR124W,0
YGL004C,0
YLR327C,0
YOR190W,0
YLR294C,0
YHR120W,0
YLR126C,0
SSR1,0
YBR023C,0
YOL140W,0
YIL078W,0
YOL081W,0
YDL066W,0
YNL201C,0
YDR438W,0
YNL146W,0
YFL042C,0
YER066W,0
YJR072C,0
YNL081C,0
YOR239W,0
YDR379W,0
YDR531W,0
YER106W,0
YCL016C,0
YDR487C,0
YNL095C,0
YGR189C,0
YPR143W,0
YNL196C,0
YLR163C,0
YLL054C,0
YLR066W,0
YBR286W,0
YCL062W,0
YMR140W,0
YBR230C,0
YOR236W,0
YGR160W,0
YOR090C,0
YER067W,0
YGL155W,0
YOR028C,0
YKR095W,0
YNR059W,0
YNL142W,0
YPL249C,0
YOR382W,0
YNR028W,0
YDR006C,0
YHR187W,0
YCL051W,0
YPL265W,0
YBR190W,0
YDR031W,0
YMR187C,0
YER101C,0
YHR083W,0
YGR107W,0
YGR257C,0
YDR135C,0
YDR452W,0
YOR097C,0
YJL212C,0
YER156C,0
YDR085C,0
YNL076W,0
YOR364W,0
YLR365W,0
YJL035C,0
YDL236W,0
YFL010WA,0
YDL053C,0
YDR454C,0
YOR189W,0
YGL256W,0
YBR252W,0
YOR360C,0
YGR237C,0
YLR121C,0
YML095CA,0
YDL219W,0
YLR242C,0
YOL044W,0
YKR106W,0
YGL162W,0
YBR302C,0
YDR417C,0
YDR441C,0
YER077C,0
YKL178C,0
YER167W,0
YDR319C,0
YML048W,0
YPL040C,0
YLR146C,0
YLR348C,0
YCR098C,0
YMR066W,0
YER096W,0
YKL191W,0
YDR504C,0
YLR189C,0
YMR102C,0
YLR104W,0
YLR266C,0
YBR283C,0
YHR128W,0
YLR235C,0
YEL012W,0
YPL068C,0
YDL016C,0
YDR134C,0
YBR179C,0
YKL006CA,0
YLR412W,0
YBL059W,0
YMR039C,0
YAR035W,0
YDR327W,0
YJL174W,0
YER057C,0
YER150W,0
YNL276C,0
YLR390W,0
YDR143C,0
YFR043C,0
YHR140W,0
YPR074C,0
YOL085C,0
YDL045C,0
YNL171C,0
YLR098C,0
YLL006W,0
YGR049W,0
YDR348C,0
YPR078C,0
YHR215W,0
YDR536W,0
YKR031C,0
YLR037C,0
YLR436C,0
YPR106W,0
YHR067W,0
YIL153W,0
YDL189W,0
YOR104W,0
YDR123C,0
YDR249C,0
YNL055C,0
YER035W,0
YER121W,0
YDL001W,0
YGR098C,0
YKL171W,0
YMR087W,0
YPR114W,0
YDR509W,0
YLL043W,0
YNL125C,0
YPL061W,0
YFL001W,0
YDR428C,0
YNL277W,0
YER061C,0
YPR194C,0
YPL227C,0
YER116C,0
YOR301W,0
YIL108W,0
YDL035C,0
YLR411W,0
YIL129C,0
YDL072C,0
YOR244W,0
YER048C,0
YHR028C,0
YDR304C,0
YER186C,0
YLR202C,0
YJL168C,0
YBR019C,0
YBR074W,0
YDL024C,0
YNL257C,0
YPL269W,0
YML006C,0
YPR077C,0
YIR040C,0
YLR173W,0
YPL096W,0
YEL006W,0
YHR065C,0
YPR015C,0
YIL097W,0
YPR155C,0
YKL195W,0
YOL043C,0
YER003C,0
YGL177W,0
YER136W,0
YOR298CA,0
YHR194W,0
YIL149C,0
YLR080W,0
YLR251W,0
YHR080C,0
YLR230W,0
YDL063C,0
YML053C,0
YOL031C,0
YPL257WA,0
YJR038C,0
YAL013W,0
YHL042W,0
YAL030W,0
YBR052C,0
YAL004W,0
YLR339C,0
YKL149C,0
YBL100C,0
YGR134W,0
YOR201C,0
YNL165W,0
YHR133C,0
YPR011C,0
YOL042W,0
YHR045W,0
YGL043W,0
YMR277W,0
YIL060W,0
YDR206W,0
YLL059C,0
YLR465C,0
YGR235C,0
YBR073W,0
YDR389W,0
YPL175W,0
YML061C,0
YDL011C,0
YML106W,0
YGR285C,0
YML068W,0
YLR100W,0
YER109C,0
YIL130W,0
YPR203W,0
YOR143C,0
YLR064W,0
YIL029C,0
YGL075C,0
YOR100C,0
YCL035C,0
YIL141W,0
YGR059W,0
YIL121W,0
YPL158C,0
YBR035C,0
YFR032C,0
YDL149W,0
YMR165C,0
YLR223C,0
YDR533C,0
YMR090W,0
YCR059C,0
YOL087C,0
YDR317W,0
YPL219W,0
YPL157W,0
YER113C,0
YNL224C,0
YHR091C,0
YIL013C,0
YPL154C,0
YBR238C,0
YLR351C,0
YOR323C,0
YMR137C,0
YGR078C,0
YMR293C,0
YLL013C,0
YJL045W,0
YMR160W,0
YGR123C,0
YOR011W,0
YNL104C,0
YNL190W,0
YLR425W,0
YKR053C,0
YBR129C,0
YGR115C,0
YNR051C,0
YDR160W,0
YGL217C,0
YDR273W,0
YER170W,0
YDR329C,0
YHR122W,0
YJL102W,0
YPR069C,0
YOR346W,0
YOR298W,0
YNR069C,0
YLR254C,0
YOR184W,0
YOL014W,0
YBR168W,0
YJL211C,0
YHR106W,0
YDR345C,0
YJR143C,0
YHR167W,0
YER147C,0
