YHL004W,0.0
YPL192C,0.2103641456582633
YFR032C-A,0.0
YOR070C,2.576014456044521
YLR061W,0.0
YER175C,0.0
YLR350W,0.0
YHR084W,0.7261904761904762
YDR340W,0.0
YBR158W,0.0
YFL054C,0.0
YJL062W,0.060714285714285714
YOR331C,0.0
YPL170W,0.0
YDL046W,0.0
YER181C,0.0
YLR322W,0.0
YKL221W,0.0
YPR055W,0.5383449883449883
YAL055W,0.0
YDL131W,0.0
YGL065C,0.0
YCR002C,2.018556998556998
YGR262C,0.0
YBR290W,0.013922895962360172
YDR060W,0.0
YHR019C,0.0
YHR057C,0.0
YPL047W,0.0
YCR072C,0.0540045766590389
YOR385W,0.0
YPL257W-A,0.0
YOR110W,0.0
YNR041C,0.0
YGR065C,0.0
YGL244W,0.8218774624809122
YNL008C,0.0
YLL012W,0.0
YLR195C,0.0
YKR096W,0.0
YPL091W,0.0
YMR265C,0.0
YNR017W,0.0
YER014C-A,0.0
YPL258C,0.0
YLR414C,0.0
YLR299W,0.0
YIR003W,0.11691955113007745
YDL137W,0.7393939393939394
YIL143C,0.0
YMR042W,0.0
YFR046C,0.0
YGR024C,0.0
YLR335W,0.15347564313081552
YOR191W,0.0
YGL166W,0.0
YLR224W,0.25
YGL104C,0.0
YBR055C,0.0
YGL197W,0.0
YDR285W,0.0
YBR169C,0.0
YNL298W,7.962498651105113
YPR159W,0.3093681917211329
YGR090W,0.0
YJR055W,0.0
YNL061W,0.0
YPL221W,0.0
YAL031C,0.0
YLR268W,1.5578775656738564
YJR146W,0.0
YGR081C,0.0
YLR360W,0.5170980385500483
YDR399W,0.0
YJL189W,0.0
YPR062W,0.0
YHR204W,0.0
YDR429C,0.6428571428571428
YOL108C,0.0
YBR275C,0.1236111111111111
YDR280W,0.0
YDR524C,0.0
YGL204C,0.0
YGR118W,0.0
YKL086W,0.0
YFL003C,0.0
YHR127W,0.0
YDL162C,0.0
YDR315C,0.03947734222963581
YIR036C,0.0
YGR103W,1.9166666666666665
YDR398W,0.0
YBR219C,0.0
YLR459W,0.0
YDL006W,1.3184091278765782
YLR323C,0.0
YJL031C,0.0
YHR068W,0.1497536945812808
YJR053W,2.542307781031067
YLR170C,0.0
YIL016W,0.0
YBL046W,0.0
YPR201W,0.0
YNL211C,0.0
YMR083W,0.0
YLR093C,0.19444444444444442
YGL148W,0.0
YHR143W-A,0.0
YDR087C,0.08928571428571427
YMR279C,0.0
YDR344C,0.0
YPL153C,0.0
YDR404C,0.0
YMR182C,0.0
YDR295C,0.7150560681591536
YJL032W,0.0
YDL206W,0.0
YLR392C,0.0
YGR240C,0.0
YEL069C,0.0
YPR093C,0.0
YEL066W,0.08178832661591282
YGL066W,0.12339658345000744
YGR152C,0.9750262515446846
YBR130C,0.0
YML038C,0.0
YKR101W,0.0
YKR033C,0.0
YFR016C,0.0
YPR082C,0.0
YGL210W,0.0
YGL234W,0.0
YKL144C,0.0
YIR025W,0.46613190730837784
YPR171W,0.41989676989676994
YKR055W,0.502870703511121
YNR015W,0.0
YKL015W,0.0
YLR386W,0.6526676009645078
YGR048W,0.21978021978021978
YNL317W,2.5782661782661784
YOR313C,0.0
YDR376W,0.0
YDR193W,0.0
YNL046W,0.0
YOL113W,0.0
YNL044W,0.37471761954520577
YOR344C,0.0
YJR011C,0.0
YLR267W,0.0
YBL007C,3.244283108242499
YOR242C,0.0
YNL053W,0.0
YLR052W,0.30952380952380953
YBR271W,0.0
YGL150C,0.0
YLR157C-A,0.0
YLR113W,0.2333333333333333
YGR110W,0.0
YKL154W,0.0
YBR216C,0.24915084915084915
YDR121W,0.0
YGR151C,0.0
YMR149W,1.0222222222222221
YDR166C,0.4205128205128205
YPL071C,0.0
YCR094W,0.0
YJR030C,0.0
YCR081W,0.0
YDR010C,0.0
YKL224C,0.0
YCR077C,3.1685853206129693
YOR020C,0.19712854195612817
YOR372C,0.0
YNL005C,0.0
YAL040C,2.0268199233716473
YPL090C,0.0
YKR073C,0.0
YKL208W,0.0
YNL176C,0.0
YKR082W,0.0
YKL105C,0.0
YPR187W,0.0
YJR123W,0.0
YPL065W,0.0
YDL196W,0.0
YJL123C,0.0
YPR016C,0.08928571428571427
YNL236W,1.3426877470355731
YLR203C,0.0
YMR153W,0.32
YOR279C,0.0
YGL029W,0.0
YOL072W,0.0
YJR073C,0.42305656683900306
YGR148C,0.0
YPL169C,0.0986013986013986
YFL036W,0.0
YBL063W,0.02506265664160401
YJL151C,0.07326007326007325
YFL040W,0.0
YDL175C,0.1345713782784721
YOR005C,0.0
YJR049C,0.0
YLR051C,0.26136363636363635
YHR185C,0.0
YER158C,0.0
YGL263W,0.0
YLR059C,0.45
YBL051C,0.09705950732604517
YMR271C,0.0
YGL215W,0.0
YLR333C,0.0
YIL172C,0.0
YDR408C,0.10356731875719218
YDR259C,0.4519728981092159
YBR201W,0.0
YFL029C,0.07993730407523511
YKL109W,0.781818181818182
YJL099W,1.7165180758163217
YPR156C,0.0
YLR132C,0.0
YNR007C,0.7228438228438228
YLR128W,0.0
YDR262W,0.0
YLR321C,0.49076479076479074
YDR120C,0.12681159420289856
YDR372C,0.1738095238095238
YBL014C,0.5
YBR178W,0.0
YLR217W,0.14507246376811594
YPL084W,0.16924995294560513
YDR004W,2.1923485809796412
YOR058C,6.538468456041372
YFR022W,0.0
YJL106W,0.0
YKL119C,0.41666666666666663
YNL273W,7.889321907237662
YLL028W,0.0
YOR251C,0.0
YNL075W,0.0
YBL033C,0.0
YLR190W,0.0
YJL190C,0.13524823239904218
YOR173W,0.0
YBR269C,0.0
YAL043C,3.051282051282051
YOR220W,0.0
YNR004W,0.0
YNL189W,0.5103448275862074
YEL015W,1.5718982167258027
YFR027W,0.0
YLR081W,0.0
YDR162C,1.7489767902646418
YCL030C,0.0
YBL058W,0.0
YGR210C,0.0
YMR047C,0.2615384615384615
YDR270W,0.0
YNL290W,0.0
YOR133W,0.0
YGR109C,0.0
YNL071W,0.0
YGR185C,0.0
YDR483W,0.0
YNL242W,0.0
YNL252C,0.0
YNL228W,0.0
YOL150C,0.0
YKR090W,0.0
YKR072C,1.4261363636363635
YGL081W,0.02564102564102564
YDR502C,0.0
YGR073C,0.0
YEL017W,0.3804347826086956
YDR334W,0.5443659717132221
YLR228C,0.0
YKL160W,0.0
YGR031W,0.0
YCL032W,0.5641025641025641
YEL075C,0.0
YOL112W,0.0
YNL296W,0.15466499273159773
YDR238C,0.0
YOR326W,3.2175281508614835
YDR333C,0.0
YIL047C,0.0
YJL056C,0.0
YOL129W,0.0
YLR263W,0.5059523809523809
YNL187W,0.0
YIL071C,0.0
YML041C,0.6756994784985307
YDL105W,0.0
YMR172W,0.012578616352201259
YLR086W,0.19907407407407407
YGL183C,0.0
YER145C,0.26052631578947366
YAL014C,0.17777777777777776
YPL077C,0.0
YPL016W,1.077259214215736
YLR034C,0.0
YGR032W,0.0
YGR074W,0.12631578947368421
YCR042C,0.0
YJL138C,0.788095238095238
YPL232W,0.21978021978021978
YLR209C,0.0
YOL008W,0.0
YPL276W,0.0
YDL058W,0.1736111111111111
YNL227C,0.0
YGL190C,0.16666666666666666
YDR025W,0.0
YBR244W,0.0
YDR541C,0.0
YPL128C,0.0
YGR199W,0.0
YPR163C,0.0
YMR288W,0.0
YGL060W,0.0
YKL204W,0.031432748538011694
YDL029W,5.815008480857603
YNL019C,0.0
YGL236C,0.15656565656565657
YOR258W,0.0
YOR138C,0.0
YHR039C-A,0.03095238095238095
YCR046C,0.0
YMR104C,0.0
YHR129C,4.450987686627074
YKL142W,0.0
YMR167W,1.4285714285714286
YJR082C,0.0
YJR115W,0.0
YLR229C,2.6125489820257264
YDR108W,4.266423105384686
YGR121C,0.12681159420289856
YDR538W,0.0
YLR111W,0.847349575102229
YOL094C,0.0
YNL043C,0.0
YKL007W,1.016703308348528
YHR109W,0.0
YDR427W,0.0
YPR072W,1.5
YDL179W,0.0
YDR365C,0.0
YER083C,0.37396863188375673
YBR214W,0.0
YIL086C,0.0
YMR318C,0.0
YER029C,0.0
YER019W,0.22469755797432703
YOL091W,0.0
YML112W,0.45
YDL192W,0.6257575757575757
YNL261W,0.5333333333333333
YDR028C,0.7641344163083295
YLR074C,0.0
YNL106C,0.36628513178971894
YIR011C,0.0
YHR116W,0.0
YGL047W,0.0
YBR044C,0.0
YMR287C,0.0
YKL008C,0.5
YMR213W,0.0
YER016W,12.052384713108863
YBR135W,0.5572914154810706
YLR387C,0.0
YER163C,0.0
YIL002C,0.34285714285714286
YHR195W,0.0
YDR527W,0.0
YER073W,0.0
YOR206W,0.0
YER148W,1.4764789241994813
YJL076W,0.0
YIL026C,0.22483766233766234
YGR072W,0.1636904761904762
YGR276C,0.0
YGR204W,0.0
YAR014C,0.1427361946229871
YKL127W,0.0
YAL064W-B,0.0
YNL087W,0.0
YPL212C,0.26666666666666666
YDR190C,0.0
YNL169C,0.0
YDR293C,0.3287089015720089
YCL059C,0.0
YNL335W,0.0
YOR081C,0.0
YGL137W,0.34090909090909094
YDR066C,0.0
YLR057W,0.0
YJR100C,0.0
YLR270W,0.0
YJL072C,0.0
YML115C,0.7113658501993498
YGL194C,0.10599473365158749
YPL124W,0.5666795628823253
YLR453C,0.14220297029702972
YLR103C,4.484133463271763
YLR082C,0.2460740409016271
YBR069C,0.0
YJR032W,0.44951262154654403
YMR295C,0.0
YLR214W,0.0
YGR208W,0.0
YKR100C,0.0
YDR423C,0.0
YDL031W,0.0
YGR079W,0.0
YOL152W,0.0
YGL124C,0.43956682335681513
YMR192W,0.061507936507936505
YOL023W,0.0
YHR132C,0.0
YER159C-A,0.0
YGR200C,0.22916801448344343
YLR295C,0.11200000000000002
YNL300W,0.0
YGR104C,0.0
YLR238W,0.35
YAL019W,0.0
YEL057C,0.0
YDR433W,0.0
YOL069W,2.738711229170371
YDR214W,0.0
YGR217W,0.0
YER118C,0.4836363636363636
YLR197W,0.4
YGR087C,0.0
YNL121C,0.7579365079365079
YOR111W,0.0
YBL025W,0.0
YDL145C,0.0
YOR161C,0.0
YBL024W,0.13524823239904218
YBL101C,0.061902114747643205
YJL029C,0.34285714285714286
YJR043C,7.208301050908501
YNL263C,0.14646464646464646
YNL090W,0.03470588235294118
YJL057C,0.29
YHL043W,0.0
YPL234C,0.06200828157349896
YDL095W,1.6666666666666667
YGR004W,0.3611111111111111
YKL135C,0.4354679802955665
YMR060C,0.12439995290962369
YER164W,0.023343766301512782
YMR190C,5.215742578097589
YDL237W,0.0
YDR150W,4.287439995856894
YFR057W,0.0
YKL116C,0.0
YJR019C,0.0
YHL036W,0.0
YBL099W,0.0
YBR128C,0.0
YGR026W,0.0
YLR358C,0.0
YBL079W,0.41666666666666663
YOL011W,0.0
YCR036W,0.0
YMR274C,0.03240725197246937
YGL213C,0.07023809523809524
YMR022W,0.34285714285714286
YGR180C,0.0
YML028W,0.08514907106456403
YBR034C,0.0
YER176W,0.0
YDR479C,0.0
YBR253W,0.0
YOR303W,0.10081008100810081
YHR190W,0.0
YPR145W,0.0
YJR097W,0.0
YBL087C,0.0
YPL036W,0.0
YDL128W,0.0
YML015C,0.5606393606393607
YDR195W,0.12454212454212454
YNL267W,0.0
YCR034W,0.18421052631578946
YKL137W,0.0
YLR310C,0.6428571428571429
YJL112W,0.0
YIL174W,0.0
YGL226C-A,0.0
YIR017C,0.30892976676669903
YJL061W,0.5815485168426345
YKL023W,0.0
YDR023W,0.0
YHR113W,0.09722222222222221
YLL062C,0.0
YDR149C,1.010538066024405
YER075C,0.0
YKL026C,0.0
YLR460C,0.0
YML031C-A,0.0
YOR154W,0.0
YNL234W,0.0
YLR141W,0.0
YKL047W,0.0
YGL010W,0.0
YLR028C,0.0
YJL069C,0.0
YLR449W,0.0
YOL086C,0.0
YGR144W,0.0354679802955665
YGL003C,0.0
YJL188C,0.030864197530864196
YGR292W,0.0
YMR080C,0.32083333333333336
YBR234C,4.575669812990966
YDR199W,0.0
YGL100W,0.0
YDR107C,0.0
YKR069W,0.10666666666666666
YNL036W,0.0
YJR099W,0.0
YHR023W,0.4960374163160541
YJL137C,0.3666666666666667
YDL047W,1.8958333333333335
YDR453C,0.0
YDR387C,0.0
YAL054C,0.0
YBR188C,0.0
YDR026C,0.0
YIL022W,0.0687245195107746
YJL214W,0.0
YPL092W,0.0
YJL043W,0.0
YNL272C,0.6745614035087719
YFL021W,0.0
YLL046C,0.0
YBR289W,0.08893280632411067
YPL008W,7.346053041164181
YKL028W,0.0
YHR179W,0.0
YEL074W,0.0
YLR053C,0.0
YHR214W,0.0
YOR354C,0.0
YOL122C,0.0
YLR040C,0.0
YGR295C,0.0
YEL064C,0.0
YLR003C,0.0
YMR124W,0.16501950242462576
YJL050W,0.0
YBR110W,0.0
YJR154W,0.0
YOR198C,0.0
YGR068C,0.0
YDR327W,0.0
YER076C,0.0
YDL144C,0.0
YMR308C,0.3076923076923077
YMR216C,0.0
YNL062C,0.0
YIL096C,0.0
YHR060W,0.5084752554598276
YPL129W,0.0
YDR008C,0.0
YBR125C,0.0
YMR009W,0.0
YOL148C,8.428889525417596
YDR482C,0.0
YFR047C,0.0354679802955665
YPL252C,0.0
YOR131C,0.0
YBL039C,0.0
YLR145W,0.0
YOR350C,0.0
YBR200W,3.5304308025186666
YOR172W,0.0
YDL044C,0.0
YNL054W,0.0
YMR044W,0.0
YPR158W-B,0.0
YOL066C,0.0
YOL016C,0.0
YOR085W,0.0
YMR134W,0.0
YDL210W,0.0
YDR155C,0.013599853961299745
YPL110C,0.0
YJR122W,0.0
YOR197W,0.02788674739894252
YIL009W,0.0
YFL030W,0.0
YPL026C,0.0
YCL010C,0.0
YNL086W,0.1625
YLR346C,0.0
YHR096C,0.0
YGL069C,0.0
YPL159C,0.0
YDL098C,0.0
YJL046W,0.0
YFL039C,1.2078845632861188
YDR309C,1.9460629809467018
YPR191W,0.0
YDL226C,0.78125
YOR101W,0.9972045498361287
YHR108W,0.073109243697479
YPR161C,0.0
YNL002C,0.18358395989974935
YOR286W,0.0
YHR164C,0.0
YMR313C,0.0
YGL052W,0.0
YBL082C,0.0
YJL097W,0.15458937198067632
YGR274C,0.8261904761904761
YKL173W,0.0
YMR296C,0.0
YER122C,0.23774321494025472
YGR232W,0.0
YDR018C,0.0
YJR056C,0.112987012987013
YNL297C,0.13193772000432502
YMR326C,0.0
YHR206W,0.0
YBR300C,0.0
YMR325W,0.0
YLR225C,0.0
YPL055C,0.4792664965332257
YOL147C,0.0
YLR421C,0.0
YDR070C,0.0
YGL230C,0.0
YLR423C,0.9021840036359763
YIL001W,0.0
YHR118C,0.0
YEL020W-A,0.34285714285714286
YDR499W,0.5833333333333333
YNR046W,0.0
YDR503C,0.0
YDR506C,0.0
YDL167C,0.0
YGR113W,0.6934937611408198
YLR226W,0.0
YLR415C,0.0
YGL226W,0.0
YDR443C,0.13851351351351351
YJR089W,0.0
YDR007W,0.0
YDL185W1,0.0
YGL115W,0.36120401337792646
YOR006C,0.0
YOR177C,0.0
YIL046W,0.48193277310924365
YOR355W,0.0
YLR191W,0.9757187257187256
YCL061C,6.962235796650955
YOR054C,0.0
YJL070C,0.0
YPL193W,0.0
YBL104C,0.0
YER069W,0.0
YOR292C,0.0
YPL136W,0.0
YPR160W,0.0
YCL054W,0.4942982456140351
YAR042W,0.0
YBR138C,0.0
YMR244W,0.0
YGR291C,0.0
YLR105C,1.0
YDL106C,0.0
YKL020C,0.0
YFR037C,0.4444444444444444
YFL005W,1.4219973009446694
YFL060C,0.3111111111111111
YLR331C,0.0
YPR111W,0.5913461538461539
YLR044C,0.0
YOR262W,0.0
YJR079W,0.0
YNL072W,0.0
YOR132W,1.2550377368313241
YMR229C,0.0
YJL034W,0.0
YLR461W,0.0
YHR032W,0.0
YCR007C,0.0
YKR093W,0.0
YLR140W,0.0
YNL214W,0.6725441225441224
YGR053C,0.0
YER117W,0.0
YLR258W,0.3666666666666667
YGL106W,0.11666666666666667
YLR363C,0.0
YCR018C,0.0
YPL119C,0.0
YKL201C,0.0
YHR163W,0.0
YDL154W,0.0
YLR198C,0.0
YGL196W,0.0
YDR383C,0.12028542303771661
YDR116C,0.0
YBL061C,5.719016488902007
YHR184W,0.0
YFR033C,0.0
YGR146C,0.0
YOR288C,0.0
YCR033W,0.05271370107758053
YKL107W,0.0
YOL131W,0.030594405594405596
YIL007C,0.0
YOR388C,0.0
YLR452C,0.11764705882352941
YLR118C,0.0
YKL118W,0.17859232026313535
YJL110C,0.3333333333333333
YEL024W,0.25396825396825395
YGL007W,0.0
YDR464W,0.0
YOL034W,0.0
YBR136W,0.0
YGR261C,0.06964285714285715
YLR009W,0.0
YLR446W,0.0
YHR056C,0.0
YDR289C,0.31248145628871127
YLR276C,0.0
YDR020C,0.0
YDR063W,0.0
YLR177W,0.0
YNL301C,0.021264626462646263
YKR052C,0.0
YOR050C,0.0
YDR480W,0.9761904761904762
YEL003W,13.358538786363292
YML094W,13.011404106994021
YDR442W,0.0
YLR192C,0.0
YCR093W,1.5
YDR422C,0.12040133779264214
YKR011C,0.0
YGR246C,0.27142857142857146
YJL098W,2.291666666666667
YBR207W,0.0
YBR263W,0.0
YEL070W,0.0
YPL075W,0.0
YGL022W,1.4833333333333332
YDR072C,0.0
YOL003C,0.0
YNL285W,0.0
YFL068W,0.0
YNL183C,0.0
YNL253W,0.0
YOR359W,0.0
YGL093W,0.0
YIR005W,0.209009009009009
YJL063C,0.0
YOR334W,0.0
YOR164C,0.10561497326203209
YNR034W,0.0
YHR130C,0.0
YDR485C,0.3599898399544553
YHR098C,0.0
YDL240W,0.0
YOR272W,0.08928571428571427
YOL128C,0.0
YOR119C,0.0
YIL066C,0.0
YBR037C,0.6666666666666666
YCR024C,0.05204216073781291
YPL207W,0.0
YEL036C,0.19483219483219483
YOR317W,0.0
YDR105C,0.0
YKL128C,0.0
YDR459C,0.0
YGR159C,0.0
YPR049C,0.0
YML119W,0.0
YOR196C,0.0
YBR203W,0.0
YKR084C,0.6666666666666666
YBR098W,2.47023115684051
YNL127W,0.30000000000000004
YDR104C,0.0
YEL059C-A,0.0
YEL053C,0.9357053668794478
YAL017W,0.0
YOR390W,0.0
YKL044W,0.0
YPL244C,0.0
YIL169C,0.0
YOR374W,0.0
YMR095C,0.8722222222222222
YLR194C,0.0
YKL110C,0.0
YJL074C,1.4189192651149174
YEL009C,0.0
YOR311C,0.0
YMR282C,0.0
YMR094W,1.3474536652605704
YKL070W,0.0
YIL085C,0.0
YNL024C,0.0
YLR355C,0.0
YDR385W,0.0
YJL026W,0.0
YPL052W,0.0
YMR218C,5.691813323143083
YFR038W,0.0
YJL107C,0.0
YDR086C,0.0
YMR020W,0.0
YHL009W-A,0.0
YGR207C,0.0
YFL051C,0.0
YLR233C,0.0
YGR117C,0.0
YML062C,0.0
YDL107W,0.0
YDR342C,0.0
YOR069W,1.2583920345252444
YFL049W,0.0
YDR062W,0.0
YBR173C,0.05808080808080808
YJL183W,0.840385688268589
YHL017W,0.0
YEL018W,0.0
YMR101C,0.0
YGL095C,0.12916666666666665
YJR104C,0.4499969911563062
YNL231C,0.0
YLR261C,0.15640766837575348
YMR071C,0.0
YLR167W,0.0
YGR142W,0.0
YDR071C,0.0
YER105C,0.41666666666666663
YGL092W,0.0
YPR149W,0.0
YOR383C,0.0
YJL066C,0.0
YDL183C,0.0
YER023W,0.08178832661591282
YIL132C,0.08051948051948052
YBR065C,0.0
YGL105W,0.0
YKL117W,0.0
YLR409C,0.0
YBR175W,0.19243300559090032
YCR075C,0.0
YFL065C,0.0
YMR319C,0.0
YJL148W,0.19338174772496808
YOR045W,0.2361111111111111
YOR023C,0.3491132981509004
YDR246W,5.691813323143081
YHR211W,0.0
YOR231W,0.09989177489177489
YMR177W,0.0
YJR048W,0.0
YLR291C,0.6641943734015345
YMR212C,0.0
YNL013C,0.0
YMR065W,0.1875
YJL179W,0.0
YGR192C,0.10666666666666666
YJR145C,0.047987640945387426
YHL029C,0.012578616352201259
YDR337W,0.0
YML060W,0.0
YDR478W,0.0
YBR141C,0.0
YKL150W,0.0
YLR153C,0.0
YIL053W,0.0
YAL051W,0.0
YPR070W,0.1697318548519313
YMR078C,9.227501852841788
YGR238C,0.20682454800101857
YGR170W,0.0
YGR193C,0.0
YLR347C,0.8528230390299357
YOR062C,0.0986013986013986
YPL266W,0.0
YLR396C,1.5
YFL013C,0.0
YCR011C,0.0
YJL081C,0.0
YDL042C,0.0
YER028C,0.0
YPR003C,0.0
YJL100W,0.0
YER104W,0.0
YKR059W,1.3453634085213033
YHR039C,0.0
YMR270C,0.0
YPR123C,0.0
YIL023C,0.0
YIL150C,0.0
YNR073C,0.0
YDR277C,0.19090909090909092
YIL077C,0.0
YIL021W,2.0937950937950935
YDR409W,0.0
YER006W,0.7543859649122804
YDR331W,0.0
YCR053W,0.0
YLR435W,0.0
YOL002C,0.0
YMR166C,0.0
YMR199W,1.3443518167656099
YOR038C,0.1769759450171821
YLR275W,0.36011726229117536
YDL100C,0.05694242544381305
YER123W,0.0
YJL178C,0.0
YNL016W,0.0
YOL123W,0.38373015873015875
YGL120C,0.0
YOR250C,0.0
YGR122W,0.0
YLR025W,0.3301971326164874
YGR294W,0.0
YFL059W,1.6735632183908047
YHL033C,0.0
YNL032W,0.3666666666666667
YER125W,0.14545454545454545
YJL218W,0.04632034632034632
YGR033C,0.0
YJL210W,0.0
YJL140W,0.0
YPR108W,0.0
YER161C,0.0
YNR053C,0.3627662383383207
YDR463W,0.0
YLR265C,0.0
YDR346C,0.0
YPL059W,0.2361111111111111
YPL094C,0.0
YPL132W,0.0
YFL025C,0.0
YGL258W,0.0
YKL106W,0.0
YML042W,0.0
YLR077W,0.0
YKL188C,0.0
YPL144W,0.0
YPR047W,0.0
YFR052W,0.4749589490968801
YGL220W,0.0
YDR127W,0.0
YPR176C,0.0
YGR174C,0.0
YFL009W,1.3577300150829563
YOR321W,1.3333333333333333
YJR060W,1.0019927536231883
YBL052C,0.0
YBR185C,0.47619047619047616
YGL153W,0.8
YDL055C,0.0354679802955665
YBR152W,0.0
YCL019W,0.5
YDR097C,1.1857142857142857
YCL069W,0.0
YHR041C,0.4724178403755868
YGL170C,0.0710955710955711
YOR087W,0.0
YFR008W,0.7497016197783462
YIR044C,0.0
YMR230W,0.0
YDR377W,0.0
YDL028C,0.0
YLR406C,0.0
YMR038C,1.0181686266355199
YHR209W,0.0
YML064C,0.5454545454545455
YPL001W,0.2603092783505155
YMR030W,0.0
YMR312W,0.5296764055386373
YDL067C,0.0
YIL122W,0.0
YHL003C,0.5
YER149C,0.7300739278273284
YOR225W,0.0
YMR228W,0.0
YPR199C,0.0
YMR289W,0.0
YDR349C,0.0
YLL017W,0.0
YLR123C,0.0
YBL002W,0.0
YLR131C,0.0
YCL009C,0.0
YKL037W,0.17857142857142855
YNL308C,0.0
YGL249W,0.0
YGR054W,0.0404244082769216
YML116W,0.0
YDR221W,0.0
YIL110W,0.0
YKR037C,0.8708566760037347
YEL041W,0.012313404561642798
YER036C,0.0
YML088W,0.0
YDR227W,0.2777777777777778
YKL113C,6.207111089812134
YKR035C,0.0
YKR104W,0.0
YDL209C,0.0
YDL230W,0.26666666666666666
YDL165W,0.0
YKL174C,0.0
YOR109W,0.34285714285714286
YNL230C,0.0
YHR049W,0.0
YDR395W,0.0
YLR112W,0.0
YPL070W,1.3108504398826983
YGR111W,0.0
YOR043W,0.0
YGL147C,0.0
YGL096W,0.16208791208791207
YLR213C,0.0
YFL056C,0.0
YHR170W,0.0
YPR185W,0.1625
YNL191W,0.0
YPL245W,0.0
YMR195W,0.0
YJR090C,0.5176470588235293
YJL182C,0.0
YPR134W,0.0
YOR296W,0.0430611334225792
YMR155W,0.0
YDR369C,1.268837454237697
YOR176W,0.0
YDR281C,0.0
YGL225W,0.0
YOL127W,0.0
YKL048C,1.2657629990225878
YJL180C,0.0
YER173W,2.443592594979496
YBR154C,0.0
YMR032W,0.5204750204750206
YHR105W,0.0
YNL188W,0.0
YDR151C,0.0
YIL050W,0.0
YKR080W,0.0
YJR007W,0.0
YDR469W,0.13742690058479531
YGL091C,0.0
YDL077C,0.432041239673062
YIL105C,0.6333333333333333
YLR324W,0.5034965034965035
YPR164W,0.07792207792207792
YNL133C,0.0
YEL042W,0.0
YEL011W,0.0
Q0275,0.0
YJL091C,0.0
YLR305C,0.052380952380952375
YER021W,0.0
YDR407C,5.691813323143081
YOR271C,0.0
YPL112C,0.0
YGL071W,0.0
YFR034C,0.0
YDL003W,5.5884490215615426
YNL118C,1.0117690275585012
YLR357W,0.0
YDL155W,0.3267624223388656
YHR005C-A,1.295238095238095
YLR212C,0.7584177202176782
YGR161C,0.0
YGR047C,0.0
YBR079C,0.2857142857142857
YLR205C,0.0
YLR032W,0.43262778090364296
YPL183W-A,0.0
YLR211C,0.0
YBR018C,0.0
YDR267C,0.0
YDR254W,4.717390707249361
YPL002C,0.45
YKL156W,0.0
YML090W,0.0
YFL067W,0.0
YNL316C,0.0
YJR144W,0.0
YJR159W,0.7769868218144079
YOR188W,0.496938310207804
YML058W,0.5
YLR110C,0.3501680630622752
YDR460W,0.0
YDR528W,0.0
YKR030W,0.1482553678205852
YLR330W,3.6739451906118545
YHR012W,1.0650879910031115
YOR310C,0.8999999999999999
YNL293W,0.1145671834625323
YJL121C,0.0
YML124C,7.501723672063227
YJR119C,0.0
YPR023C,0.13524823239904218
YOL103W-B,0.0
YPR058W,0.0
YMR144W,0.0
YLR374C,0.0
YHR015W,0.0
YER019C-A,0.0
YNR066C,0.0
YML133C,0.0
YDL054C,0.0
YOL080C,0.0
YOR315W,0.0
YOL022C,0.0
YIL106W,0.8811572199730094
YDR516C,0.0
YDL096C,0.0
YDR164C,0.0
YGL206C,0.7964285714285715
YER018C,0.6576151888213599
YPL140C,0.0
YML098W,0.5285714285714286
YER022W,0.5742574257425743
YPL031C,2.0380812532049557
YDR497C,0.0
YOL073C,0.0
YMR049C,0.18358395989974935
YDL166C,0.0
YDL062W,0.0
YBL006C,0.0
YCR068W,0.0
YDR446W,0.0
YDR494W,0.0
YDR420W,0.0
YJL192C,0.0
YPR024W,0.4
YNL258C,0.0
YHR161C,0.2857142857142857
YBR273C,0.0
YDR145W,8.149577064027191
YDL157C,0.0
YOR274W,0.0
YNL050C,0.0
YIL136W,0.0
YDR148C,0.2616269627556679
YML120C,0.0
YJR086W,0.2947552447552448
YGR135W,0.652079631408312
YMR253C,0.0
YLR252W,0.0
YNL120C,0.0
YOR024W,0.0
YOL027C,0.0
YLL050C,0.28448275862068967
YML094C-A,0.33292504552576346
YDR182W,0.0
YLR440C,0.0
YKR083C,0.0
YOR044W,0.0
YER177W,0.5634126643386254
YDR082W,0.0
YDR390C,0.21978021978021978
YDR139C,0.5009803921568627
YER010C,0.0
YKL075C,0.0
YDL195W,0.5246753246753246
YDL110C,0.0
YML035C,0.0
YKL050C,0.0
YCL001W,0.0
YGL157W,0.0
YOL012C,3.7538345764908088
YLR236C,0.0
YMR203W,1.6805555555555556
YNL182C,0.0
YML082W,0.0
YML075C,0.0
YPL164C,0.0
YDR351W,0.0
YHR156C,0.0
YMR112C,0.0
YBR067C,0.0
YGR205W,0.0
YAL033W,0.0
YPL022W,0.0
YPR028W,0.6150793650793651
YPR181C,1.6663681146439766
YGL039W,0.0
YDL108W,0.0
YNL218W,0.11592215256008359
YJL054W,0.3333333333333333
YOR030W,0.0
YBL066C,0.06684981684981685
YKL052C,0.0
YBR221C,0.0
YGR243W,0.0
YLR239C,0.0
YMR310C,0.0
YBR213W,0.0
YGR045C,0.0
YNL094W,0.8395079792138617
YFR045W,0.0
YHR151C,0.0
YGL035C,0.0
YPL263C,0.0
YDR518W,0.0
YNL066W,0.0
YJL120W,0.0
YDL223C,0.0297696653628857
YDR508C,0.18992248062015504
YOL142W,0.0
YNL291C,0.11580358639182169
YNL110C,0.0
YGR042W,0.0
YIL117C,0.0
YIR008C,0.053030303030303025
YBL098W,0.0
YLR250W,0.0
YKL051W,0.0
YGL154C,0.0
YOL004W,0.16717935487285332
YGL062W,0.0
YHR178W,0.1944670606581384
YCL052C,0.0
YLR429W,0.0
YLR002C,0.0
YER032W,0.0
YER112W,3.161083412227577
YGR196C,0.0
YLR206W,0.0
YHR177W,0.0
YBR094W,1.0157903490447873
YDL074C,1.547411466801521
YCR040W,0.0
YIL135C,0.0
Q0250,0.0
YAR009C,0.0
YNL093W,0.0
YOL119C,0.0
YDR320C,0.19620741577263318
YGR126W,0.0
YJL024C,0.0
YGR277C,0.0
YDL211C,0.0
YDL017W,2.012115466692932
YGR269W,0.0
YDR013W,0.0
YDR434W,0.0
YMR097C,0.0
YDL238C,0.0
YMR019W,0.0
YMR266W,0.012313404561642798
YMR181C,0.0
YLR309C,0.05694242544381305
YMR077C,0.45
YOL133W,0.0
YPL013C,0.0
YBL010C,0.0
YIR042C,0.0
YBR270C,0.48559456040480703
YDR477W,0.6956521739130433
YNL015W,0.0
YOL110W,0.0
YFR021W,0.0
YGL102C,0.0
YIL098C,0.0
YNR071C,0.0224009900990099
YHR158C,0.5416529440058853
YBR081C,8.765526888033284
YER131W,0.0
YGL149W,0.0
YGR036C,0.0
YJL170C,0.0
YBR248C,0.0
YLR354C,0.0
YCL011C,0.0
YGR169C,0.0
YMR056C,0.0
YDL143W,1.2881059470264866
YER070W,0.5833333333333333
YAR008W,1.1333333333333333
YDR492W,0.0
YER094C,0.0
YOL078W,0.19090909090909092
YOR252W,0.0
YGR052W,0.0
YCR088W,1.4949079812603931
YNL084C,0.284433928644455
YPL115C,0.6216238441566234
YGR041W,0.0
YGR145W,0.0
YHR216W,0.0354679802955665
YOR233W,0.0
YBR134W,0.0
YNR039C,0.0
YJL013C,3.8834238610812224
YHR099W,8.092434206884336
YDR363W,2.507371794871795
YGL053W,0.0
YHL025W,0.0
YDR118W,7.06632485161897
YMR316W,0.0
YDR378C,3.5035408058863435
YBR250W,0.0
YBR105C,0.0
YGR219W,0.0
YHL049C,0.0
YNL096C,0.0
YHR169W,0.0
YDR248C,0.0
YGR105W,0.2212832033831109
YDR130C,0.0
YGL252C,0.0
YDR229W,0.0
YKR040C,0.0
YLL024C,0.0
YDR261W-B,1.0833333333333333
YPR104C,0.0
YOR073W,0.0
YCR087W,0.0
YOR370C,0.0
YKR094C,0.0
YER002W,0.08928571428571427
YDL112W,0.0
YBR078W,0.0
YCR028C,0.0
YMR072W,0.0
YOR366W,0.0
YKR086W,0.0
YNR016C,0.0
YHR073W,0.0
YIL124W,0.0
YPR071W,0.0
YMR246W,0.0
YGL126W,0.0
YBR121C,0.02564102564102564
YDR244W,1.0912698412698414
YJL202C,0.0
YML037C,0.0
YCL063W,0.0
YCR038C,0.23809523809523808
YCL037C,0.03240725197246937
YMR064W,0.0
YNR001C,0.0
YHR147C,0.0
YDR003W,0.0
YPR179C,0.0
YKL122C,0.0
YIR038C,0.34782608695652173
YDR100W,0.4
YJL143W,0.0
YER179W,0.0
YLR094C,0.0
YDL050C,0.0
YER184C,0.0
YNL027W,0.0
YGL180W,0.0
YLR416C,0.0
YIL032C,0.0
YEL068C,0.02788674739894252
YLR183C,0.0
YMR237W,0.0
YML017W,0.0
YML104C,0.0
YFR042W,0.0
YMR089C,0.3218942074874278
YNL097C,0.08294940280695955
YFL027C,0.0
YOR336W,0.0
YDR133C,0.0
YDL023C,0.0
YBR048W,0.0
YHR026W,0.0
YGR057C,0.0
YGR082W,1.2797619047619047
YPR051W,0.6109750380874253
YGR161C-C,0.0
YHL002W,0.36630156007514497
YOR142W,0.0
YOR063W,0.0
YIL006W,0.0
YLR371W,0.7363902363902365
YPL114W,0.0
YPL079W,0.0
YNL232W,0.0
YBL065W,0.0
YDL181W,0.0
YDL156W,0.0
YLR156W,0.0
YHR038W,0.0
YJL052W,0.0
YAR069C,0.0
YDR183W,0.0787089015720089
YIL115C,0.0
YKL010C,0.0
YGR010W,0.4592775041050903
YPR101W,0.0
YHR018C,0.0
YBR093C,0.0
YNL215W,0.12160358802366814
YOL061W,0.0
YPR057W,0.0
YOL100W,0.0
YLL049W,2.0040778273684405
YDL049C,0.3529914529914529
YKL163W,0.0
YDL146W,0.0
YOR361C,1.4285714285714284
YDR129C,2.7875399298671417
YIL118W,0.8162420096243626
YDR330W,0.0
YPR133C,0.0
YNL329C,0.0
YHR115C,0.0
YEL005C,0.0
YMR117C,1.1736972704714639
YFR011C,0.0
YCL057W,0.0
YGL143C,0.0
YDR140W,0.0
YMR106C,0.5833333333333333
YEL021W,0.0
YOR076C,0.0
YKL148C,0.0
YER103W,0.0
YNL241C,0.0
YCR095C,0.0
YHR014W,0.0
YKL138C,0.0
YHL034C,0.0
YHR117W,0.0
YPL108W,0.0
YBR061C,0.0
YER180C,0.0
YDR450W,0.0
YMR133W,0.0
YJL225C,0.0
YEL022W,0.0
YKR025W,0.0
YDR261W-A,1.0
YDR021W,0.0
YER065C,0.0
YHR119W,0.0
YBR041W,0.0
YKR091W,0.0
YDL153C,0.0625
YOL090W,1.8285714285714287
YIL061C,0.0
YKL079W,1.8855683147728066
YOL068C,0.041666666666666664
YDL087C,0.0
YDR027C,0.34285714285714286
YHR092C,0.0
YNL266W,0.0
YGL214W,0.0
YPL064C,0.0
YKL034W,0.0
YGR178C,0.0
YPL095C,0.7277777777777779
YJR023C,0.0
YFL037W,4.582756819224308
YHL046C,0.0
YJR068W,0.6134502923976608
YGL152C,0.0
YLR019W,0.0
YBR217W,0.7426573426573426
YGR214W,0.0
YHR011W,0.0
YGL110C,0.0
YHR145C,0.0
YNL194C,0.0
YKL029C,0.0
YOR217W,0.25263157894736843
YLR293C,0.3560606060606061
YGR016W,0.0
YNL178W,0.0
YGL084C,0.867119700037787
YPL005W,0.0
YMR239C,0.0
YDL132W,2.4784313725490197
YKL041W,0.0
YLR246W,0.0
YMR048W,7.373224347772747
YLR106C,0.0
YLL065W,0.022559217947111167
YGL238W,0.0
YIL113W,0.0
YJR120W,0.0
YIL119C,0.0
YPL260W,0.0
YDR490C,0.0
YNL205C,0.0
YLR438W,0.30952380952380953
YGL116W,0.03489702517162471
YDR341C,0.0
YHR071W,0.0
YOR348C,0.0
YER127W,0.058184143222506396
YKR032W,0.0
YOL083W,0.0
YDL014W,0.9
YIL154C,0.03662506782419967
YJR040W,0.0
YGL094C,0.0
YLR401C,0.0
YDR113C,0.0
YJL162C,0.0
YPL139C,0.0
YGR040W,0.9366013071895424
YBL043W,0.0
YIR002C,0.0
YGL086W,6.620489020469156
YER040W,0.0
YMR074C,0.0
YML110C,0.0
YKL092C,0.15555555555555556
YOR309C,0.0
YOR342C,0.0
YEL031W,0.9293122698031864
YER063W,0.18633540372670807
YNL259C,0.0
YGR162W,1.7399068322981364
YNL006W,1.6974025974025975
YGR247W,0.0
YGR154C,0.0
YMR157C,0.0
YER007W,5.123076143890939
YOR140W,0.13851351351351351
YNL138W,0.6892130857648099
YLR045C,0.19151732377538827
YMR140W,0.2449434623347667
YHR103W,0.0
YBR139W,0.0
YER037W,0.0
YDR056C,0.0
YDL043C,0.6679807437170691
YFR015C,0.3333333333333333
YIL008W,0.42831527985540263
YDR224C,0.0
YMR028W,0.6166666666666667
YLR168C,0.0
YOR392W,0.0
YKR088C,0.0
YPL218W,0.5036386027765338
YIL064W,0.0
YML126C,0.0
YKR092C,0.0
YOR389W,0.0
YOL143C,0.0
YDR080W,0.43213981244671784
YOR216C,0.9629264717879107
YDR251W,0.0
YER011W,0.0
YOR108W,0.0
YCR009C,6.746642336174201
YGR013W,0.0
YKR081C,0.0
YKL114C,0.0
YPL165C,0.03989398469580468
YER031C,0.0
YBR050C,0.2449434623347667
YJL139C,0.03556231003039514
YNL078W,0.0
YKL082C,0.38717948717948714
YKL176C,0.0
YKL019W,0.0
YGR023W,0.0
YNL220W,0.0
YBR089W,0.0
YIL156W,0.31913419913419916
YIL056W,0.0
YLR120C,0.0
YPL029W,0.0
YCL043C,0.0
YAL022C,0.0
YBR117C,0.0
YJL090C,0.0
YKR029C,0.0845732288467648
YER009W,0.0
YPL229W,0.0
YBL054W,0.0
YGL216W,2.0011057431718924
YBR039W,0.0
YOR375C,0.0
YDR054C,2.064705882352941
YJR037W,0.17356321839080457
YLR234W,3.8991081561918657
YHR079C,0.0
YNL225C,0.0
YBR228W,0.387987012987013
YCR023C,0.0
YLR063W,0.0873015873015873
YCR014C,0.0
YOL035C,0.0
YDR366C,0.0
YDR226W,0.0
YOR009W,0.0
YOR182C,0.0
YMR186W,0.8678321678321679
YBR047W,0.0
YDR526C,0.0
YAL011W,1.254050617713341
YOR053W,0.0
YBL045C,0.25769230769230766
YCR057C,0.0
YOR167C,0.6295959719872763
YBR076W,0.0
YPR172W,0.0
YDL215C,0.0
YHR144C,0.0
YAL047C,0.36363636363636365
YLR370C,0.21613273731917798
Q0085,0.0
YDL102W,1.255947078601541
YJL164C,0.30952380952380953
YOR017W,0.0
YOR324C,0.0
YGR060W,0.45
YFR028C,0.0
YOL149W,4.417798070258024
YBR066C,0.0
YBR276C,0.0
YHL006C,0.2857142857142857
YLR196W,0.0
YCR089W,0.0
YML047C,0.0
YBR087W,0.25263157894736843
YML121W,0.3768115942028985
YER074W-A,0.0
YPR031W,0.0
YGR222W,0.0
YOL144W,0.0
YJL042W,0.0
YDL158C,0.0
YKL189W,0.0
YER143W,0.0
YKL210W,0.0
YHR142W,2.8751282387298893
YGR061C,0.0
YDR144C,0.03720542547548686
YGL219C,0.0
YLR356W,0.0
YIL159W,0.5525757575757575
YKR079C,0.0
YDL090C,0.0
YDL241W,0.0
YPL024W,1.7291915297099512
YIL103W,0.0
YBL085W,1.3485722971359086
YDR368W,0.0
YDL071C,0.0
YNL294C,0.2716111282443531
YCR001W,0.0
YCL028W,0.0
YHR101C,0.25882352941176473
YKR105C,0.0
YHR040W,0.0
YHL044W,0.0
YDR268W,0.0
YIL072W,0.5
YBR293W,0.0
YBR109C,0.030952380952380953
YPL096C-A,0.0
YMR299C,2.7892407165865296
YHR207C,0.0
YPR182W,0.0
YAL035W,0.0
YDL126C,0.0
YDR266C,0.0
YJR084W,0.0
YGR233C,0.0
YGL173C,5.060268554773815
YLR290C,0.0
YNL292W,0.0
YGL061C,0.7301587301587301
YPR173C,0.2361111111111111
YPL240C,1.1151515151515152
YLR065C,0.0
YLR447C,0.3288363393075495
YOR072W,0.0
YMR210W,0.0
YFL044C,0.0
YMR035W,0.0
YPR103W,0.0
YER038C,0.0
YMR021C,0.012313404561642798
YKL130C,0.05952813067150635
YAL064W,0.0
YGR157W,0.0900735294117647
YLR015W,0.2281319240129309
YER111C,2.294640215640859
YDR439W,0.0
YJL152W,0.3424242424242424
YKL133C,0.0
YMR268C,0.7156379852032027
YDL056W,0.0
YNL314W,0.0
YCR005C,0.0
YBR226C,0.0
YBR143C,0.30000000000000004
YOL065C,0.0
YHL027W,0.0
YCR048W,0.5333333333333333
YML099C,0.0
YPL027W,0.0
YOL076W,0.3129594820384294
YPL188W,0.0
YDL213C,0.0
YNL049C,0.0
YKL194C,0.0
YNL248C,0.0
YOL051W,1.037563118893042
YCL040W,0.0
YOL145C,0.0
YJR092W,0.0
YML014W,0.0
YOR327C,0.3535073338142392
YGL171W,0.0
YOR322C,0.034239130434782605
YOR118W,0.0
YDR172W,0.30000000000000004
YLR326W,0.0
YGR089W,0.23352669137601098
YFL017C,0.0
YHL018W,0.07681159420289854
YER068W,1.5
YLL038C,0.0
YGL227W,0.0
YIL055C,0.0
YBL021C,0.984775465498357
YJL215C,0.0
YOR285W,0.0
YJL025W,0.5833333333333333
YOR102W,0.0
YMR114C,0.0
YFL016C,0.2777777777777778
YDL101C,0.0
YER053C,0.0
YEL039C,0.0
YPR010C,0.30952380952380953
YPL069C,0.03694915254237288
YJL135W,0.0
YBR195C,0.0359503039915411
YNL153C,14.095917812898522
YNL210W,0.0
YPR006C,0.0
YAL060W,0.0
YHL023C,0.024393785392768985
YMR096W,1.8194444444444446
YOL056W,0.0
YMR272C,0.5574877818589423
YHR200W,0.5144769375990033
YOL038W,0.0
YGR149W,0.0
YDR181C,0.0
YDR311W,0.27941176470588236
YOR305W,0.0
YDR076W,2.1425696221148343
YGL241W,0.0
YML127W,0.0
YDR510W,0.2557511454063178
YKR026C,0.13430022525394195
YKR060W,0.0
YER153C,0.0
YML130C,0.0
YGR163W,0.3611111111111111
YPR180W,0.0
YKL134C,0.0
YBL026W,3.233277591973245
YPR066W,0.3088235294117647
YDL091C,0.0
YDR515W,0.0
YGL174W,0.2346846846846847
YHR050W,0.0
YMR316C-A,0.0
YJL012C,0.0
YIL144W,1.122642979585476
YIL051C,0.0
YOR379C,0.0
YBR059C,0.0
YMR052W,0.9434782608695651
YFR007W,0.0
YDL225W,2.66965232198815
YDR514C,0.0
YJR004C,0.0
YNR045W,0.0
YLR031W,0.0
YBR043C,0.0
YPR144C,0.0
YPL163C,0.0
YLR269C,0.04625779625779626
YJR045C,0.2777777777777778
YBR196C,0.0
YJL155C,0.0
YLR199C,0.0
YER124C,0.35396825396825393
YGR168C,0.0
YEL060C,0.0
YEL033W,0.0
YLR200W,12.337349397590355
YPL182C,0.025675675675675677
YDR416W,0.0
YBR193C,1.9623312290462882
YNL319W,0.0
YLR332W,0.851795989050891
YPL253C,0.5365956212715697
YLR182W,0.05446355446355446
YER110C,0.16025641025641024
YDR489W,0.0
YFR012W,0.0
YHR154W,1.706077559892747
YOR008C,0.6604770854770855
YKL060C,0.0
YER189W,0.0
YDR106W,0.0
YMR261C,1.1666666666666665
YBR013C,0.0
YOL050C,0.0
YDR363W-A,0.5516635375790305
YBR095C,0.10500684196966187
YMR235C,0.1923076923076923
YDR403W,0.0
YDR174W,0.2595281306715064
YGL185C,0.0
YNL192W,0.17122736418511067
YLR388W,0.0
YER146W,3.4220135534780836
YER172C,0.0
YKR044W,0.0
YML069W,0.30000000000000004
YNL139C,0.0
YGL145W,0.6403940886699507
YGR173W,0.0
YDR075W,0.0
YDR374C,0.0
YMR223W,0.0
YPR053C,0.0
YGR070W,0.0
YHR066W,1.3392857142857149
YBR235W,0.0
YBR084C-A,0.0
YDR068W,0.0
YPR088C,0.0
YNR024W,0.0
YPR141C,8.98513787495305
YKL153W,0.0
YKL022C,6.9117793970735155
YJR001W,0.0
YOL116W,0.013865065751858205
YDL180W,0.0
YKR054C,2.095351538017246
YPL268W,0.0
YER114C,1.9101066422637452
YIL070C,0.0
YLL010C,0.0
YJL141C,0.0
YOL132W,0.0
YDR364C,0.0
YGL021W,0.0
YNR037C,0.0
YOR035C,0.6907193469082271
YNL158W,0.0
YOL130W,0.0
YOR175C,0.0
YLR297W,0.0
YJR117W,0.4217957107977183
YIR039C,0.0
YBR072W,0.0
YIL162W,0.0
YBR166C,0.0
YIR013C,0.0
YJR108W,0.0
YDR079W,0.0
YNL193W,0.0
YGR195W,1.7142857142857142
YOR103C,0.0
YGL172W,0.7278499278499279
YOL030W,0.0
YBL106C,0.3501809954751131
YOR353C,0.0
YOR128C,0.0
YOR025W,0.6091772202596945
YJR162C,0.0
YKL017C,0.0
YKL192C,0.0
YBR241C,0.0
YOL067C,0.012578616352201259
YKR042W,0.0
YKL213C,0.031432748538011694
YDR122W,0.0
YGR254W,0.0
YLR325C,0.0
YOR061W,1.8265734265734266
YDR017C,0.0
YJR076C,2.0127915095657034
YNL103W,0.1736111111111111
YMR010W,0.0
YLR306W,0.39215686274509803
YBL042C,0.0
YBL100W-A,0.0
YMR116C,0.09119694630236176
YMR163C,0.0
YPR085C,0.0
YIL111W,0.0
YNL155W,0.0
YKL141W,0.0
YDL217C,1.2857142857142856
YLR407W,0.0
YGL195W,0.0
YEL020C,0.0
YLL036C,0.0
YLR320W,0.0
YCL005W,0.0
YMR222C,0.0
YOR181W,1.9015827607206917
YDR201W,0.6555191989974598
YBR182C,0.0
YLR315W,0.16171779948045115
YJR031C,0.0
YLR456W,0.0
YDR384C,0.0
YKR099W,0.0
YLR259C,0.0
YGR268C,0.1742979242979243
YOR031W,0.0
YAL042W,0.0
YHR138C,0.0
YPL107W,0.0
YNR061C,0.0
YOR273C,0.0
YEL032W,1.0206185567010309
YDL037C,0.0
YDL203C,0.0
YDL088C,0.29
YBR202W,1.0206185567010309
YHR008C,0.0
YLR240W,0.2777777777777778
YGL134W,0.0
YBR254C,5.223126454456214
YLR373C,0.46107726381088876
YGL133W,0.02507351803126451
YLR222C,0.0
YLR352W,0.031586021505376344
YNR058W,0.0
YMR053C,0.0
YHL019C,0.34285714285714286
YPR118W,0.0
YJR141W,0.0
YOR180C,0.41298701298701296
YBR097W,0.0
YLR432W,0.0
YGR281W,0.0
YLR418C,2.1510016227407527
YKL002W,0.13846924381214196
YLR349W,0.0
YPR029C,0.34285714285714286
YOR124C,0.0
YDR292C,0.0
YNL073W,0.0
YDL161W,0.0
YGL032C,0.0
YML109W,1.4865638747217698
YLR148W,1.6666666666666665
YDL089W,0.25396825396825395
YDR418W,0.0
YGR088W,0.0
YIR035C,0.0
YIL048W,0.1425458599371643
YKL089W,0.7446946169772256
YLR454W,0.0
YBL044W,0.0
YMR154C,0.37815993012620785
YGR182C,0.021353646353646352
YBR174C,0.0
YPL019C,0.0
YJR140C,0.15072509499863093
YDR440W,0.07424779375998888
YGR018C,0.0
YLL027W,0.0
YIL142W,1.3605330412559327
YML011C,0.0
YLR159W,0.0
YOR345C,0.0
YNR029C,0.0
YLR133W,0.0
YGL063W,0.0
YBR184W,0.0
YGR263C,0.0
YBR204C,0.0
YNR040W,0.0
YOR263C,0.0
YAL028W,0.0
YIL005W,0.01770873786407767
YJL080C,0.0
YLR137W,0.0
YKL053C-A,0.0
YBR133C,0.1497326203208556
YCL024W,0.0
YLR427W,0.0
YPL222W,0.0
YBR265W,0.0
YNL124W,0.0
YOL115W,0.17045454545454547
YCL018W,0.0
YPL209C,0.06077694235588972
YCR044C,0.3434194109564226
YJR058C,0.0
YML051W,0.0
YEL077C,0.0
YBL084C,5.823057987763871
YBR281C,0.0
YLR135W,0.387987012987013
YLR466W,0.0
YOR078W,0.0
YDR488C,2.529946476465912
YER081W,0.042105263157894736
YAL021C,0.4805555555555555
YGL211W,0.03695208970438328
YMR291W,0.0
YGL221C,0.0
YER051W,0.0
YNR019W,0.5333333333333333
YER064C,0.0
YDR169C,0.0
YKL209C,0.05733005733005733
YGR191W,0.4496753246753247
YLR292C,0.07853541094050301
YML095C,0.04090909090909091
YLR154C,0.22083333333333335
YOR148C,0.0
YDR111C,0.0
YBR233W,0.0
YOR320C,0.19104084321475626
YMR298W,0.5
YPL246C,0.29197469197469195
YGR153W,0.0
YPL174C,5.157010778304368
YFL066C,0.09696969696969697
YHR090C,0.0
YKL081W,0.0
YDR136C,0.20294446491255
YNL163C,0.0
YLR036C,0.0
YDR265W,0.0
YJL079C,0.0
YPR130C,0.0
YNL244C,0.2857142857142857
YDR472W,5.514035545365305
YBR301W,0.0
YPL086C,0.12557311473312277
YGL189C,0.0
YLR127C,6.364576599870718
YDR014W,0.32662517165624594
YDL207W,1.1495837495837495
YBR172C,0.16666666666666666
YDR044W,0.0
YDR001C,0.0
YGL014W,0.0
YDR484W,0.33813364055299533
YGR112W,0.012313404561642798
YIL025C,0.0
YKL166C,0.30952380952380953
YMR159C,0.21241258741258742
YDL134C,0.5242424242424242
YKR047W,0.0
YLR150W,0.0
YOL009C,0.0
YLR317W,0.0
YPR152C,0.0
YLR301W,0.0
YGL208W,0.12040133779264214
YBR064W,0.0
YNL264C,0.0
YOR047C,0.1935483870967742
YJR035W,0.0
YER095W,2.524622658995615
YAL056W,0.0
YPR019W,0.5333333333333333
YDR444W,0.0
YKL157W,0.0
YDR216W,0.09307359307359307
YGL255W,0.0
YJR034W,0.0
YBR140C,0.0
YMR142C,0.0
YIL019W,0.0
YIL063C,0.6137529137529137
YNL098C,0.819548872180451
YNL281W,0.0
YGR092W,1.3123538011695906
YOL117W,0.0
YNL136W,0.016317169069462647
YKL129C,1.925943215943216
YJR103W,0.0
YLR158C,0.0
YJL219W,0.0
YBR004C,0.0
YER151C,0.1362773029439696
YGL073W,0.0
YOR195W,1.2617661515515755
YLR175W,0.0
YPR045C,0.0
YML092C,0.22428682428682428
YBL053W,0.0
YML131W,0.0
YEL072W,0.0
YJR133W,0.0
YJL059W,0.0
YDR128W,0.0
YGL111W,0.08928571428571427
YDL008W,7.235754441636795
YOL039W,0.0
YOR260W,0.0
YJR157W,0.0
YBR077C,0.0
YGR136W,0.1497536945812808
YJR130C,0.0
YJR022W,2.423076923076923
YPL194W,3.372700307544442
YLR046C,0.0
YDR215C,0.0
YLR144C,0.061507936507936505
YDR436W,0.0
YOR162C,0.0
YIL139C,0.0
YMR240C,0.0
YML007W,0.22235520255322236
YIR001C,0.0
YLR039C,2.246376811594204
YPR189W,0.07023809523809524
YPL235W,0.0
YGL156W,0.0
YOR358W,1.086773140782332
YOR013W,0.0
YJR118C,1.2642087802676698
YDL080C,0.0
YKL124W,0.0
YKL067W,0.0354679802955665
YOL020W,0.0
YER155C,4.551846159226645
YPR184W,0.049533799533799536
YDL113C,0.0
YHR191C,9.074906386788417
YOR080W,0.0
YJL184W,0.0
YEL044W,0.0
YKR048C,0.17003968253968255
YBR113W,0.0
YHR021C,0.0
YLR308W,0.0
YPL082C,0.175
YDL002C,0.49638823934598575
YPL149W,0.43939393939393945
YDR413C,0.0
YGR179C,0.3744824016563147
YDR179C,0.0
YBR114W,0.012313404561642798
YDR400W,0.0
YPL130W,0.0
YOL137W,0.0
YKR062W,0.0
YPL213W,0.0
YOR214C,0.0
YJR033C,0.05694242544381305
YDR542W,0.0
YBR124W,0.0
YDR394W,0.2857142857142857
YGL001C,0.0
YLL014W,0.0
YNR012W,0.112987012987013
YDL070W,0.0
YLR117C,0.0
YNL160W,0.0
YDR271C,0.0
YOR122C,0.6897988505747127
YDL120W,0.0
YAL058W,0.08377659574468085
YNL102W,0.584322986954566
YFR039C,0.0
YCL056C,0.0
YOL107W,0.0
YNL028W,0.0
YLR119W,0.26136363636363635
YOR281C,0.3424242424242424
YDL229W,0.8333333333333333
YMR067C,0.0
YLR303W,0.0
YMR011W,0.0
YIL075C,0.21428571428571427
YNL311C,0.0
YNL237W,0.0
YKL205W,0.26666666666666666
YOR033C,0.024329836829836828
YGL040C,0.0354679802955665
YGR245C,0.0
YLR403W,0.0
YOL070C,0.0
YPL181W,1.0688149081739535
YDR189W,0.15263157894736842
YAL036C,0.23809523809523808
YPR036W,0.0
YGL135W,0.0
YLR281C,0.0
YHR079C-A,0.0
YLL037W,0.0
YDR208W,0.0
YFR040W,2.391031746031746
YBL027W,0.0
YDR297W,0.0
YDR059C,0.819047619047619
YFR054C,0.0
YPL078C,0.0
YGR251W,0.0
YBR096W,0.0
YGL107C,0.0
YHR199C,0.0
YMR206W,0.0
YML022W,0.0
YGR275W,0.0
YDR177W,0.47619047619047616
YOR241W,0.0
YKL181W,0.6038461538461539
YOL017W,0.0
YLR018C,0.0
YLR438C-A,3.063801700701014
YHR059W,0.0
YLR342W,2.585256410256409
YDR310C,0.70810503134015
YJR050W,0.0
YKL161C,0.0
YKR043C,0.0
YOR039W,1.5144464446444643
YDL104C,0.0
YJL023C,0.0
YHR077C,0.2845238095238095
YDR159W,0.0
YOL046C,0.0
YGR119C,0.9989237342178519
YLR424W,0.0
YIL094C,0.0
YBR291C,0.0
YFR055W,0.0
YLR108C,0.06646023645642264
YFL026W,0.24358974358974358
YPR136C,0.0
YNL299W,0.0
YBL038W,0.0
YAL067C,0.0
YBR054W,0.0
YJL172W,0.0
YLR344W,0.0
YLR437C,0.0
YKL025C,0.24261427600132715
YBR284W,0.0
YER049W,0.0
YML107C,0.0
YDR357C,0.0
YKL063C,0.0
YDR131C,0.0
YBL050W,1.5472017146939747
YGR101W,0.0
YHL009C,0.0
YDR167W,4.8892107892107886
YER100W,0.0
YDL097C,0.0
YDR194C,0.0
YML117W,0.030864197530864196
YGL178W,0.483065953654189
YJR077C,0.0
YMR178W,0.0
YDL116W,0.08333333333333333
YLR244C,0.0
YLL032C,0.0
YLR237W,0.0
YNR048W,0.0
YPR138C,0.0
YGR058W,0.0
YLR395C,0.0
YLR161W,0.0
YCR004C,0.0
YLL052C,0.0
YGL235W,0.0
YOR302W,0.15555555555555556
YOR213C,0.0
YJR129C,0.013865065751858205
YLR164W,0.0
YLR055C,7.900435153741951
YCR107W,0.0
YDL193W,0.0
YLR125W,0.0
YBR120C,0.022690763052208837
YGL023C,0.15656565656565657
YGL042C,0.0
YPR037C,0.0
YOL118C,0.0
YOR222W,0.0
YNL100W,0.0
YCL026C-A,0.0
YJL015C,0.0
YDR034C,0.09523809523809523
YPR046W,3.5854274959578243
YFR053C,0.0
YPL195W,0.0
YDR170C,0.0
YKL108W,0.0
YMR184W,0.0
YNL309W,0.0
YGR075C,0.0
YCR052W,0.2222222222222222
YGR271W,0.0
YDR088C,0.0
YOL105C,0.0
YBL009W,0.0
YKL006C-A,0.7
YNR072W,0.0
YGR253C,0.0
YDR269C,0.0
YLL039C,0.0
YLL031C,0.0
YOR084W,0.0
YGR139W,0.0
YIL031W,0.0
YPR113W,0.0
YKR019C,0.0
YCR079W,0.0
YCL034W,0.0
YOR066W,0.0
YOR064C,0.0
YDR225W,0.3172115612550634
YDR052C,2.331101914800229
YJL005W,0.0
YFL058W,0.0
YBR006W,0.0
YJL006C,0.45
YIL059C,0.0
YBL092W,0.0
YPR178W,0.4163170163170163
YKL168C,0.0
YDR388W,8.325493109275152
YGR250C,0.0
YCR087C-A,0.04895104895104895
YJR143C,1.3333333333333333
YJR065C,0.3333333333333333
YER044C,0.4
YMR276W,0.0
YIL030C,0.0
YOR212W,1.526007326007326
YGR252W,7.910544889892714
YGL015C,0.0
YDR362C,0.0
YPL080C,0.0
YDR290W,0.0
YOR312C,0.0297696653628857
YBR058C,0.0
YLR361C,0.0
YFR017C,0.0
YDL133W,0.0
YDR534C,0.0
YHR094C,0.0
YGR056W,0.0
YPL257W,0.0
YGR249W,0.0
YPL152W,0.07710481737941692
YER129W,0.0
YDR067C,0.0
YMR264W,0.0
YJL213W,0.0
YJL010C,0.0
YPL189W,0.0
YCR035C,1.9285714285714286
YJR110W,0.0
YPR125W,0.0
YDR495C,0.0
YBR243C,0.0
YDR102C,0.0
YHR180W,0.0
YIL082W,0.0
YOR332W,0.03456221198156682
YJR135C,3.531263169900561
YOL058W,0.0
YDR005C,0.0
YAR019C,1.6677874756822124
YER004W,0.0
YEL037C,0.1776251135406065
YFL011W,0.0
YBL008W,0.21995840115753298
YJR138W,0.2098982098982099
YGL054C,0.0
YLR245C,0.12313194052324487
YAL024C,1.1037457962825739
YJR126C,0.0
YDL092W,0.0
YPL042C,0.3024872698785742
YLR455W,0.01770873786407767
YLR327C,0.0
YDR367W,0.0
YDL125C,0.0
YLR038C,0.0
YMR236W,7.385476585125952
YPR076W,0.0
YKL155C,0.0
YOR387C,0.0
YBR116C,0.0
YNL238W,0.27857803620985855
YKR016W,0.0
YKL139W,0.4
YHR175W,0.0
YOL062C,0.0
YNL122C,0.0
YGR108W,0.13448275862068965
YDR061W,0.0
YDL198C,0.0
YKL087C,0.0
YOR229W,0.0
YFR051C,0.0
YPR174C,0.0
YKR020W,0.634323999860186
YDR449C,0.0
YKL057C,0.25
YHR135C,0.8508116883116883
YMR269W,0.0
YER154W,0.0
YHR203C,0.0
YPL020C,0.0
YLR049C,0.0
YJL128C,0.6369047619047619
YKL003C,0.0
YBR162W-A,0.0
YDR264C,1.106042976631212
YML097C,0.0
YER159C,0.0
YLR193C,0.0
YDL036C,0.0
YCL044C,0.0
YLR071C,0.3408026755852843
YOR107W,0.0
YNR035C,0.0
YBR040W,0.0
YMR260C,0.0
YBR205W,0.07326007326007325
YGR158C,0.0794314381270903
YPL205C,0.0
YDR306C,0.0
YDL114W,0.0
YMR317W,0.0
YJL196C,0.0
YIL151C,0.0
YBL068W,0.0
YJR066W,1.3492424242424241
YGL158W,0.0
YDL231C,0.0
YJL115W,0.41657693721620875
YCR084C,0.0
YJR125C,0.0
YOR018W,0.0
YDR473C,0.20192307692307693
YGR234W,0.0
YPL176C,0.0
YML077W,4.54891718982312
YNL039W,0.0
YBL032W,0.0
YDR465C,0.0986013986013986
YDL084W,0.0
YJL156C,0.0
YOR187W,0.0
YKL164C,0.0
YDR192C,0.4444444444444444
YBR239C,0.0
YKL073W,0.0
YOR381W,0.0
YDR146C,0.1392857142857143
YLR312C,0.0
YPL060C-A,0.0
YMR004W,0.37117968371437376
YHR134W,0.08834178911185049
YOR098C,0.2644991789819376
YOL135C,2.9428507046002976
YPR094W,0.0
YMR305C,0.0
YJR148W,0.059900990099009906
YLR017W,0.0
YBR108W,0.20657981070588996
YJL039C,0.165
YJL003W,0.0
YCL046W,0.0
YBR162C,0.0
YNL064C,0.6466136832516143
YDL185W2,0.0
YJL095W,4.178706940599328
YJL086C,0.0
YKL080W,0.0
YCR101C,0.0
YGL033W,0.0
YPR038W,0.0
YJL208C,0.0
YBR262C,0.0
YJL125C,0.0
YFR002W,1.2010858585858586
YOL052C,0.0
YLR115W,3.2794566544566544
YDR180W,0.0
YBR118W,0.0
YDR448W,7.506437041219648
YLR216C,0.14507246376811594
YOR351C,0.5
YMR069W,0.0
YNL135C,0.0
YHL005C,0.0
YPR030W,0.0
YHR100C,0.0
YNL042W,0.0
YJR005W,0.0
SNRNA_U5,0.0
YNL047C,0.6055555555555555
YML010W,0.0
YOR026W,3.988607867161805
YMR211W,0.0
YGR084C,0.0
YGL087C,0.14175091829104106
YDR252W,0.0
YKR087C,0.0
YGR066C,0.0
YMR088C,0.0
YJL058C,0.42857142857142855
YNL239W,0.0
YGR203W,0.0
YNR036C,0.0
YJR080C,0.0
YIL173W,0.0
YCR067C,0.0
YDR513W,0.0
YDR307W,0.26052631578947366
YIL011W,0.0
YLR085C,4.720627475059543
YNL280C,0.0
YIL152W,0.0
YMR294W,5.152366905404086
YKL013C,0.5
YNL092W,0.08155292982879189
YJL092W,6.6475851310776575
YPL131W,0.0
YOL151W,0.0
YPR183W,0.0
YMR275C,0.0
YMR075C-A,0.0
YAL012W,0.0
YEL051W,0.0
YLR338W,0.2362792574656981
YOL005C,0.0
YLL016W,0.5952380952380952
YPL043W,0.0
YDR255C,0.0
YBR181C,0.0
YBR209W,0.0
YML031W,0.29
YML049C,0.08488964346349745
YPL231W,0.0
YGR130C,0.07771260997067449
YPL178W,0.0
YOR095C,0.0
YGL250W,0.0
YKL036C,0.0
YKL072W,0.0
YPL089C,0.11740605073938407
YEL052W,0.0
YOR232W,0.24991511756217638
YIL091C,0.0
YOR341W,0.0
YGL005C,0.4777643288975389
YDL013W,0.400813223054857
YLL020C,0.0
YIR016W,0.0
YBR220C,0.0
YOR308C,0.08706563706563707
YDL139C,0.0
YLR376C,0.34285714285714286
YJR136C,0.0
YLR450W,0.0
YDR350C,0.0
YIL065C,0.0
YGR100W,0.0
YDR153C,0.0
YCL058C,0.0
YML105C,0.0
YPL238C,0.0
YAL001C,0.27142857142857146
YNR065C,0.0
YAR007C,0.8555555555555556
YOR300W,0.0
YJR002W,0.0
YML054C,0.0
YHR087W,0.0
YLR439W,0.0
YPL125W,0.0
YEL043W,0.609915004480222
YER088C,0.0
YDL188C,0.35
YOL159C,0.0
YDL086W,0.0
YLR067C,0.025675675675675677
YBL071C,0.0
YPL270W,0.0
YCL004W,0.0
YBR246W,0.0
YCL066W,0.0
YJR006W,0.08119658119658119
YFR018C,0.0
YNR050C,0.0
YBR167C,0.0
YOR010C,0.0
YCL020W,0.5833333333333333
YHR074W,0.0
YDL075W,0.0
YHR188C,0.0
YKL186C,0.0
YMR226C,0.0
YDR168W,0.0
YGL083W,0.0
YBR036C,0.6022210430563978
YCR076C,0.0
YNR042W,0.0
YGR290W,0.0
YBL056W,0.0
YMR221C,0.0
YGL048C,0.0
YER128W,0.0
YGL025C,2.5318478276399072
YJL075C,0.0
YGL239C,0.0
YPL228W,0.0
YBR231C,0.9243746813978321
YDR126W,2.054914125173144
YGL242C,0.012313404561642798
YFL050C,0.0
YPL196W,0.0
YAL020C,0.0
YDR461W,0.0
YMR224C,1.0388268387844561
YJR091C,0.16083916083916086
YKR017C,0.0
YJL055W,0.0
YKL126W,0.0
YKR065C,0.0
YCL045C,0.0
YDR141C,0.0
YNL119W,0.0
YMR093W,0.0
YNL221C,0.0
YCR066W,0.06684981684981685
YPL083C,1.2333333333333334
YBR170C,0.0
YLL021W,0.830046726170757
YBL113C,0.0
YAR003W,0.1877849002849003
YDL127W,0.2726619476619477
YIL104C,0.0
YMR183C,0.0
YHR181W,0.0
YPL172C,0.0
YAL053W,0.03979511426319937
YEL059W,0.0
YBR042C,0.0
YOR265W,3.599303426537718
YDR156W,0.12215909090909091
YMR152W,0.0
YMR003W,0.0
YHR035W,0.0
YDL111C,2.1285714285714286
YBR285W,0.0
YLR227C,0.0
YDR360W,0.40690811914809527
YDL190C,0.0
YOL018C,0.7868523032233105
YLR026C,1.1215441621294617
YFR031C-A,0.0
YGL261C,0.0
YFR010W,0.12496292337841634
YBR192W,0.0
YJL167W,0.0
YFR031C,0.8842250141163184
YPL018W,4.490535746698749
YMR147W,0.0
YCR031C,0.04298245614035087
YNL287W,0.25757575757575757
YJL191W,0.0
YIL112W,0.07177033492822966
YGR270W,0.19314058242118323
YHL020C,0.0
YOR004W,0.0
YHR121W,0.0
YML023C,0.0
YKL035W,0.0
YMR307W,2.9284750645841284
YJL194W,0.7259803921568627
YDR196C,0.0
YGL212W,0.16031746031746033
YGR264C,0.0
YEL049W,0.0
YLL033W,0.0
YMR255W,0.25396825396825395
YOR246C,0.0
YGL251C,0.0
YBR033W,0.0
YDL118W,0.0
YNL079C,0.8524199471791479
YPL076W,0.0
YEL061C,12.747714889376098
YER115C,0.07631578947368421
YLR050C,0.0
YCR060W,0.0
YGR062C,0.0
YGL097W,0.22564102564102564
YKL111C,0.0
YMR138W,2.7740002244652118
YBR186W,0.0
YMR233W,0.0
YNR003C,0.5
YPR190C,0.5
YAR030C,0.0
YBR127C,0.0
YCR012W,0.0
YBR003W,0.0
YOR264W,0.5153723485985633
YAL032C,0.3592775041050903
YAR061W,0.0
YJR116W,0.0
YOL010W,0.0
YMR092C,0.15948275862068967
YCL038C,0.0
YMR263W,2.0861575949422093
YKL179C,0.0
YAL005C,0.5207070707070707
YGL018C,0.0
YKR010C,0.23125
YCL067C,0.0
YPL216W,0.0
YBR107C,2.0038002241171773
YPL201C,0.0
YKR007W,0.3611111111111111
YOR243C,0.0
YJL019W,0.0
YKL203C,1.351413292589763
YDR098C,0.0
YHR007C,0.3039453601953602
YKL172W,0.08928571428571427
YLR318W,0.04772256728778468
YLL008W,0.08928571428571427
YER071C,0.0252548656163114
YCR065W,0.38417967155695065
YHR149C,0.175
YNL034W,0.0
YPL057C,0.3801470588235294
YDR038C,0.0
YIL126W,1.2722222222222221
YMR173W,0.0
YJR067C,0.0
YDR397C,0.0
YDL208W,0.41666666666666663
YLR068W,0.0
YNL179C,0.0
YPL233W,0.0
YOR034C,0.0
YPR158W-A,0.0
YAL016W,0.25757575757575757
YGL130W,0.0
YHL010C,0.0
YPL066W,0.0
YDR505C,0.0
YDL130W,0.2857142857142857
YHR089C,0.3333333333333333
YNL004W,0.0
YDR500C,0.0
YLR090W,0.25769230769230766
YOR116C,0.0
YLR021W,0.0
YGR020C,0.20476190476190476
YPL037C,0.0
YOR145C,0.0
YHR112C,0.0
YHR016C,1.6781829281829288
YPR115W,0.0
YOR362C,0.0
YNL131W,0.7579365079365079
YGL254W,0.0
YOR304W,0.0
YIR009W,0.0
YER017C,0.47619047619047616
YJL048C,0.0
YKL011C,0.0
YDR458C,0.0
YJR012C,0.0
YHR053C,0.0
YEL048C,0.03867595818815331
YOR123C,0.5044664859713044
YFR050C,0.0
YHL015W,0.0
YDL243C,0.0
YMR201C,0.0
YNL324W,0.0
YPL208W,0.0
YML057W,0.0
YKL120W,0.0
YKL197C,0.0
YNL334C,0.2361111111111111
YJL014W,1.42175194283628
YOR294W,0.0
YPR063C,0.0
YEL034W,0.0
YHR159W,0.0
YNL018C,0.0
YJL030W,7.4093308372300815
YLR171W,0.0
YPL248C,0.0
YFL052W,0.0
YGL058W,0.0
YOR259C,0.2857142857142857
YGL057C,0.0
YKL090W,0.0
YPL034W,0.0
YIL038C,1.5
YOR230W,0.0
YBR012W-B,0.0
YGR165W,0.0
YCR073W-A,0.0
YNL209W,0.8333333333333333
YNR064C,0.0
YKL088W,0.0
YDL239C,0.4459203036053131
YPR148C,0.0
YOR254C,0.0
YLR319C,0.8470473426716235
YBL086C,0.0
YBR274W,0.07503086492564895
YOR226C,0.0
YBR131W,0.22249060654857755
YFL047W,0.0
YKL076C,0.0
YLR008C,0.0
YOR049C,0.0
YGR236C,0.0
YAR002W,0.6824739097626421
YJR113C,0.0
YEL008W,0.0
YOR245C,0.0
YML043C,0.5833333333333333
YGL192W,0.2909090909090909
YMR302C,0.45
YJR093C,4.200961538461538
YER039C,0.0
YOR046C,0.0
YLR035C,0.0
YLR379W,0.0
YBR240C,0.0
YJR132W,0.0
YBR015C,0.31138474717868114
YGL223C,0.0
YLR092W,0.0
YLR253W,0.0
YOL099C,0.0
YDR424C,1.861669399349369
YBL072C,0.03617992177314211
YJL200C,0.0
YJL185C,0.0
YER062C,0.0
YBR080C,0.13596491228070173
YDR263C,0.0
YBL078C,0.3666666666666667
YGL030W,0.0
YCR063W,0.0
YKL177W,0.08601398601398602
YKR001C,0.4467835484486733
YDL216C,0.0
YJR094C,0.4099009900990099
YDR381W,0.0
YGL125W,0.0
YBL034C,0.09475806451612903
YPL254W,8.221914106952472
YGR227W,0.0
YOL163W,0.0
YBR020W,0.0
YKL077W,0.0
YLR166C,1.6987179487179487
YAL041W,1.508951467558766
YGR006W,0.0
YDR236C,0.0
YLR054C,0.0
YNR031C,0.7261904761904762
YFL045C,0.0
YMR110C,0.0
YML129C,0.0
YMR123W,0.05694242544381305
YDL129W,0.0
YLR393W,0.0
YEL062W,0.0
YOL082W,0.4326541274817137
YPR169W,0.0
YGR280C,0.0
YGR201C,0.0
YML019W,0.0
YBR218C,0.0
YJR069C,0.0
YML008C,0.0
YJL087C,0.0
YPL032C,0.0
YGL049C,0.8827639751552795
YPL051W,2.5179841897233186
YHR160C,0.0
YER007C-A,0.0
YIL024C,0.0
YGR184C,0.15634504344072098
YDL123W,0.0
YGL138C,0.0
YPL053C,0.0
YER047C,0.0
YHL026C,0.0
YJL159W,0.0
YOR147W,0.0
YMR193W,0.0
YEL038W,0.0
YNL172W,7.06632485161897
YBL031W,0.0
YDR200C,0.8611111111111112
YJL175W,0.0
YNL164C,0.0
YFL010C,0.0
YJR105W,0.0
YLR241W,0.0
YLR286C,0.24358974358974358
YKL056C,0.0
YGR143W,0.0
YGL112C,7.703218520609825
YGL037C,0.0354679802955665
YHL007C,1.0066890241198523
YJR075W,3.089038160040666
YBR090C,0.0
YDR286C,0.0
YJL114W,0.6534090909090909
YBR264C,0.0
YLL002W,0.06353056686592162
YOR318C,0.0
YHR189W,0.0
YLR201C,0.0
YDL221W,0.0
YMR081C,0.0
YGL202W,0.0
YLR114C,0.0
YMR232W,0.0988235294117647
YIR022W,0.0
YBR010W,0.75
YPR079W,0.0
YER092W,0.5093342214934754
YML046W,0.16666666666666666
YPL050C,0.3414692462680079
YDL015C,0.0
YAL026C,0.20656241077446202
YDR009W,0.0
YPR126C,0.0
YMR209C,0.0
YHR005C,0.6141025641025641
YER119C,0.0
YHL045W,0.0
YMR306W,0.0
YOL106W,0.0
YBL020W,0.0
YDL235C,1.1523809523809523
YBR099C,0.11085115864527628
YBL075C,0.0
YPL120W,0.5143892339544514
YBR122C,0.02854251012145749
YGL203C,0.0
YNL144C,0.0
YNL233W,3.0569732379381502
YAR064W,0.0
YIL128W,0.0
YOR314W,0.0
YDL233W,0.0
YIL039W,0.0
YLR336C,0.0
YGR063C,0.0
YGL031C,0.0
YKL009W,0.09429824561403508
YER162C,0.0
YDR356W,0.3333333333333333
YGL169W,0.0
YJL047C,0.09706959706959707
YHR123W,0.12681159420289856
YLR083C,0.0
YER012W,0.0
YOL028C,0.0
YNL328C,0.0
YNL117W,0.0
YCR021C,0.0
YJL146W,0.0
YOL109W,0.0
YCR106W,0.0
YKL146W,0.0
YGR014W,0.0
YDR414C,0.06336153782962294
YIR021W,0.0
YCL055W,0.2909090909090909
YGL181W,0.19850078093785187
YDL022W,0.0
YBR198C,8.06267230212243
YDL148C,0.0
YBR288C,0.385609243697479
YDL085W,0.0
YDL142C,0.0
YDR435C,0.0
YHR201C,0.0
YGL229C,0.0986013986013986
YNL023C,0.0
YDR532C,0.0
YNL331C,0.08178832661591282
YHR075C,0.0
YDR176W,6.7620617968997525
YDL093W,0.0
YPL093W,0.18358395989974935
YAL003W,0.0
YNR049C,0.0
YER078C,0.0
YBR180W,0.0
YHR168W,0.0
YBL069W,0.0
YHR197W,0.0
YJR131W,0.0
YNL145W,0.0
YBL067C,0.0
YGR124W,0.0
YMR055C,2.7383643631520616
YPL017C,0.716916451857747
YMR243C,0.0
YOR074C,0.0
YPL146C,0.0
YDL214C,0.0
YLL030C,0.0
YDR016C,0.7301587301587302
YPR059C,0.0
YHR030C,6.2619242173229965
YBR088C,0.0
YDR322C-A,0.0
YJL157C,0.45209950408308824
YLR311C,0.0
YBL095W,0.0
YDL135C,0.0
YDR445C,0.0
YOR155C,0.0
YIL062C,0.5
YDL202W,0.0
YPL190C,0.0
YOL126C,0.0
YDR099W,0.24285714285714285
YGR209C,0.0
YPR107C,4.092094017094017
YDR373W,0.0
YOL104C,0.0
YDL191W,0.0
YER084W,0.03240725197246937
YPL224C,0.0
YAL062W,0.0
YIL020C,0.0
YMR214W,0.0
YDR457W,0.0
YHL008C,0.0
YNR030W,0.0
YCR082W,0.2277301315037164
YNL229C,0.0
YDR045C,0.0
YNL216W,0.3458333333333333
YML071C,0.5312365511197611
YML089C,0.0
YOR194C,1.3642857142857143
YLR016C,0.0
YNL159C,0.0
YDR092W,0.0
YER188W,0.0
Q0045,0.0
YPL011C,0.0
YOR185C,0.0
YDL032W,0.0
YBL103C,0.0
YPR048W,0.0
YLR378C,0.0
YIL092W,0.0
YLR151C,0.0
YLR139C,0.0
YLR285W,0.0
YOR040W,0.0
YDL094C,0.0
YGR267C,0.0354679802955665
YIR037W,0.0
YLR136C,0.0
YBR038W,0.0
YAR071W,0.0
YJL078C,0.0
YNL134C,0.0
YMR315W,0.0
YMR258C,0.0
YER093C,0.6744079449961803
YDR091C,0.0
YBR211C,0.0
YNL289W,0.026013513513513515
YOL064C,0.0
YDR415C,0.0
YLR389C,0.0
YBR237W,0.31721967963386727
YMR250W,0.0
YGR003W,0.0
YLR218C,0.0
YKL006W,0.0
YOR079C,0.0
YJL041W,0.8657754010695187
YMR231W,1.5
YLR257W,0.0
YGR229C,6.479431872109471
YPL101W,0.10449266909805799
YLR134W,0.0
YDR380W,0.0
YLL042C,0.0
YIL157C,0.0
YML034W,0.0
YLL023C,0.0
YBR057C,0.20646205646205645
YGL127C,0.7138023657078831
YAR031W,0.0
YMR132C,0.0
YCR045C,0.0
YKL042W,0.08249158249158249
YLR174W,0.0
YOR146W,0.0
YNR013C,0.0
YMR303C,0.0
YIL035C,2.0508158508158507
YJL082W,0.0
YJL084C,0.0
YLR089C,0.13524823239904218
YEL063C,0.0
YLL047W,0.0
YJL176C,0.0
YDR110W,0.0
YNL140C,0.1284950788579174
YBL047C,0.6671430153982498
YNL154C,0.7988636363636363
YER020W,0.0
YAL045C,0.0
YLR343W,0.0
YJL020C,3.264886454989823
YKL055C,0.0
YOR001W,0.0
YOL146W,0.0
YPR084W,0.03240725197246937
YMR100W,0.0
YCR003W,0.0
YIR014W,0.0
YOL015W,0.0
YNR052C,0.7749262426242625
YDR217C,1.640594290518296
YDL247W,0.0
YLR413W,0.0
YGR129W,0.0
YNR032W,0.0
YPL203W,0.619047619047619
YOR112W,0.0
YFR004W,0.0
YML032C,5.237903980126253
YHL048W,0.0
YBR012C,0.0
YOR158W,0.07720588235294118
YPL251W,0.0
YHR009C,0.0
YGL201C,0.0
YAL034W-A,0.0
YOL059W,0.0
YGR293C,0.0
YGL119W,0.0
YBR229C,0.828004375509069
YFR014C,0.0
YKL190W,1.464295767392263
YIR024C,0.0
YNL152W,0.0
YGL028C,0.0
YKR024C,0.0
YIL057C,0.0
YNL045W,0.0
YOR002W,0.3333333333333333
YDR250C,0.0
YOR347C,0.0
YGR071C,0.0
YGL132W,0.0
YMR017W,0.0
YDR321W,0.04632034632034632
YMR063W,0.0
YJR003C,0.0
YBR082C,0.5714285714285714
YLR072W,0.0
YLR042C,0.0
YNL223W,0.09475806451612903
YDR154C,0.0
YHR198C,0.0
YDL218W,0.0
YBL083C,0.0
YLR095C,0.0
YHR166C,5.605555555555555
YJL129C,0.0
YDR175C,0.0
YBR249C,0.0
YCR030C,0.0
YDL246C,0.9505500402052125
YER045C,0.0
YOR340C,0.0
YGR283C,0.0
YML067C,0.0
YOR136W,0.0
YOR096W,0.0
YFL002W-B,0.0
YLR058C,0.0
YML125C,0.0
YLR165C,0.0
YMR204C,0.0
YGR069W,0.0
YGL113W,0.0
YOR127W,0.5438152637687829
YBL049W,0.05905205905205905
YGR289C,0.0
YBR056W,0.0
YLR287C,0.3214285714285714
YDR040C,0.0
YKL043W,0.0
YMR073C,0.0
YCR092C,1.1857142857142857
YKL012W,0.24285714285714285
YMR309C,1.1428571428571428
YNL041C,0.5254868961853236
YPL133C,0.0
YOL021C,2.1285714285714286
YJR051W,0.0
YJL011C,0.0
YBR279W,0.0
YDR301W,4.252808302808303
YBL091C,0.0
YER056C-A,0.0
YDR456W,0.0
YKR006C,0.0
YGR080W,0.28448275862068967
YDR260C,0.14215686274509803
YER137C,0.0
YOR150W,0.0
YPL004C,0.0
YPL025C,0.0
YIL040W,0.029540047581284694
YNL030W,1.525
YOR117W,0.2857142857142857
YCR100C,0.0
YBL080C,0.0
YDR276C,0.215356586795099
YFR001W,0.0
YGL019W,1.8583916083916083
YJL203W,0.5383295194508009
YBR160W,1.13440065681445
YPR017C,0.19096638655462184
YGL070C,0.045454545454545456
YJL053W,0.2523809523809524
YDL026W,0.0
YOR153W,0.0
YOR003W,0.0
YIL034C,1.8829211034848812
YBR255W,0.20014184510302047
YCR022C,0.0
YFL015C,0.0
YHR212C,0.0
YBR008C,0.0
YAL038W,0.0
YNR074C,0.0
YPR110C,0.30952380952380953
YML012W,0.0
YBR103W,0.8601169935025186
YJR087W,0.0
YKL058W,1.3142857142857143
YDL224C,0.0
YHR148W,0.0
YBR060C,0.4
YKR070W,0.0
YFR019W,1.868625592245807
YER140W,0.0
YOR378W,0.0
YIR010W,0.0
YBR296C,0.0
YLR006C,0.41666666666666663
YHR186C,0.8666666666666667
YFL002C,0.0
YDR421W,0.0
YER099C,0.3269230769230769
YOR221C,0.0
YMR146C,0.9285714285714285
YDR211W,0.0
YMR058W,0.0
YCR099C,0.0
YBR068C,0.0
YLL051C,0.0
YOR007C,0.0
YBL109W,0.0
YLR385C,0.0
YKR005C,0.0
YHR137W,0.0
YOL136C,0.0
YNL226W,0.0
YGL139W,0.0
YMR118C,0.0
YIL049W,0.0
YDL012C,0.0
YMR215W,0.0
YJL036W,0.029365079365079365
YMR205C,0.0
YHR034C,0.0
YCL023C,0.0
YIL042C,0.0
YPR099C,0.0
YBL022C,0.0
YLR390W-A,0.0
YBL062W,0.14225274725274725
YOR204W,0.6285714285714286
YGR206W,0.0
YER043C,0.0
YLR284C,0.4593073593073593
YLR457C,0.0
YKL038W,0.0
YOL156W,0.0
YDL170W,0.013922895962360172
YGR177C,0.0
YIR012W,0.0
YGL259W,0.0
YGR077C,0.0
YEL046C,0.0
YBR149W,0.0
YLR283W,0.0
YMR290C,0.18358395989974935
YGR211W,0.0
YPL056C,0.0
YNL009W,0.0
YMR057C,0.0
YOR171C,0.0
YNL260C,0.0
YIR033W,0.0
YJL088W,0.0
YBR223C,0.0
YBR266C,0.0
YJR121W,0.0
YOR270C,0.3214285714285714
YER178W,0.0
YDL168W,0.0
YGR278W,0.0
YLR443W,0.0
YIL134W,0.0
YLR434C,0.0
YOL111C,0.0
YNL208W,0.0
YPL283C,0.0
YOR068C,0.13193772000432502
YOR065W,0.0
YPL150W,0.0
YJL067W,0.0
YDR512C,0.0
YBL089W,0.0
YFL023W,0.0
YDR371W,0.0
YJL124C,2.3132272787989367
YER165W,0.8452380952380952
YBL107C,0.0
YJL134W,0.0
YNL112W,0.0
YKL222C,0.0
YOR289W,0.0
YPR065W,0.0
YOR144C,6.21453304720304
YOR032C,0.0
YJL131C,0.0
YGR284C,0.0
YLR420W,0.0
YNL327W,0.0
YLR001C,0.0
YML018C,0.0
YCR016W,0.0
YMR197C,1.6398692810457518
YBR009C,0.75
YGL036W,0.0
YDR184C,0.0
YJR020W,0.0
YIL074C,0.0
YPL156C,0.0
YNL217W,0.0
YOR363C,0.0
YDR326C,0.0
YER058W,0.0
YLR099C,0.0
YKR014C,0.0
YDL151C,0.0
YDR212W,1.0
YDR299W,0.25757575757575757
YLR181C,0.0
YPR165W,0.2547669771721005
YDL076C,0.0
YNL326C,0.0
YDR233C,0.0
YMR278W,0.0
YNL091W,0.0
YBR146W,0.0
YKL212W,0.0
YEL016C,0.0
YNL166C,0.0404244082769216
YHR033W,0.0
YNL070W,1.5555555555555558
YNL204C,0.0
YPR119W,0.9096835878058486
YLR243W,0.0
YMR314W,0.0
YDR203W,0.05694242544381305
YBR157C,0.0
YAL066W,0.0
YJR102C,0.8
YDL164C,0.0
YNL279W,0.0
YLR334C,0.0
YMR025W,0.07720588235294118
YBR045C,0.7678571428571428
YOR329C,0.17261904761904762
YJR025C,0.0
YMR014W,0.0
YDR152W,0.0
YNL219C,0.0
YPR188C,0.0
YOR352W,0.0
YNR027W,0.0
YDL005C,2.5318478276399072
YGR228W,0.0
YJL117W,0.0
YKL068W,0.711088911088911
YCR028C-A,0.0
YEL019C,0.0
YBR197C,0.0
YLR221C,0.0
YBR014C,0.0
YDR228C,0.44246031746031744
YNL235C,0.0
YDL041W,0.0
YOL036W,0.0
YBL102W,0.0
YGL207W,0.5092592592592593
YJR042W,0.0
YBR102C,0.5288461538461539
YJR057W,0.549373040752351
YOR269W,2.674334031509226
YDL178W,0.063894523326572
YBR260C,0.1524915824915825
YNL069C,0.0
YDR103W,1.4030381383322559
YNL151C,0.5
YCR073C,0.0
YOR134W,0.0
YIR026C,0.0
YML091C,0.0
YNR010W,0.10356731875719218
YBL097W,0.0
YHR025W,0.0
YMR180C,0.0
YHL022C,0.0
YLL015W,0.0
YJL160C,0.0
YNL051W,0.4777643288975389
YMR200W,0.5784907902554961
YNR011C,0.0
YIL109C,0.9711710703090013
YKL095W,0.0
YPL038W,0.0
YBR112C,0.18633540372670807
YDR095C,0.0
YCR050C,0.0
YGL151W,0.016598586526616093
YGR046W,0.0
YPL060W,0.0
YIL028W,0.0
YNR025C,0.0
YOR333C,0.18633540372670807
YLR012C,0.0
YLR313C,0.6554945054945055
YMR002W,0.0
YOL093W,0.0
YGR019W,0.012313404561642798
YDR431W,0.0
YEL047C,0.0
YLR398C,0.07023809523809524
YJR015W,0.0
YDR298C,0.0
YNL170W,0.0
YLR204W,0.0
YHR004C,0.468092937658155
YKL101W,0.20721078608402554
YKL024C,0.0
YKL152C,0.10666666666666666
YGL045W,0.0
YKL183W,0.0
YIL158W,0.0
YML070W,0.0
YOR282W,0.0
YDR077W,0.0
YHR022C,0.0
YER120W,0.0
YDR305C,0.0
YNL330C,0.13574660633484165
YJR083C,0.061507936507936505
YFL012W,0.17575757575757575
YNR075W,0.0
YKR050W,0.0
YNR005C,0.0
YMR207C,0.0
YOL095C,0.0
YIR027C,0.0
YOL075C,0.0
YBR028C,0.0
YBR212W,0.0
YGL122C,0.225
YER152C,0.0
YML122C,0.0
YBL019W,0.0
YER079W,0.23376623376623376
YER087C-A,0.0
YKR068C,4.369350626355629
YDR202C,0.05694242544381305
YGL026C,0.0
YMR125W,0.0
YER052C,0.0
YGL098W,0.0
YLR220W,0.0
YNL147W,3.267444004343318
YLR014C,0.0
YBR161W,0.0
YLR264W,0.6295959719872763
YGL245W,0.0
YHR063C,0.0
YLR314C,1.7652236652236653
YHR136C,0.0
YLR056W,0.0
YDR078C,0.34285714285714286
YER132C,0.0
YHR072W-A,0.41666666666666663
YCL074W,0.0
YBR164C,2.9427778511959817
YGR141W,0.0
YMR267W,0.0
YLL026W,0.0
YBR272C,0.0
YLR143W,0.0
YDR191W,0.0
YMR001C,0.16025641025641024
YGL055W,0.0
YPL215W,0.0
YHR070W,0.0
YDL121C,0.0
YOR219C,0.0
YMR029C,0.2111111111111111
YKR021W,0.0
YPR122W,0.0
YJR063W,0.0
YOR082C,0.0
YDR343C,0.0
YNR006W,0.0
YDL172C,0.0
YPR008W,0.0
YOR325W,0.0
YKL033W,0.0
YPL259C,0.0
YCL025C,0.0
YOR014W,0.2496512950672543
YDR323C,0.0
YBR145W,0.0
YHR165C,0.0
YDR245W,1.3101926618860316
YBR126C,0.7814327485380117
YIL133C,0.0
YML123C,0.0
YGL027C,0.8246639874965505
YLR399C,0.0
YDR332W,3.114725861331678
YJL094C,0.0
YGR259C,0.0
YER041W,0.0
YCL065W,0.0
YDR084C,0.18333333333333335
YML114C,0.0
YPL049C,0.8928571428571428
YHR052W,0.09429824561403508
YOL102C,0.0
YPL102C,0.02325881896885903
YOR208W,0.9
YOR266W,0.361367982806495
YER013W,0.0
YCL014W,0.0
YDR022C,0.0
YDR425W,0.4777777777777778
YBR215W,0.03333333333333333
YJR052W,0.0
YPR018W,0.02849002849002849
YAL056C-A,0.0
YDL052C,0.0
YAR047C,0.0
YDR042C,0.0
YLR087C,0.45141611630806655
YLR215C,0.0
YLR210W,1.5301860720712495
YBR144C,0.0
YOR380W,0.0
YLR369W,0.0
YPL147W,0.0
YBR123C,0.0
YML079W,0.0
YKR002W,3.5091575091575096
YGR244C,0.0
YEL054C,0.0
YGL184C,0.0
YLR433C,0.0
YEL013W,0.0
YLR011W,0.0
YGR083C,0.0
YPL180W,1.1583333333333332
YLR426W,0.0
YNL333W,1.5624521072796935
YPL280W,0.0
YCL022C,0.0
YLR088W,0.0
YLR337C,2.9538184192903003
YBL081W,0.0
YLL022C,0.0
YPL088W,0.0
YPL074W,0.0
YCL027W,0.32008881922675025
YGR086C,0.0
YPR054W,0.0
YBL023C,0.04298245614035087
YDL204W,0.0
YHR102W,0.0
YCR047C,0.0
YJL173C,0.8555555555555556
YDL069C,0.0
YCL008C,0.0
YGR120C,0.8311051693404634
YOR249C,7.097608274078862
YGL079W,0.0
YER169W,0.0
YFL022C,0.0
YPR014C,0.0
YKR074W,0.0
YBR194W,0.0
YPR096C,0.0
YFL055W,0.0
YNR033W,0.0
YER087W,0.0
YDR370C,0.0
YGR017W,0.0
YMR109W,3.2015727941533703
YPL105C,0.5
YGL237C,1.098851711832668
YGL024W,0.0
YOL001W,0.0
YIL147C,0.6333333333333333
YER102W,0.0
YDL065C,0.39490509490509496
YPR157W,0.0
YIL131C,0.0
YPL097W,0.0
YOR067C,0.0
YNL180C,0.0
YJR009C,0.0
YCL017C,0.0
YDL059C,0.0
YPL257W-B,0.0
YBL105C,1.1982901085842257
YPL048W,0.0
YCL050C,0.0
YMR041C,0.0
YER107C,0.863869463869464
YFR013W,0.0
YKL143W,0.03554201574003554
YGL074C,0.0
YOR059C,0.0
YLR451W,0.0
YNR009W,0.0
YER133W,0.6322055137844611
YJL142C,0.0
YKL061W,0.1188034188034188
YJL113W,0.6534090909090909
YGR221C,0.0
YHR058C,0.022559217947111167
YMR316C-B,0.0
YNL141W,0.0
YGR099W,0.0
YIL004C,0.4464753103793352
YFL034C-B,0.0
YJL154C,1.684205609745379
YER180C-A,0.0
YPR032W,0.026477146042363436
YEL023C,0.0
YAR033W,0.0
YNL105W,0.0
YIL076W,0.03240725197246937
YER139C,0.049959667917414394
YOR377W,0.0
YOL153C,0.0
YOR275C,0.377316510649844
YOR307C,0.0
YML027W,0.0
YBL093C,0.10666666666666666
YHR031C,3.242252725171873
YDR432W,0.0
YMR285C,0.0
YHR107C,2.0752134611531523
YMR051C,0.0
YBR046C,0.0
YFL020C,0.0
YKL145W,0.0
YOR105W,0.0
YDL020C,0.7256124410792272
YHR003C,0.0
YIL014W,0.0
YLR255C,0.0
YLL001W,0.1256805130882243
YOR368W,2.0071746925762324
YJR021C,0.0
YDR361C,0.0
YCR027C,0.0
YIL010W,0.0
YNL320W,0.0
YHL021C,0.0
YNL323W,0.0
YMR079W,0.0
YJL096W,0.0
YJR070C,0.09994345121579885
YPR050C,0.04030874785591767
YDL033C,0.2672793221144521
YDL138W,0.0
YIL145C,0.0
YKL102C,0.0
YOR257W,0.0
YMR018W,0.0
YMR280C,0.0
YNL212W,0.0
YPL220W,0.0
YOR209C,0.0
YMR091C,0.0
YNL321W,0.0
YNL068C,0.0
YDR043C,0.18633540372670807
YLR340W,0.6428571428571428
YMR129W,0.83
YLR381W,4.213488656462135
YDR530C,0.0
YBR021W,0.0
YIL137C,0.0
YCL049C,0.0
YOR060C,0.0
YIL054W,0.0
YPR120C,0.31445853118266465
YBR277C,0.0
YOL101C,0.0
YLR329W,0.0
YLR262C,2.2714285714285682
YGR242W,0.0
YPR033C,0.0
YCR039C,0.0
YMR179W,0.0
YCL076W,0.0
YNL003C,0.0
YBR025C,0.0
YCL033C,0.0
YML108W,0.0
YNL020C,0.0
YGR140W,1.4384753667712993
YJL001W,0.0
YIL123W,0.0
YJL068C,0.0
YLR362W,1.8750000000000002
YDR073W,0.0
YPL155C,3.246287919417827
YNL202W,0.0
YDR386W,1.2527482144816946
YGR167W,0.5535714285714286
YGR213C,0.0
YLR366W,0.0
YGR187C,0.0
YGL013C,0.0
YHR172W,0.8825757575757576
YDR279W,0.2608974358974359
YOL139C,1.5535714285714284
YBL001C,0.05235109717868339
YDR287W,0.0
YDR275W,0.0
YER025W,0.049533799533799536
YNL128W,0.0
YBR261C,0.0
YJL089W,0.0
YLR448W,0.0
YFR026C,0.0
YNL173C,0.0
YDR002W,0.0
YMR139W,0.4099009900990099
YGL168W,0.5944050445430346
YKL069W,0.0
YGR188C,5.954038850635964
YNR022C,0.0
YEL002C,1.1222222222222222
YOR393W,0.0
YMR119W,0.0
YDR468C,1.3974450386215092
YMR141C,0.0
YOR037W,0.0
YNL058C,0.0
YKL175W,0.0
YAR002C-A,0.0
YGR116W,1.5761904761904761
YHL001W,0.0
YJR024C,0.0
YJL153C,0.0
YPR025C,0.18992248062015504
YCL007C,0.0
YLR172C,0.0
YER090W,0.0
YML101C,0.0
YNR038W,0.0
YNL246W,0.0
YLL019C,0.0
YHR043C,0.0
YBL094C,0.0
YJL008C,0.0
YPL255W,0.0
YOR141C,0.0
YMR054W,0.05694242544381305
YLR273C,0.0
YMR284W,0.5833333333333333
YLR097C,0.0
YPR116W,0.0
YLR397C,0.0
YBR106W,0.0
YLR277C,3.661538461538462
YPR154W,0.0
YLR384C,0.10244022719364064
YMR075W,0.0
YGL167C,0.3605476673427992
YPR080W,0.0
YNL012W,0.0
YPL118W,0.0
YGL051W,0.0
YBR101C,0.0
YNL037C,0.0
YNL099C,0.3333333333333333
YHR085W,0.0
YJL158C,0.0
YMR151W,0.0
YKR022C,0.0
YBR083W,0.0
YML128C,0.04647016340164305
YJL166W,0.0
YML013W,0.0
YPL151C,0.2095238095238095
YDR455C,0.0
YGR009C,0.6487179487179486
YOL088C,0.0
YJR112W,1.3662095059161588
YPL041C,0.0
YMR068W,0.42702020202020197
YPL200W,0.0
YAL002W,0.45069697958544763
YKL093W,0.0
YNL271C,4.988979646710571
YOL077C,0.08928571428571427
YML100W,1.1666666666666665
YBR242W,0.0
YFL061W,0.0
YLL009C,0.6666666666666666
YMR242C,0.0
YFR049W,0.0
YGR064W,0.0
YOR210W,0.0
YOR349W,11.188562339759919
YNL322C,4.482327706888288
YJL065C,0.0
YPR197C,0.0
YJR008W,0.0
YLR377C,0.0354679802955665
YJL064W,0.0
YNL031C,1.525
YKL032C,0.13435083435083434
YDR507C,2.0754139379139382
YHL031C,1.0101715808700082
YJL071W,0.0
YNL007C,0.0
YDR529C,0.0
YPL214C,0.0
YCL039W,0.0
YJL101C,0.0
YOR121C,0.0
YDL186W,0.0
YGL044C,0.47619047619047616
YHL024W,0.0
YDR308C,0.4293568597366066
YER157W,0.4177222222222222
YNL206C,0.02507351803126451
YJR044C,0.0
YOL154W,0.0
YAL049C,0.0
YLR248W,0.0
YKL001C,0.0
YER059W,0.0
YOL063C,0.0
YMR150C,0.0
YNL109W,0.0
YDR359C,0.047230611430850764
YAL009W,0.4166666666666667
YPR135W,11.19642447279808
YGR091W,0.0
YOR215C,0.0
YBR187W,0.0
YDL099W,0.0
YJL127C,0.0
YNR068C,0.0
YDL159W,1.3055555555555556
YIL068C,0.27692307692307694
YAL025C,0.08928571428571427
YBR091C,1.1428571428571428
YER144C,0.0
YLR372W,0.18421052631578946
YCR008W,0.0
YKL039W,0.0
YKL098W,0.0
YNL107W,0.0
YMR202W,0.0
YIL033C,0.6068965517241379
YPR001W,0.0
YGR241C,0.41647576561369665
YGL175C,0.16452642185400806
YLR249W,0.0
YGR181W,0.0
YIL027C,0.0
YAR066W,0.0
YMR005W,0.0
YPR004C,0.0
YDR142C,0.5499999999999999
YHR152W,0.2811656165616562
YDR205W,0.0
YPL073C,0.0
YIL044C,0.0
YGL198W,1.3791909479409479
YFR009W,0.0
YHR036W,0.0
YLR430W,0.0
YDL212W,0.0
YIL163C,0.0
YPL241C,7.109215859441591
YGL253W,0.13524823239904218
YNL088W,1.2393939393939393
YER026C,0.0
YOR290C,1.2511702704797334
YHR193C,0.0
YGL222C,0.0
YKL005C,0.0
YLR419W,0.0
YDR314C,0.0
YKR023W,0.0
YER089C,0.0
YGR133W,0.0
YJR139C,0.0
YDL160C,0.819198345514135
YCR041W,0.0
YOR114W,0.0
YAL029C,0.0
YLR288C,0.5613538484018565
YNL286W,0.0
YDR012W,0.0
YNL199C,0.0
YML085C,1.9924585822223062
YNL157W,0.0
YKL104C,0.0
YGL161C,1.472222222222222
YLR124W,0.0
YLL040C,0.17391304347826086
YOR190W,0.0
YLR294C,0.0
YGL020C,0.10740254653298131
YLR126C,0.0
YBR023C,5.1574886925169405
YFR036W,5.041684251415402
YBL018C,0.0
YHR013C,0.0
YBL040C,0.0
YDR498C,0.7546798029556651
YDR218C,0.12316715542521994
YIL138C,0.0
YJL044C,0.0
YOL140W,0.0
YPL261C,0.0
YLR328W,0.47093596059113296
YIL078W,0.0
YNL146W,0.0
YMR160W,0.0
YOL081W,0.12008868324657797
YNL201C,0.0
YJL187C,0.49868220015278836
YDR438W,0.0
YFL042C,0.0
YLR417W,0.9
YJR072C,0.0
YBR027C,0.25769230769230766
YER066W,0.0
YDL066W,0.0
YOR142W-A,0.0
YOR319W,0.16208791208791207
YNL081C,0.0
YOR239W,0.0
YPL126W,0.0
YDR379W,0.13436692506459946
YDR531W,0.0
YER106W,0.0
YCL016C,9.209164640575972
YPL204W,0.0
YNL095C,0.0
YIR034C,0.0
YDR487C,0.0
YGR189C,0.0
YLL054C,0.0
YNL196C,0.0
YDR412W,0.0
YLR066W,0.0
YPL138C,0.0
YBR286W,0.0
YLR070C,0.0
YHR088W,0.08928571428571427
YKL074C,0.7991452991452992
YNL243W,1.2388528677914867
YBR230C,0.0
YAR027W,0.0
YGR160W,0.0
YOR236W,0.0
YPR105C,0.18282085561497327
YER067W,0.0
YFL033C,0.0
YGL155W,0.0
YPR083W,0.06926406926406926
YOR028C,0.0
YKR095W,0.0
YOR276W,0.2857142857142857
YNR059W,0.0
YNL142W,0.0
YLL007C,0.04030874785591767
YPL249C,0.0
YPR086W,0.14679611650485433
YNL207W,0.0
YLR116W,0.5555555555555556
YGR218W,0.4300583904544301
YCL029C,7.258797100216642
YOR382W,0.0
YNR028W,0.0
YER008C,0.5280885780885781
YDR006C,0.0
YHR187W,0.0
YGR097W,0.0
YCL051W,0.0
YML016C,0.015198408312147674
YDR138W,0.30597826086956526
YOR157C,0.0
YER082C,0.0
YPL265W,0.0
YNL082W,2.0285714285714285
YDL232W,0.0
YDR115W,0.0
YBR190W,0.0
YGL008C,0.0
YMR187C,0.0
YLL041C,0.0
YNL250W,4.630714981518122
YHR083W,0.0
YKR089C,0.0
YDR031W,0.0
YGR166W,2.6579473842577115
YFR003C,0.0
YDR132C,0.0
YGR257C,0.0
YGR107W,0.0
YDL117W,0.5773559998064358
YFL018C,0.0
YHR174W,0.0
YGL240W,6.160980969721416
YKL103C,0.3152298850574713
YDR452W,0.0
YLR442C,0.2777777777777778
YOR097C,0.0
YDR135C,0.0
YKL045W,0.0
YJL212C,0.0
YER156C,0.0
YDR085C,0.0
YDR300C,0.0
YJL004C,0.2089829856134204
YEL027W,0.0
YOR364W,0.0
YLR365W,0.0
YJL035C,0.0
YIL079C,0.0
YDL236W,0.0
YDR454C,0.0
YCL031C,0.0
YDL053C,0.0
YOR189W,0.0
YLR147C,0.0619047619047619
YHR171W,0.8484848484848485
YBR165W,0.0
YOR360C,0.0
YPR175W,0.0
YBR252W,0.0
YDR353W,0.0354679802955665
YGL256W,0.0
YOR261C,0.0
YGR237C,0.0
YPL010W,0.0
YLR121C,0.0
YAL023C,1.3643892339544512
YHR081W,0.0
YGL016W,0.29166666666666663
YDL219W,0.0
YLR242C,0.4
YGR155W,0.0
YOL044W,0.0
YKR106W,0.0
YPL007C,0.0
YDR074W,0.75
YGL162W,0.0
YMR322C,0.8722222222222222
YBR302C,0.0
YOR089C,1.0755024439604188
YDR417C,0.0
YJR142W,0.0
YDR441C,0.0
YER077C,0.0
YOR106W,0.48903318903318904
YER167W,0.0
YDR319C,0.0
YML048W,0.0
YPL040C,0.0
YNL025C,0.3024872698785742
YDL051W,0.0
YLR078C,0.21462981744421905
YLR146C,0.0
YIL052C,0.0
YLR348C,0.0
YLR096W,0.0
YCR098C,0.0
YOR178C,0.4642857142857143
YNL282W,0.0
YMR066W,0.0
YER096W,0.0
YKL191W,0.0
YML065W,0.0
YDR504C,0.0
YIR006C,0.0
YOL006C,1.4444300706678623
YBR176W,0.15859992081881136
YDR328C,1.367857142857143
YGL090W,0.0
YMR102C,0.0
YLR104W,0.0
YLR266C,0.0
YMR059W,1.2333333333333334
YBR283C,0.0
YFR029W,0.0
YPR056W,0.0
YDR313C,0.0
YBL088C,0.0
YER027C,0.2408026755852843
YHR128W,0.0
YDR032C,0.0
YMR273C,1.0477588948519183
YLR235C,2.2406512263783176
YDL147W,0.0
YEL012W,0.0
YPL068C,0.0
YOR151C,0.0
YGR055W,0.0
YDR134C,0.0
YDR392W,8.10482890756926
YGL163C,2.1659769755187623
YBR179C,0.0
YLR412W,0.0
YGR172C,1.166045066045066
YBL059W,0.0
YMR039C,0.01770873786407767
YOR247W,0.10666666666666666
YLR304C,0.0
YGL179C,0.0
YKL049C,0.0
YGR156W,0.0
YNL113W,0.2857142857142857
YLL060C,0.0
YAR035W,0.0
YHR062C,0.0
YNL276C,0.0
YHR010W,0.0
YJL174W,0.1316808256611059
YJR010C-A,0.0
YER150W,0.0
YOR075W,0.7546798029556651
YGR223C,0.0
YER057C,0.0
YLR390W,0.0
YNL200C,0.0
YIL090W,0.0
YFR043C,0.0
YHR140W,0.0
YIL045W,0.29166666666666663
YDL081C,0.01770873786407767
YDL045C,0.0
YNL203C,0.0
YOL085C,0.0
YPR040W,0.4
YNL171C,0.25522060293143384
YLR098C,0.0
YLR353W,0.25769230769230766
YMR198W,0.7152844043734549
YLL006W,0.08336388514265512
YGR049W,0.0
YDR348C,0.0
YML055W,0.0
YPR078C,0.0
YMR168C,1.0287267080745341
YDR069C,0.0
YHR215W,0.0
YNL063W,0.0
YKR031C,0.0
YDR520C,0.0
YDR536W,0.0
YJR074W,0.0
YLR436C,0.0
YPL111W,0.36097925063442304
YLR037C,0.0
YGR035C,0.032390243902439025
YBR119W,0.0
YML001W,0.251104209799862
YKR034W,0.3333333333333333
YGR005C,0.0
YPR020W,0.0
YPR106W,0.0
YPL179W,0.0
YLR345W,0.1497536945812808
YIL153W,0.0
YHR067W,0.0
YPL098C,0.0224009900990099
YNL021W,0.3333333333333333
YOR104W,0.0
YDR123C,0.0
YER035W,0.0
YDR249C,0.0
YPR193C,0.04632034632034632
YER121W,0.0
YDL001W,0.0
YDL030W,0.6594818040894662
YGL187C,0.0
YGR098C,0.0
YOR174W,2.826753018882358
YKL171W,0.0
YMR087W,0.0
YMR127C,0.017041996348143643
YPR114W,0.0
YLL043W,0.788900061449081
YDR509W,0.0
YNL125C,0.0
YPL061W,0.0
YGR239C,0.0
YPR168W,0.0
YFL001W,0.0
YGL200C,0.5660286133865396
YDR428C,0.0
YNL277W,0.0
YER061C,0.0
YPR194C,0.0
YPL227C,0.888888888888889
YER116C,0.45852483854512255
YOR301W,0.0
YIL108W,0.0
YGR215W,0.0
YIL084C,0.39174468851219546
YDL035C,0.0
YLR411W,0.0
YHR061C,1.6158047753696665
YFL028C,0.0
YIL129C,0.0
YDL072C,0.0
YJL002C,0.3611111111111111
YOR244W,0.0
YLR208W,0.0
YER048C,0.0
YER186C,0.0
YDR304C,0.0
YLR202C,0.0
YJL168C,2.6915251015257593
YBR019C,0.0
YBR074W,0.0
YDL024C,0.0
YDR393W,0.0
YPL256C,1.895626933355128
YNL257C,0.0
YJR134C,0.0
YGL233W,1.1792970101793634
YPL269W,5.544479474146136
YML006C,0.0
YMR238W,0.0
YIR040C,0.0
YEL006W,0.0
YLR173W,0.0
YMR158W,0.0
YPL096W,0.0
YJR010W,0.0
YHR065C,0.0
YPR015C,0.0
YIL097W,0.0
YPR155C,0.0
YKL195W,0.0
YER054C,0.0
YOL043C,0.0
YGL038C,0.0
YGL177W,0.0
YFL038C,0.6638766032728881
YLR368W,0.11666666666666667
YER136W,0.0
YNL161W,0.0
YHR194W,0.0
YNL116W,0.0
YLR251W,0.0
YLR030W,0.0
YNL126W,1.0135998539612996
YKR028W,2.291666666666667
YIL149C,0.0
YLR080W,0.0
YHR080C,0.0
YHL028W,0.0
YLR230W,0.0
YBR171W,0.560453763836004
YDR178W,0.0
YML103C,0.375
YMR061W,1.4643009768009767
YDL064W,0.0
YMR043W,0.0
YDL063C,0.0
YOL031C,0.0
YML053C,0.0
YBR282W,0.0
YIL095W,0.2427709823227021
YDR358W,0.0
YER126C,0.0
YHR114W,0.4111492281303603
YJR038C,0.0
YPL242C,0.0
YBR017C,0.44405594405594406
YAL013W,2.2088845429528234
YDR335W,0.026415691236950332
YHL042W,0.0
YPL211W,0.18358395989974935
YAL030W,0.7514041514041514
YDR318W,2.2094577437517144
YOR371C,0.0
YBR052C,0.0
YDR137W,0.1525640378581555
YBR137W,0.0
YDL150W,0.0
YMR023C,0.0
YBR085W,0.21014492753623187
YAL004W,0.0
YGL011C,0.0
YLR339C,0.0
YBR156C,0.0
YNL054W-B,0.0
YKL149C,0.0
YBL100C,0.0
YDL140C,0.0
YGR134W,0.0
YDR030C,0.0
YOR201C,0.0
YEL075W-A,0.0
YNL165W,0.0
YDL061C,0.0
YEL056W,0.2726226829121583
YOR299W,0.0
YHR133C,0.05454545454545455
YDL194W,0.0
YLR441C,0.0
YDR101C,0.0
YKL196C,1.1333333333333333
YOR057W,0.25
YML026C,0.0
YOL042W,0.0
YPR011C,0.0
YHR045W,0.0
YPL045W,1.6666666666666665
YNL288W,0.03720542547548686
YGL043W,0.0
YDR256C,0.0354679802955665
YMR277W,0.0
YIL060W,0.0
YDR206W,0.0
YLL059C,0.0
YLR465C,0.0
YOL054W,0.0
YGR235C,0.0
YBR073W,0.0
YDR389W,0.4176271508976864
YHR069C,2.1285714285714286
YPL175W,0.0
YML061C,0.0
YDL011C,0.0
YML106W,0.0
YJL199C,0.12313194052324487
YIR018W,0.0
YML068W,0.0
YGR285C,0.0
YKL180W,0.0
YLR100W,0.45
YER109C,0.0
YIL130W,0.0
YHL011C,0.27692307692307694
YPR203W,0.0
YOR160W,0.0
YOR143C,0.0
YLR079W,2.420617057609958
YBR155W,0.2
YBL016W,1.2055555555555555
YLR102C,5.178768943474825
YLR064W,0.07326007326007325
YIL029C,0.0
YOR100C,0.0
YNL312W,0.8555555555555556
YGL075C,0.0
YLR185W,0.0
YPL158C,0.0
YCL035C,0.0
YGR059W,0.0
YIL141W,0.0
YIL121W,0.0
YNL175C,0.0
YNL056W,0.3666666666666667
YBR035C,0.0
YJR017C,0.0
YFR032C,0.0
YDL149W,0.0
YLL018C,0.0
YMR165C,0.0
YNL198C,0.0
YER086W,0.06559139784946236
YBR278W,0.0
YLR223C,0.0
YDR533C,0.0
YMR090W,0.0
YLR274W,1.0206185567010309
YCR059C,0.0
YDL220C,0.5
YDR317W,0.0
YPL271W,0.0
YPL157W,0.0
YPL219W,0.0
YML102W,0.0
YER113C,0.0
YPL085W,0.5484848484848486
YOR224C,0.0
YNL262W,0.0
YHR091C,0.0
YAR018C,0.0
YIL013C,0.0
YPL154C,0.0
YLR282C,0.0
YBR238C,0.0
YOR284W,0.8926305422799111
YLR351C,0.0
YPL003W,0.3088235294117647
YOR323C,0.0
YGR078C,12.042585436083975
YCR086W,0.9468296085505941
YMR293C,0.0
YFL008W,2.534374082620927
YLL013C,0.0
YPR041W,0.2857142857142857
YJL045W,0.0
YOR297C,1.2857142857142858
YLR425W,0.12497656027067792
YGR085C,0.0
YOR011W,0.0
YLR075W,0.0
YGR123C,0.0
YNL104C,0.0
YOR115C,5.514035545365304
YNL190W,0.0
YPR133W-A,0.2361111111111111
YOR093C,0.0
YOR027W,0.24298245614035088
YKR053C,0.0
YHR111W,0.8064833971151985
YBR129C,0.0
YGR115C,0.0
YOR159C,0.0
YNR051C,0.9665434702663473
YDR160W,0.0
YGL217C,0.7199225315249919
YDR273W,0.0
YPL161C,1.8602651126367111
YBR024W,0.6666666666666666
YIL160C,0.0
YER170W,0.0
YDR329C,0.09365079365079365
YCR020C-A,0.3650422041726389
YHR122W,0.0
YJL102W,0.0
YBL037W,0.0
YOR346W,0.0
YOR298W,0.0
YNR069C,0.0
YGL129C,0.0
YOR036W,0.9291666666666667
YLR254C,0.07037037037037036
YOR184W,0.0
YDR207C,0.15505142816184642
YDR158W,0.0
YOL014W,0.0
YDR382W,0.3214285714285714
YBR168W,0.0
YJL211C,0.0
YHR106W,0.0
YOR156C,0.4008574976316912
YDR345C,0.0
YJL136C,0.0
YHR167W,0.0
YLR157C,0.0
YER147C,0.0
YNL307C,0.12871544697232773
