YHR140W,3.975493,14.733334,0.463232195,0.931915007,0.431693035,0.431693
YPL076W,3.983797,14.419354,0.466167938,0.910604149,0.424494458,0.424494
YDR394W,4.054495,11.953488,0.491162055,0.743237686,0.365050149,0.36505
YMR215W,3.885575,12.954545,0.431443163,0.811182728,0.349979242,0.349979
YJL196C,3.7539134,12.709678,0.384896366,0.794562796,0.305824333,0.305824
YJL117W,3.8998218,11.217391,0.436479885,0.693276353,0.302601183,0.302601
YDL097C,3.767338,12.3125,0.389642412,0.767605015,0.29909147,0.299091
YGR060W,3.9310927,10.745098,0.447535198,0.661220269,0.295919344,0.295919
YGR232W,3.674065,12.461538,0.356667275,0.777720716,0.277387528,0.277388
YDR297W,3.6919663,12.222222,0.362995985,0.761477549,0.276413293,0.276413
YHR200W,3.824644,10.810811,0.409902008,0.665680427,0.272863744,0.272864
YFR052W,3.7248504,11.724138,0.374621619,0.727670944,0.272601267,0.272601
YBR110W,3.7799404,11.090909,0.394097784,0.684691602,0.269835443,0.269835
YFR004W,3.7248504,11.24138,0.374621619,0.694904566,0.260326273,0.260326
YPR108W,3.674065,11.692307,0.356667275,0.725510469,0.258765842,0.258766
YLR372W,4.035391,8.769231,0.48440815,0.527111655,0.255337181,0.255337
YDR331W,3.9667227,9.068966,0.4601316,0.547455658,0.251901648,0.251902
YKR081C,3.92526,9.32,0.445473143,0.564494164,0.251466989,0.251467
YPL264C,3.8142917,9.833333,0.406242122,0.599335769,0.243475435,0.243475
YDL147W,3.9131224,9.041667,0.441182094,0.545602785,0.240710179,0.24071
YMR205C,4.0057755,8.3529415,0.473938076,0.498856713,0.236427191,0.236427
YBR183W,3.7920728,9.705882,0.398386995,0.590685249,0.235321321,0.235321
YBR036C,3.8530462,9.25,0.419943139,0.559743033,0.235060247,0.23506
YHR027C,3.8698623,8.952381,0.425888195,0.53954265,0.229784845,0.229785
YKL065C,3.92526,8.48,0.445473143,0.507480592,0.226068974,0.226069
YER012W,3.885575,8.636364,0.431443163,0.518093533,0.223527912,0.223528
YML048W,3.975493,8.066667,0.463232195,0.479426317,0.222085706,0.222086
YDL029W,4.060816,7.573034,0.493396741,0.445921817,0.220016371,0.220016
YBR290W,3.8142917,8.388889,0.406242122,0.501296588,0.20364779,0.203648
YOR261C,3.7248504,8.965517,0.374621619,0.540434233,0.202458347,0.202458
YNL061W,3.9797077,7.377049,0.464722233,0.432619668,0.201047978,0.201048
YGL004C,3.8698623,7.952381,0.425888195,0.47166935,0.200878408,0.200878
YCR034W,3.9915602,7.3125,0.46891249,0.428238514,0.200806388,0.200806
YEL063C,3.9131224,7.5416665,0.441182094,0.443792801,0.195793437,0.195793
YGR103W,3.885575,7.681818,0.431443163,0.453305346,0.195575492,0.195575
YBR159W,4.0823956,6.6732674,0.501025854,0.384851688,0.192820646,0.192821
YJR010C-A,3.8530462,7.6,0.419943139,0.447752088,0.188030418,0.18803
YGL200C,3.8928666,7.3777776,0.434020988,0.432669121,0.187787479,0.187787
YER021W,3.5367074,9.8,0.30810675,0.597073348,0.183962329,0.183962
YHR133C,3.7539134,7.935484,0.384896366,0.470522494,0.181102398,0.181102
YDR427W,3.6550763,8.48,0.349954131,0.507480592,0.17759493,0.177595
YHL048W,3.9065285,6.93617,0.438850929,0.402695755,0.176723406,0.176723
YKL008C,3.6919663,8,0.362995985,0.474901408,0.172387305,0.172387
YNL101W,3.6919663,8,0.362995985,0.474901408,0.172387305,0.172387
YFR010W,3.4018607,10.75,0.260433913,0.661552983,0.172290832,0.172291
YPL043W,3.8617713,6.9268293,0.423027755,0.402061771,0.170083289,0.170083
YHR052W,3.8142917,7.111111,0.406242122,0.414569578,0.168415625,0.168416
YBR106W,4.088547,5.7714286,0.503200581,0.323640913,0.162856295,0.162856
YMR109W,4.035391,5.8717947,0.48440815,0.330453091,0.16007417,0.160074
YHR026W,3.7799404,6.969697,0.394097784,0.404971343,0.159598309,0.159598
YOR259C,3.7088745,6.857143,0.368973602,0.397331932,0.146604994,0.146605
YFR028C,4.07566,5.3195877,0.498644594,0.29297298,0.146089392,0.146089
YGL137W,4.097072,5.189189,0.506214455,0.28412239,0.143826861,0.143827
YGR284C,3.8346567,6.0526314,0.413441834,0.342727075,0.14169771,0.141698
YOR016C,3.8698623,5.904762,0.425888195,0.332690691,0.141689038,0.141689
YIL035C,4.07566,5.0515466,0.498644594,0.274780146,0.137017634,0.137018
YLL028W,3.8530462,5.8,0.419943139,0.325580148,0.136725149,0.136725
YCL025C,3.8142917,5.9444447,0.406242122,0.335384086,0.136247143,0.136247
YEL002C,3.8346567,5.736842,0.413441834,0.321293406,0.132836135,0.132836
YHL042W,3.8698623,5.571429,0.425888195,0.31006628,0.132053568,0.132054
YKL154W,3.80336,5.8285713,0.402377399,0.327519376,0.131786395,0.131786
YOR272W,3.7248504,6.137931,0.374621619,0.34851664,0.130561868,0.130562
YMR290C,3.7248504,6.137931,0.374621619,0.34851664,0.130561868,0.130562
YER133W,4.1126,4.7580647,0.511704124,0.254860561,0.1304132,0.130413
YOR061W,3.9915602,5,0.46891249,0.271281508,0.127207287,0.127207
YMR149W,3.7799404,5.757576,0.394097784,0.322700691,0.127175627,0.127176
YPR178W,3.824644,5.5675673,0.409902008,0.309804174,0.126989353,0.126989
YDL212W,3.8998218,5.2173915,0.436479885,0.286036586,0.124849216,0.124849
YMR058W,3.8142917,5.4444447,0.406242122,0.301447436,0.122460646,0.122461
YPR156C,3.6126745,6.2608695,0.334963671,0.356860882,0.119535431,0.119535
YJR117W,3.824644,5.2972975,0.409902008,0.29146007,0.119470068,0.11947
YHR142W,3.6550763,5.92,0.349954131,0.333724944,0.116788423,0.116788
YJR045C,4.1516886,4.2413793,0.525523257,0.219791417,0.115505502,0.115506
YHR030C,4.073985,4.375,0.498052425,0.228860695,0.113984624,0.113985
YGR260W,3.8346567,5.0526314,0.413441834,0.274853775,0.113636049,0.113636
YOR119C,3.975493,4.5333333,0.463232195,0.239607299,0.110993815,0.110994
YDR388W,4.1425548,4.0880504,0.522294152,0.209384479,0.109360289,0.10936
YBL007C,4.127139,4.1007195,0.516844149,0.210244373,0.108663574,0.108664
YDR307W,3.6345143,5.6666665,0.342684774,0.316530363,0.108470136,0.10847
YHR086W,3.5892177,5.818182,0.326670905,0.32681422,0.106760697,0.106761
YNL317W,3.6740646,5.3846154,0.356667133,0.297386624,0.106068035,0.106068
YCR057C,3.9915602,4.15625,0.46891249,0.214013411,0.100353561,0.100354
YPL093W,3.8440123,4.5128207,0.416749352,0.238215041,0.099275964,0.099276
YOL139C,3.9474416,4.2222223,0.453315083,0.218491169,0.099045342,0.099045
YCL018W,4.140478,3.7820513,0.521559933,0.18861531,0.098374189,0.098374
YGR090W,3.9710984,4.1355934,0.461678557,0.212611379,0.098158115,0.098158
YGL019W,3.8142917,4.5555553,0.406242122,0.241115579,0.097951305,0.097951
YBR272C,3.6126745,5.304348,0.334963671,0.291938611,0.097788829,0.097789
YKL129C,3.9192991,4.244898,0.443365764,0.220030243,0.097553877,0.097554
YBR283C,3.5892177,5.3636365,0.326670905,0.295962717,0.096682409,0.096682
YGR092W,3.9574172,4.107143,0.456841793,0.210680357,0.096247592,0.096248
YCR088W,3.9474416,4.111111,0.453315083,0.210949678,0.095626671,0.095627
YPL240C,3.9877188,4,0.467554426,0.203408208,0.095104408,0.095104
YEL017C-A,3.6740646,4.923077,0.356667133,0.26606049,0.094895032,0.094895
YDL145C,3.9310927,4.0784316,0.447535198,0.208731619,0.093414747,0.093415
YDL126C,4.077517,3.7551022,0.499301105,0.186786186,0.093262549,0.093263
YJL076W,3.7920728,4.4117646,0.398386995,0.23135603,0.092169234,0.092169
YPL274W,3.5892177,5.090909,0.326670905,0.277451802,0.090635431,0.090635
YJL138C,3.885575,4.090909,0.431443163,0.209578502,0.090421212,0.090421
YPL140C,3.9367256,3.9615386,0.449526617,0.200797706,0.090263913,0.090264
YDL225W,3.8779418,4.0930233,0.42874457,0.209722006,0.089917171,0.089917
YFL039C,4.1147065,3.5396826,0.512448843,0.172164947,0.088225728,0.088226
YER006W,3.6126745,4.869565,0.334963671,0.262428454,0.087903998,0.087904
YPR028W,3.6919663,4.5185184,0.362995985,0.238601763,0.086611482,0.086611
YCR002C,3.885575,3.9545455,0.431443163,0.200323061,0.086428015,0.086428
YBR020W,4.080819,3.54,0.500468473,0.17218649,0.08617391,0.086174
YGR240C,3.885575,3.909091,0.431443163,0.197237914,0.085096949,0.085097
YOR181W,4.015415,3.6056337,0.477345963,0.176641266,0.084318995,0.084319
YDL188C,3.9065285,3.787234,0.438850929,0.188967077,0.082928377,0.082928
YOR267C,3.824644,3.945946,0.409902008,0.199739384,0.081873575,0.081874
YDL008W,3.140127,8.181818,0.167902261,0.487241996,0.081809033,0.081809
YBR198C,3.9192991,3.7142856,0.443365764,0.184015829,0.081586319,0.081586
YIL142W,3.8346567,3.8421052,0.413441834,0.192691367,0.079666672,0.079667
YHR197W,3.885575,3.6818182,0.431443163,0.181812159,0.078441613,0.078442
YBL026W,4.018588,3.3888888,0.478467725,0.161930074,0.077478314,0.077478
YIL075C,3.767338,3.875,0.389642412,0.194924045,0.075950675,0.075951
YPL203W,3.885575,3.590909,0.431443163,0.175641852,0.075779476,0.075779
YOR151C,3.9131224,3.4583333,0.441182094,0.166643501,0.073520129,0.07352
YNL290W,3.7920728,3.7058823,0.398386995,0.183445469,0.073082289,0.073082
YDL213C,3.9915602,3.28125,0.46891249,0.154624273,0.072505253,0.072505
YOL133W,4.0839057,3.1176472,0.501559725,0.143520011,0.071983858,0.071984
YBR118W,4.088547,3.1047618,0.503200581,0.142645437,0.071779267,0.071779
YJR007W,3.6126745,4.0869565,0.334963671,0.209310232,0.070111324,0.070111
YHR166C,3.6550763,3.92,0.349954131,0.197978344,0.069283339,0.069283
YDL232W,3.4751234,4.5555553,0.286334738,0.241115579,0.069039766,0.06904
YOL094C,3.824644,3.4594595,0.409902008,0.16671994,0.068338838,0.068339
YDL017W,4.0429354,3.0617285,0.487075349,0.139724625,0.06805642,0.068056
YML085C,4.0379505,3.063291,0.485313019,0.139830677,0.067861648,0.067862
YMR001C,3.9710984,3.1525424,0.461678557,0.145888464,0.067353575,0.067354
YOR039W,3.7799404,3.5151515,0.394097784,0.17049994,0.067193649,0.067194
YLR078C,3.6740646,3.7692308,0.356667133,0.187745141,0.066962521,0.066963
YFR051C,3.3135593,5.285714,0.229216403,0.29067386,0.066627217,0.066627
YOR341W,3.6345143,3.8333333,0.342684774,0.192095989,0.065828371,0.065828
YPL235W,4.030013,3,0.482506846,0.135534908,0.065396521,0.065397
YGR162W,3.8617713,3.2682927,0.423027755,0.153744819,0.065038326,0.065038
YBL099W,4.0942864,2.8990827,0.505229652,0.128685318,0.065015638,0.065016
YDL134C,3.7088745,3.5714285,0.368973602,0.174319646,0.064319348,0.064319
YJL020C,4.072236,2.9052632,0.497434095,0.129104808,0.064221133,0.064221
YLR175W,3.9574172,3.0357144,0.456841793,0.137958962,0.06302542,0.063025
YDL047W,4.054495,2.8837209,0.491162055,0.127642661,0.062693232,0.062693
YHR016C,4.018588,2.9166667,0.478467725,0.129878802,0.062142815,0.062143
YNL094W,3.8779418,3.1162791,0.42874457,0.143427154,0.061493613,0.061494
YER177W,4.079115,2.808081,0.499866052,0.122508732,0.061237956,0.061238
YJR121W,4.1158934,2.7559056,0.512868452,0.118967415,0.061014634,0.061015
YPR198W,3.5070434,4,0.29761953,0.203408208,0.060538255,0.060538
YGR097W,3.5892177,3.7272727,0.326670905,0.184897306,0.06040057,0.060401
YER082C,3.9192991,2.9795918,0.443365764,0.134149736,0.0594774,0.059477
YDR128W,3.8617713,3.0731707,0.423027755,0.140501245,0.059435926,0.059436
YPL204W,4.108215,2.7166667,0.510153879,0.116304142,0.059333009,0.059333
YBR217W,4.064802,2.7692308,0.494805926,0.119871841,0.059313297,0.059313
YJL095W,3.9667227,2.8965516,0.4601316,0.128513523,0.059133133,0.059133
YDL132W,4.0023093,2.835821,0.472712658,0.124391537,0.058801454,0.058801
YBR079C,3.6126745,3.5652175,0.334963671,0.173898085,0.058249541,0.05825
YDR216W,3.767338,3.1875,0.389642412,0.148261151,0.057768833,0.057769
YNL132W,3.767338,3.1875,0.389642412,0.148261151,0.057768833,0.057769
YER025W,3.6740646,3.3846154,0.356667133,0.161640024,0.057651684,0.057652
YGL190C,3.998817,2.7878788,0.471478013,0.121137542,0.057113687,0.057114
YJL098W,3.9710984,2.8135593,0.461678557,0.122880562,0.056731321,0.056731
YML064C,4.145664,2.597561,0.523393358,0.108220045,0.056641653,0.056642
YBL039C,3.824644,3.0270271,0.409902008,0.137369326,0.056307963,0.056308
YOR361C,3.5070434,3.7894738,0.29761953,0.1891191,0.056285538,0.056286
YAL021C,3.8530462,2.95,0.419943139,0.132141243,0.055491808,0.055492
YBR069C,3.7088745,3.2142856,0.368973602,0.150079179,0.055375255,0.055375
YDR429C,3.359922,4.266667,0.245607174,0.221507777,0.054403899,0.054404
YGR083C,3.6126745,3.3913043,0.334963671,0.162094022,0.054295609,0.054296
YDL059C,4.0023093,2.686567,0.472712658,0.114261176,0.054012704,0.054013
YHR082C,3.962234,2.7368422,0.458544693,0.117673519,0.053958568,0.053959
YLR096W,3.9667227,2.724138,0.4601316,0.116811243,0.053748544,0.053749
YOR244W,3.3135593,4.428571,0.229216403,0.232496736,0.053292066,0.053292
YLR259C,4.1481676,2.5,0.524278465,0.101598258,0.053265779,0.053266
YNL189W,4.1707444,2.4722223,0.532260122,0.099712893,0.053073197,0.053073
YMR309C,3.5367074,3.5,0.30810675,0.169471558,0.052215331,0.052215
YAL007C,3.6550763,3.2,0.349954131,0.149109568,0.052181509,0.052182
YLR180W,4.072236,2.5473685,0.497434095,0.104813314,0.052137716,0.052138
YIL004C,3.5070434,3.5789473,0.29761953,0.174829972,0.052032814,0.052033
YOL132W,3.6919663,3.1111112,0.362995985,0.143076392,0.051936156,0.051936
YML109W,3.7920728,2.8823528,0.398386995,0.127549804,0.050814183,0.050814
YLR268W,3.6550763,3.12,0.349954131,0.143679704,0.050281306,0.050281
YGL198W,3.5638938,3.3333333,0.317718056,0.158159339,0.050250078,0.05025
YJL002C,3.5367074,3.4,0.30810675,0.162684228,0.050124109,0.050124
YJR068W,3.767338,2.875,0.389642412,0.127050745,0.049504359,0.049504
YIL061C,4.0023093,2.5373135,0.472712658,0.104130848,0.04922397,0.049224
YFL037W,4.049944,2.452381,0.489553124,0.098366199,0.04815548,0.048155
YLR293C,3.7248504,2.8965516,0.374621619,0.128513523,0.048143944,0.048144
YLR314C,3.7248504,2.8965516,0.374621619,0.128513523,0.048143944,0.048144
YCR024C-A,3.359922,3.8666666,0.245607174,0.19435843,0.047735825,0.047736
YDR148C,3.8617713,2.6341465,0.423027755,0.110703223,0.046830536,0.046831
YNL113W,3.6740646,2.9230769,0.356667133,0.130313883,0.046478679,0.046479
YLR337C,3.4018607,3.625,0.260433913,0.17795572,0.046345705,0.046346
YJL187C,3.7920728,2.7058823,0.398386995,0.115572169,0.046042449,0.046042
YGL158W,3.8142917,2.6666667,0.406242122,0.112910477,0.045868992,0.045869
YDR414C,3.8698623,2.5714285,0.425888195,0.106446346,0.045334242,0.045334
YBR127C,4.099634,2.318584,0.507120208,0.089284955,0.045278205,0.045278
YOR260W,3.2047052,4.5,0.190732823,0.237344858,0.045269455,0.045269
YKR026C,4.047619,2.3614457,0.488731158,0.09219412,0.045058139,0.045058
YLR258W,3.4401622,3.4117646,0.27397478,0.16348273,0.044790145,0.04479
YMR284W,3.6550763,2.88,0.349954131,0.127390112,0.044580696,0.044581
YDL200C,3.9310927,2.4705882,0.447535198,0.099601982,0.044575393,0.044575
YIL095W,3.767338,2.6875,0.389642412,0.114324501,0.044545675,0.044546
YNR031C,3.80336,2.6285715,0.402377399,0.11032483,0.044392218,0.044392
YMR273C,3.4018607,3.5,0.260433913,0.169471558,0.044136141,0.044136
YER161C,3.8698623,2.5238094,0.425888195,0.10321428,0.043957744,0.043958
YJL008C,4.027249,2.3466666,0.481529679,0.091191014,0.04391118,0.043911
YER125W,3.983797,2.387097,0.466167938,0.093935158,0.043789559,0.04379
YBR072W,4.099634,2.2654867,0.507120208,0.085681066,0.0434506,0.043451
YDR036C,3.4751234,3.2222223,0.286334738,0.150617869,0.043127128,0.043127
YFL016C,3.767338,2.625,0.389642412,0.11008242,0.04289278,0.042893
YKL166C,3.6919663,2.7407408,0.362995985,0.11793813,0.042811068,0.042811
YGL104C,3.6740646,2.7692308,0.356667133,0.119871841,0.042754346,0.042754
YOR174W,3.6550763,2.8,0.349954131,0.121960248,0.042680493,0.04268
YCR009C,3.8617713,2.487805,0.423027755,0.100770543,0.042628737,0.042629
YNL064C,4.0839057,2.254902,0.501559725,0.084962648,0.042613842,0.042614
YDR228C,3.6345143,2.8333333,0.342684774,0.124222689,0.042569224,0.042569
YHR107C,3.8928666,2.4444444,0.434020988,0.097827516,0.042459195,0.042459
YIL128W,3.6126745,2.8695652,0.334963671,0.126681867,0.042433823,0.042434
YDR477W,3.9192991,2.4081633,0.443365764,0.095364998,0.042281575,0.042282
YAR019C,3.313559,3.7142856,0.229216297,0.184015829,0.042179427,0.042179
YIL156W,3.4018607,3.375,0.260433913,0.160987395,0.041926577,0.041927
YNL243W,3.4018607,3.375,0.260433913,0.160987395,0.041926577,0.041927
YGR052W,3.8440123,2.4615386,0.416749352,0.098987756,0.041253083,0.041253
YMR146C,3.2047052,4.1666665,0.190732823,0.214720413,0.040954231,0.040954
YDR335W,3.6345143,2.75,0.342684774,0.118566583,0.040630963,0.040631
YBR055C,4.089995,2.1886792,0.503712498,0.080467888,0.040532681,0.040533
YIR003W,3.4401622,3.1764705,0.27397478,0.147512543,0.040414716,0.040415
YDR277C,3.5638938,2.857143,0.317718056,0.125838732,0.039981237,0.039981
YGL161C,3.5367074,2.9,0.30810675,0.128747578,0.039667998,0.039668
YHL007C,3.7799404,2.4848485,0.394097784,0.100569875,0.039634365,0.039634
YJR090C,3.7397115,2.5333333,0.379875517,0.103860699,0.039454137,0.039454
YEL051W,3.5070434,2.9473684,0.29761953,0.131962627,0.039274655,0.039275
YDR507C,3.4751234,3,0.286334738,0.135534908,0.038808352,0.038808
YKL103C,3.885575,2.3181818,0.431443163,0.089257656,0.038509606,0.03851
YOR005C,3.6126745,2.6956522,0.334963671,0.114877818,0.038479896,0.03848
YPR041W,3.6126745,2.6956522,0.334963671,0.114877818,0.038479896,0.03848
YAL016W,3.5892177,2.7272727,0.326670905,0.117024006,0.038228338,0.038228
YJL069C,3.80336,2.4,0.402377399,0.094810928,0.038149774,0.03815
YLR026C,3.5638938,2.7619047,0.317718056,0.119374594,0.037927464,0.037927
YER165W,3.998817,2.1818182,0.471478013,0.080002209,0.037719282,0.037719
YDL101C,3.9524896,2.2181818,0.455099721,0.082470326,0.037532223,0.037532
YNL175C,3.6740646,2.5384614,0.356667133,0.10420876,0.03716784,0.037168
YJR076C,3.824644,2.3243244,0.409902008,0.089674575,0.036757788,0.036758
YPR171W,3.4751234,2.8888888,0.286334738,0.127993424,0.036648964,0.036649
YPR111W,3.7920728,2.3529413,0.398386995,0.091616898,0.036498981,0.036499
YLR191W,4.07566,2.0618556,0.498644594,0.071859951,0.035832576,0.035833
YGR020C,3.3135593,3.2857144,0.229216403,0.154927287,0.035511875,0.035512
YLR291C,4.0122695,2.0857143,0.476233923,0.07347932,0.034993345,0.034993
YGL003C,3.6126745,2.5217392,0.334963671,0.103073769,0.034525968,0.034526
YDR480W,3.5892177,2.5454545,0.326670905,0.104683405,0.034197022,0.034197
YJR065C,3.140127,4,0.167902261,0.203408208,0.034152698,0.034153
YER171W,3.9877188,2.063492,0.467554426,0.071971019,0.033650369,0.03365
YBR160W,4.1753035,1.930131,0.533871917,0.062919368,0.033590884,0.033591
YNL025C,3.80336,2.2285714,0.402377399,0.083175503,0.033467943,0.033468
YBR108W,3.4018607,2.875,0.260433913,0.127050745,0.033088323,0.033088
YNL250W,3.767338,2.25,0.389642412,0.084629933,0.032975411,0.032975
YNL030W,4.027249,2,0.481529679,0.067661608,0.032581072,0.032581
YBR103W,3.7248504,2.275862,0.374621619,0.086385272,0.03236179,0.032362
YNL298W,3.5892177,2.4545455,0.326670905,0.098513111,0.032181367,0.032181
YLR229C,3.7088745,2.2857144,0.368973602,0.087053987,0.032120623,0.032121
YPL141C,3.4401622,2.7058823,0.27397478,0.115572169,0.031663859,0.031664
YDR211W,3.4401622,2.7058823,0.27397478,0.115572169,0.031663859,0.031664
YDL155W,3.7799404,2.1818182,0.394097784,0.080002209,0.031528693,0.031529
YPL070W,3.7799404,2.1818182,0.394097784,0.080002209,0.031528693,0.031529
YIL139C,1.3606248,0,-0.461211527,-0.068084993,0.031401583,0.031402
YPR014C,1.3606248,0,-0.461211527,-0.068084993,0.031401583,0.031402
YNL163C,1.3606248,0,-0.461211527,-0.068084993,0.031401583,0.031402
YNL276C,1.3606248,0,-0.461211527,-0.068084993,0.031401583,0.031402
YMR282C,1.3606248,0,-0.461211527,-0.068084993,0.031401583,0.031402
YGL165C,1.3606248,0,-0.461211527,-0.068084993,0.031401583,0.031402
YLR076C,1.3606248,0,-0.461211527,-0.068084993,0.031401583,0.031402
YOR390W,1.3606248,0,-0.461211527,-0.068084993,0.031401583,0.031402
YPR137C-A,1.3606248,0,-0.461211527,-0.068084993,0.031401583,0.031402
YLR281C,1.3606248,0,-0.461211527,-0.068084993,0.031401583,0.031402
YMR123W,1.3606248,0,-0.461211527,-0.068084993,0.031401583,0.031402
YBR004C,1.3606248,0,-0.461211527,-0.068084993,0.031401583,0.031402
YNL226W,1.3606248,0,-0.461211527,-0.068084993,0.031401583,0.031402
YJL139C,1.3606248,0,-0.461211527,-0.068084993,0.031401583,0.031402
YLR363C,1.3606248,0,-0.461211527,-0.068084993,0.031401583,0.031402
YBR261C,1.3606248,0,-0.461211527,-0.068084993,0.031401583,0.031402
YFR012W,1.3606248,0,-0.461211527,-0.068084993,0.031401583,0.031402
YLL029W,1.3606248,0,-0.461211527,-0.068084993,0.031401583,0.031402
YOR325W,1.3606248,0,-0.461211527,-0.068084993,0.031401583,0.031402
YNR018W,1.3606248,0,-0.461211527,-0.068084993,0.031401583,0.031402
YMR041C,1.3606248,0,-0.461211527,-0.068084993,0.031401583,0.031402
YNL142W,1.3606248,0,-0.461211527,-0.068084993,0.031401583,0.031402
YCL076W,1.3606248,0,-0.461211527,-0.068084993,0.031401583,0.031402
YKR084C,1.3606248,0,-0.461211527,-0.068084993,0.031401583,0.031402
YNL104C,1.3606248,0,-0.461211527,-0.068084993,0.031401583,0.031402
YJL160C,1.3606248,0,-0.461211527,-0.068084993,0.031401583,0.031402
YER137C,1.3606248,0,-0.461211527,-0.068084993,0.031401583,0.031402
YOR356W,1.3606248,0,-0.461211527,-0.068084993,0.031401583,0.031402
YGR168C,1.3606248,0,-0.461211527,-0.068084993,0.031401583,0.031402
YGR126W,1.3606248,0,-0.461211527,-0.068084993,0.031401583,0.031402
YBR204C,1.3606248,0,-0.461211527,-0.068084993,0.031401583,0.031402
YDR275W,1.3606248,0,-0.461211527,-0.068084993,0.031401583,0.031402
YOL124C,1.3606248,0,-0.461211527,-0.068084993,0.031401583,0.031402
YDL103C,1.3606248,0,-0.461211527,-0.068084993,0.031401583,0.031402
YLL047W,1.3606248,0,-0.461211527,-0.068084993,0.031401583,0.031402
YGL214W,1.3606248,0,-0.461211527,-0.068084993,0.031401583,0.031402
YCL020W,1.3606248,0,-0.461211527,-0.068084993,0.031401583,0.031402
YLR406C,1.3606248,0,-0.461211527,-0.068084993,0.031401583,0.031402
YEL059W,1.3606248,0,-0.461211527,-0.068084993,0.031401583,0.031402
YBR266C,1.3606248,0,-0.461211527,-0.068084993,0.031401583,0.031402
YDR287W,1.3606248,0,-0.461211527,-0.068084993,0.031401583,0.031402
YBR008C,1.3606248,0,-0.461211527,-0.068084993,0.031401583,0.031402
YBR273C,1.3606248,0,-0.461211527,-0.068084993,0.031401583,0.031402
YBR301W,1.3606248,0,-0.461211527,-0.068084993,0.031401583,0.031402
YJR079W,1.3606248,0,-0.461211527,-0.068084993,0.031401583,0.031402
YMR157C,1.3606248,0,-0.461211527,-0.068084993,0.031401583,0.031402
YNL319W,1.3606248,0,-0.461211527,-0.068084993,0.031401583,0.031402
YNR061C,1.3606248,0,-0.461211527,-0.068084993,0.031401583,0.031402
YOR251C,1.3606248,0,-0.461211527,-0.068084993,0.031401583,0.031402
YOR286W,1.3606248,0,-0.461211527,-0.068084993,0.031401583,0.031402
YBR255W,1.3606248,0,-0.461211527,-0.068084993,0.031401583,0.031402
YDR135C,1.3606248,0,-0.461211527,-0.068084993,0.031401583,0.031402
YGL117W,1.3606248,0,-0.461211527,-0.068084993,0.031401583,0.031402
YNL050C,1.3606248,0,-0.461211527,-0.068084993,0.031401583,0.031402
YOL140W,1.3606248,0,-0.461211527,-0.068084993,0.031401583,0.031402
YGL186C,1.3606248,0,-0.461211527,-0.068084993,0.031401583,0.031402
YJL204C,1.3606248,0,-0.461211527,-0.068084993,0.031401583,0.031402
YNL327W,1.3606248,0,-0.461211527,-0.068084993,0.031401583,0.031402
YLR256W-A,1.3606248,0,-0.461211527,-0.068084993,0.031401583,0.031402
YER098W,1.3606248,0,-0.461211527,-0.068084993,0.031401583,0.031402
YCL033C,1.3606248,0,-0.461211527,-0.068084993,0.031401583,0.031402
YML106W,1.3606248,0,-0.461211527,-0.068084993,0.031401583,0.031402
YOR202W,1.3606248,0,-0.461211527,-0.068084993,0.031401583,0.031402
YJL114W,1.3606248,0,-0.461211527,-0.068084993,0.031401583,0.031402
YML110C,1.3606248,0,-0.461211527,-0.068084993,0.031401583,0.031402
YAL063C-A,1.3606248,0,-0.461211527,-0.068084993,0.031401583,0.031402
YDL159W-A,1.3606248,0,-0.461211527,-0.068084993,0.031401583,0.031402
YER055C,1.3606248,0,-0.461211527,-0.068084993,0.031401583,0.031402
YGL072C,1.3606248,0,-0.461211527,-0.068084993,0.031401583,0.031402
YJL198W,1.3606248,0,-0.461211527,-0.068084993,0.031401583,0.031402
YLR087C,1.3606248,0,-0.461211527,-0.068084993,0.031401583,0.031402
YMR230W,1.3606248,0,-0.461211527,-0.068084993,0.031401583,0.031402
YOR293W,1.3606248,0,-0.461211527,-0.068084993,0.031401583,0.031402
YOR146W,1.3606248,0,-0.461211527,-0.068084993,0.031401583,0.031402
YBL082C,1.3606248,0,-0.461211527,-0.068084993,0.031401583,0.031402
YBL031W,1.3606248,0,-0.461211527,-0.068084993,0.031401583,0.031402
YLL060C,1.3606248,0,-0.461211527,-0.068084993,0.031401583,0.031402
YML120C,1.3606248,0,-0.461211527,-0.068084993,0.031401583,0.031402
YPL056C,1.3606248,0,-0.461211527,-0.068084993,0.031401583,0.031402
YMR057C,1.3606248,0,-0.461211527,-0.068084993,0.031401583,0.031402
YBR262C,1.3606248,0,-0.461211527,-0.068084993,0.031401583,0.031402
YCL049C,1.3606248,0,-0.461211527,-0.068084993,0.031401583,0.031402
YDR290W,1.3606248,0,-0.461211527,-0.068084993,0.031401583,0.031402
YEL057C,1.3606248,0,-0.461211527,-0.068084993,0.031401583,0.031402
YEL074W,1.3606248,0,-0.461211527,-0.068084993,0.031401583,0.031402
YER121W,1.3606248,0,-0.461211527,-0.068084993,0.031401583,0.031402
YER170W,1.3606248,0,-0.461211527,-0.068084993,0.031401583,0.031402
YGL258W,1.3606248,0,-0.461211527,-0.068084993,0.031401583,0.031402
YPL280W,1.3606248,0,-0.461211527,-0.068084993,0.031401583,0.031402
YDR304C,1.3606248,0,-0.461211527,-0.068084993,0.031401583,0.031402
YDR431W,1.3606248,0,-0.461211527,-0.068084993,0.031401583,0.031402
YDR513W,1.3606248,0,-0.461211527,-0.068084993,0.031401583,0.031402
YGL020C,1.3606248,0,-0.461211527,-0.068084993,0.031401583,0.031402
YOL159C,1.3606248,0,-0.461211527,-0.068084993,0.031401583,0.031402
YPL252C,1.3606248,0,-0.461211527,-0.068084993,0.031401583,0.031402
YDR323C,1.3606248,0,-0.461211527,-0.068084993,0.031401583,0.031402
YFR018C,1.3606248,0,-0.461211527,-0.068084993,0.031401583,0.031402
YGR062C,1.3606248,0,-0.461211527,-0.068084993,0.031401583,0.031402
YMR222C,1.3606248,0,-0.461211527,-0.068084993,0.031401583,0.031402
YMR063W,1.3606248,0,-0.461211527,-0.068084993,0.031401583,0.031402
YGR194C,1.3606248,0,-0.461211527,-0.068084993,0.031401583,0.031402
YML071C,1.3606248,0,-0.461211527,-0.068084993,0.031401583,0.031402
YIL027C,1.3606248,0,-0.461211527,-0.068084993,0.031401583,0.031402
YLR099C,1.3606248,0,-0.461211527,-0.068084993,0.031401583,0.031402
YDR317W,1.3606248,0,-0.461211527,-0.068084993,0.031401583,0.031402
YEL006W,1.3606248,0,-0.461211527,-0.068084993,0.031401583,0.031402
YLR028C,1.3606248,0,-0.461211527,-0.068084993,0.031401583,0.031402
YLR057W,1.3606248,0,-0.461211527,-0.068084993,0.031401583,0.031402
YPL107W,1.3606248,0,-0.461211527,-0.068084993,0.031401583,0.031402
YAL023C,1.3606248,0,-0.461211527,-0.068084993,0.031401583,0.031402
YCL073C,1.3606248,0,-0.461211527,-0.068084993,0.031401583,0.031402
YDR406W,1.3606248,0,-0.461211527,-0.068084993,0.031401583,0.031402
YKR009C,1.3606248,0,-0.461211527,-0.068084993,0.031401583,0.031402
YNL038W,1.3606248,0,-0.461211527,-0.068084993,0.031401583,0.031402
YFR033C,1.3606248,0,-0.461211527,-0.068084993,0.031401583,0.031402
YGR046W,1.3606248,0,-0.461211527,-0.068084993,0.031401583,0.031402
YJR034W,1.3606248,0,-0.461211527,-0.068084993,0.031401583,0.031402
YHL001W,1.3606248,0,-0.461211527,-0.068084993,0.031401583,0.031402
YPL025C,1.3606248,0,-0.461211527,-0.068084993,0.031401583,0.031402
YAR071W,1.3606248,0,-0.461211527,-0.068084993,0.031401583,0.031402
YDR144C,1.3606248,0,-0.461211527,-0.068084993,0.031401583,0.031402
YLR110C,1.3606248,0,-0.461211527,-0.068084993,0.031401583,0.031402
YLR251W,1.3606248,0,-0.461211527,-0.068084993,0.031401583,0.031402
YGR021W,1.3606248,0,-0.461211527,-0.068084993,0.031401583,0.031402
YBL065W,1.3606248,0,-0.461211527,-0.068084993,0.031401583,0.031402
YEL012W,1.3606248,0,-0.461211527,-0.068084993,0.031401583,0.031402
YHL005C,1.3606248,0,-0.461211527,-0.068084993,0.031401583,0.031402
YHR116W,1.3606248,0,-0.461211527,-0.068084993,0.031401583,0.031402
YJL142C,1.3606248,0,-0.461211527,-0.068084993,0.031401583,0.031402
YKL051W,1.3606248,0,-0.461211527,-0.068084993,0.031401583,0.031402
YML082W,1.3606248,0,-0.461211527,-0.068084993,0.031401583,0.031402
YMR114C,1.3606248,0,-0.461211527,-0.068084993,0.031401583,0.031402
YNL211C,1.3606248,0,-0.461211527,-0.068084993,0.031401583,0.031402
YNL235C,1.3606248,0,-0.461211527,-0.068084993,0.031401583,0.031402
YOL022C,1.3606248,0,-0.461211527,-0.068084993,0.031401583,0.031402
YOR072W,1.3606248,0,-0.461211527,-0.068084993,0.031401583,0.031402
YOR143C,1.3606248,0,-0.461211527,-0.068084993,0.031401583,0.031402
YOR334W,1.3606248,0,-0.461211527,-0.068084993,0.031401583,0.031402
YOR336W,1.3606248,0,-0.461211527,-0.068084993,0.031401583,0.031402
YDR511W,1.3606248,0,-0.461211527,-0.068084993,0.031401583,0.031402
YIL052C,1.3606248,0,-0.461211527,-0.068084993,0.031401583,0.031402
YOR384W,1.3606248,0,-0.461211527,-0.068084993,0.031401583,0.031402
YPL188W,1.3606248,0,-0.461211527,-0.068084993,0.031401583,0.031402
YIL011W,1.3606248,0,-0.461211527,-0.068084993,0.031401583,0.031402
YMR317W,1.3606248,0,-0.461211527,-0.068084993,0.031401583,0.031402
YCR024C,1.3606248,0,-0.461211527,-0.068084993,0.031401583,0.031402
YBL020W,1.3606248,0,-0.461211527,-0.068084993,0.031401583,0.031402
YBR209W,1.3606248,0,-0.461211527,-0.068084993,0.031401583,0.031402
YDL158C,1.3606248,0,-0.461211527,-0.068084993,0.031401583,0.031402
YER076C,1.3606248,0,-0.461211527,-0.068084993,0.031401583,0.031402
YGR053C,1.3606248,0,-0.461211527,-0.068084993,0.031401583,0.031402
YGR291C,1.3606248,0,-0.461211527,-0.068084993,0.031401583,0.031402
YKL208W,1.3606248,0,-0.461211527,-0.068084993,0.031401583,0.031402
YLR201C,1.3606248,0,-0.461211527,-0.068084993,0.031401583,0.031402
YOL066C,1.3606248,0,-0.461211527,-0.068084993,0.031401583,0.031402
YPL097W,1.3606248,0,-0.461211527,-0.068084993,0.031401583,0.031402
Q0050,1.3606248,0,-0.461211527,-0.068084993,0.031401583,0.031402
YGL125W,1.3606248,0,-0.461211527,-0.068084993,0.031401583,0.031402
YOR009W,1.3606248,0,-0.461211527,-0.068084993,0.031401583,0.031402
YPL102C,1.3606248,0,-0.461211527,-0.068084993,0.031401583,0.031402
YOL136C,1.3606248,0,-0.461211527,-0.068084993,0.031401583,0.031402
YKL077W,1.3606248,0,-0.461211527,-0.068084993,0.031401583,0.031402
YJL032W,1.3606248,0,-0.461211527,-0.068084993,0.031401583,0.031402
YAR047C,1.3606248,0,-0.461211527,-0.068084993,0.031401583,0.031402
YBR185C,1.3606248,0,-0.461211527,-0.068084993,0.031401583,0.031402
YBR219C,1.3606248,0,-0.461211527,-0.068084993,0.031401583,0.031402
YBR220C,1.3606248,0,-0.461211527,-0.068084993,0.031401583,0.031402
YOR225W,1.3606248,0,-0.461211527,-0.068084993,0.031401583,0.031402
YKL170W,1.3606248,0,-0.461211527,-0.068084993,0.031401583,0.031402
YBR089W,1.3606248,0,-0.461211527,-0.068084993,0.031401583,0.031402
YBR157C,1.3606248,0,-0.461211527,-0.068084993,0.031401583,0.031402
YDL183C,1.3606248,0,-0.461211527,-0.068084993,0.031401583,0.031402
YDR067C,1.3606248,0,-0.461211527,-0.068084993,0.031401583,0.031402
YDR286C,1.3606248,0,-0.461211527,-0.068084993,0.031401583,0.031402
YDR340W,1.3606248,0,-0.461211527,-0.068084993,0.031401583,0.031402
YER181C,1.3606248,0,-0.461211527,-0.068084993,0.031401583,0.031402
YJL182C,1.3606248,0,-0.461211527,-0.068084993,0.031401583,0.031402
YJL222W-B,1.3606248,0,-0.461211527,-0.068084993,0.031401583,0.031402
YML030W,1.3606248,0,-0.461211527,-0.068084993,0.031401583,0.031402
YNL165W,1.3606248,0,-0.461211527,-0.068084993,0.031401583,0.031402
YOR011W,1.3606248,0,-0.461211527,-0.068084993,0.031401583,0.031402
YDL062W,1.3606248,0,-0.461211527,-0.068084993,0.031401583,0.031402
YBR041W,1.3606248,0,-0.461211527,-0.068084993,0.031401583,0.031402
YJL175W,1.3606248,0,-0.461211527,-0.068084993,0.031401583,0.031402
YOL118C,1.3606248,0,-0.461211527,-0.068084993,0.031401583,0.031402
YOR309C,1.3606248,0,-0.461211527,-0.068084993,0.031401583,0.031402
YMR260C,1.3606248,0,-0.461211527,-0.068084993,0.031401583,0.031402
YIL121W,1.3606248,0,-0.461211527,-0.068084993,0.031401583,0.031402
YOL035C,1.3606248,0,-0.461211527,-0.068084993,0.031401583,0.031402
YLR164W,1.3606248,0,-0.461211527,-0.068084993,0.031401583,0.031402
YPR203W,1.3606248,0,-0.461211527,-0.068084993,0.031401583,0.031402
YPR073C,1.3606248,0,-0.461211527,-0.068084993,0.031401583,0.031402
YDL026W,1.3606248,0,-0.461211527,-0.068084993,0.031401583,0.031402
YDL050C,1.3606248,0,-0.461211527,-0.068084993,0.031401583,0.031402
YDL061C,1.3606248,0,-0.461211527,-0.068084993,0.031401583,0.031402
YDL096C,1.3606248,0,-0.461211527,-0.068084993,0.031401583,0.031402
YFL015C,1.3606248,0,-0.461211527,-0.068084993,0.031401583,0.031402
YGR036C,1.3606248,0,-0.461211527,-0.068084993,0.031401583,0.031402
YBR190W,1.3606248,0,-0.461211527,-0.068084993,0.031401583,0.031402
YDL218W,1.3606248,0,-0.461211527,-0.068084993,0.031401583,0.031402
YDR538W,1.3606248,0,-0.461211527,-0.068084993,0.031401583,0.031402
YOR338W,1.3606248,0,-0.461211527,-0.068084993,0.031401583,0.031402
YIL064W,1.3606248,0,-0.461211527,-0.068084993,0.031401583,0.031402
YIL158W,1.3606248,0,-0.461211527,-0.068084993,0.031401583,0.031402
YDR081C,1.3606248,0,-0.461211527,-0.068084993,0.031401583,0.031402
YBR269C,1.3606248,0,-0.461211527,-0.068084993,0.031401583,0.031402
YNL320W,1.3606248,0,-0.461211527,-0.068084993,0.031401583,0.031402
YCL004W,1.3606248,0,-0.461211527,-0.068084993,0.031401583,0.031402
YDR249C,1.3606248,0,-0.461211527,-0.068084993,0.031401583,0.031402
YLR462W,1.3606248,0,-0.461211527,-0.068084993,0.031401583,0.031402
YPL023C,1.3606248,0,-0.461211527,-0.068084993,0.031401583,0.031402
YPL067C,1.3606248,0,-0.461211527,-0.068084993,0.031401583,0.031402
YPR177C,1.3606248,0,-0.461211527,-0.068084993,0.031401583,0.031402
YNR030W,1.3606248,0,-0.461211527,-0.068084993,0.031401583,0.031402
YLR217W,1.3606248,0,-0.461211527,-0.068084993,0.031401583,0.031402
YNL051W,1.3606248,0,-0.461211527,-0.068084993,0.031401583,0.031402
YOR354C,1.3606248,0,-0.461211527,-0.068084993,0.031401583,0.031402
YEL039C,1.3606248,0,-0.461211527,-0.068084993,0.031401583,0.031402
YOR288C,1.3606248,0,-0.461211527,-0.068084993,0.031401583,0.031402
YLR416C,1.3606248,0,-0.461211527,-0.068084993,0.031401583,0.031402
YHR157W,1.3606248,0,-0.461211527,-0.068084993,0.031401583,0.031402
YLR356W,1.3606248,0,-0.461211527,-0.068084993,0.031401583,0.031402
YDL024C,1.3606248,0,-0.461211527,-0.068084993,0.031401583,0.031402
YLR046C,1.3606248,0,-0.461211527,-0.068084993,0.031401583,0.031402
YPR125W,1.3606248,0,-0.461211527,-0.068084993,0.031401583,0.031402
YJR044C,1.3606248,0,-0.461211527,-0.068084993,0.031401583,0.031402
YGL242C,1.3606248,0,-0.461211527,-0.068084993,0.031401583,0.031402
YDR370C,1.3606248,0,-0.461211527,-0.068084993,0.031401583,0.031402
YLL059C,1.3606248,0,-0.461211527,-0.068084993,0.031401583,0.031402
Q0275,1.3606248,0,-0.461211527,-0.068084993,0.031401583,0.031402
YFL067W,1.3606248,0,-0.461211527,-0.068084993,0.031401583,0.031402
YBR194W,1.3606248,0,-0.461211527,-0.068084993,0.031401583,0.031402
YOR366W,1.3606248,0,-0.461211527,-0.068084993,0.031401583,0.031402
YNL228W,1.3606248,0,-0.461211527,-0.068084993,0.031401583,0.031402
YGR254W,4.0023093,1.9701493,0.472712658,0.065635542,0.031026752,0.031027
YDR143C,3.5070434,2.5263157,0.29761953,0.103384391,0.030769214,0.030769
YAR007C,3.824644,2.108108,0.409902008,0.074999254,0.030742345,0.030742
YER118C,4.018588,1.9444444,0.478467725,0.063890866,0.030569717,0.03057
YDR238C,3.2047052,3.3333333,0.190732823,0.158159339,0.030166177,0.030166
YIL131C,3.7920728,2.1176472,0.398386995,0.075646711,0.030136666,0.030137
YDR227W,3.7920728,2.1176472,0.398386995,0.075646711,0.030136666,0.030137
YOR351C,3.8530462,2.05,0.419943139,0.071055273,0.029839174,0.029839
YLR343W,3.2621105,3.0769231,0.211027524,0.140755932,0.029703376,0.029703
YPL049C,3.5367074,2.4,0.30810675,0.094810928,0.029211887,0.029212
YNL271C,3.5367074,2.4,0.30810675,0.094810928,0.029211887,0.029212
YBR196C,4.108215,1.8333334,0.510153879,0.056349395,0.028746863,0.028747
YDL025C,3.6126745,2.2608695,0.334963671,0.085367681,0.028595072,0.028595
YNL230C,3.8440123,2,0.416749352,0.067661608,0.028197931,0.028198
YGL049C,3.5892177,2.2727273,0.326670905,0.086172509,0.028150052,0.02815
YKL013C,2.9841056,4.6666665,0.112743456,0.248657063,0.028034457,0.028034
YPL237W,3.2047052,3.1666667,0.190732823,0.146847127,0.028008567,0.028009
YDR099W,4.015415,1.8591549,0.477345963,0.058101986,0.027734748,0.027735
YMR264W,3.359922,2.6666667,0.245607174,0.112910477,0.027731623,0.027732
YNL182C,3.5638938,2.2857144,0.317718056,0.087053987,0.027658623,0.027659
YHR061C,3.2621105,2.9230769,0.211027524,0.130313883,0.027499816,0.0275
YDR127W,3.6550763,2.16,0.349954131,0.078521336,0.027478866,0.027479
YDR309C,3.4401622,2.4705882,0.27397478,0.099601982,0.027288431,0.027288
YIL046W,3.7920728,2,0.398386995,0.067661608,0.026955505,0.026956
YER167W,3.313559,2.7142856,0.229216297,0.116142528,0.02662176,0.026622
YML067C,3.313559,2.7142856,0.229216297,0.116142528,0.02662176,0.026622
YJL130C,3.92526,1.88,0.445473143,0.059516812,0.026513141,0.026513
YER129W,3.4018607,2.5,0.260433913,0.101598258,0.026459632,0.02646
YDL229W,3.9131224,1.875,0.441182094,0.059177445,0.026108029,0.026108
YDR283C,3.4751234,2.3333333,0.286334738,0.090286039,0.025852029,0.025852
YNR035C,3.2047052,3,0.190732823,0.135534908,0.025850956,0.025851
YMR186W,3.9367256,1.8461539,0.449526617,0.057219565,0.025721718,0.025722
YMR032W,4.009136,1.7971015,0.475126126,0.053890217,0.02560465,0.025605
YGL197W,3.2621105,2.7692308,0.211027524,0.119871841,0.025296258,0.025296
YER054C,3.4401622,2.3529413,0.27397478,0.091616898,0.02510072,0.025101
YHR158C,3.5367074,2.2,0.30810675,0.081236268,0.025029442,0.025029
YBR039W,3.6126745,2.0869565,0.334963671,0.073563632,0.024641144,0.024641
YBR234C,3.6126745,2.0869565,0.334963671,0.073563632,0.024641144,0.024641
YOR076C,3.3135593,2.5714285,0.229216403,0.106446346,0.024399248,0.024399
YDR190C,3.7539134,1.9354838,0.384896366,0.06328268,0.024357274,0.024357
YOR332W,3.4018607,2.375,0.260433913,0.093114095,0.024250068,0.02425
YOR212W,3.9710984,1.7627119,0.461678557,0.051556081,0.023802337,0.023802
YMR246W,3.4751234,2.2222223,0.286334738,0.082744568,0.023692644,0.023693
YDL185W,3.8346567,1.8421053,0.413441834,0.056944773,0.023543351,0.023543
YLR216C,3.7088745,1.9285715,0.368973602,0.06281352,0.023176531,0.023177
YNL138W,3.5367074,2.1,0.30810675,0.074448938,0.02293822,0.022938
YKL161C,3.5367074,2.1,0.30810675,0.074448938,0.02293822,0.022938
YIL112W,2.9841056,4,0.112743456,0.203408208,0.022932944,0.022933
YNL093W,3.4401622,2.235294,0.27397478,0.083631788,0.022913001,0.022913
YBR251W,3.8142917,1.8333334,0.406242122,0.056349395,0.022891498,0.022891
YHL004W,3.8142917,1.8333334,0.406242122,0.056349395,0.022891498,0.022891
YHR135C,4.049944,1.6904762,0.489553124,0.046653206,0.022839223,0.022839
YNL161W,3.885575,1.7727273,0.431443163,0.052235859,0.022536804,0.022537
YFR024C-A,4.054495,1.6744186,0.491162055,0.045563324,0.022378976,0.022379
YDR386W,3.962234,1.7192982,0.458544693,0.04860945,0.022289605,0.02229
YHR123W,3.313559,2.4285715,0.229216297,0.09675017,0.022176716,0.022177
YIL066C,3.7799404,1.8181819,0.394097784,0.055321013,0.021801889,0.021802
YMR088C,1.7594742,0,-0.32020487,-0.068084993,0.021801146,0.021801
YDR376W,1.7594742,0,-0.32020487,-0.068084993,0.021801146,0.021801
YBR214W,1.7594742,0,-0.32020487,-0.068084993,0.021801146,0.021801
YJR143C,1.7594742,0,-0.32020487,-0.068084993,0.021801146,0.021801
YMR250W,1.7594742,0,-0.32020487,-0.068084993,0.021801146,0.021801
YDR350C,1.7594742,0,-0.32020487,-0.068084993,0.021801146,0.021801
YFR026C,1.7594742,0,-0.32020487,-0.068084993,0.021801146,0.021801
YLR261C,1.7594742,0,-0.32020487,-0.068084993,0.021801146,0.021801
YGL009C,1.7594742,0,-0.32020487,-0.068084993,0.021801146,0.021801
YMR142C,1.7594742,0,-0.32020487,-0.068084993,0.021801146,0.021801
YPL231W,1.7594742,0,-0.32020487,-0.068084993,0.021801146,0.021801
YPL112C,1.7594742,0,-0.32020487,-0.068084993,0.021801146,0.021801
YJR073C,1.7594742,0,-0.32020487,-0.068084993,0.021801146,0.021801
YGL028C,1.7594742,0,-0.32020487,-0.068084993,0.021801146,0.021801
YNL178W,1.7594742,0,-0.32020487,-0.068084993,0.021801146,0.021801
YEL049W,1.7594742,0,-0.32020487,-0.068084993,0.021801146,0.021801
YHR083W,1.7594742,0,-0.32020487,-0.068084993,0.021801146,0.021801
YKL179C,1.7594742,0,-0.32020487,-0.068084993,0.021801146,0.021801
YNL191W,1.7594742,0,-0.32020487,-0.068084993,0.021801146,0.021801
YDR441C,1.7594742,0,-0.32020487,-0.068084993,0.021801146,0.021801
YGL001C,1.7594742,0,-0.32020487,-0.068084993,0.021801146,0.021801
YOR084W,1.7594742,0,-0.32020487,-0.068084993,0.021801146,0.021801
YIR035C,1.7594742,0,-0.32020487,-0.068084993,0.021801146,0.021801
YJL035C,1.7594742,0,-0.32020487,-0.068084993,0.021801146,0.021801
YDR428C,1.7594742,0,-0.32020487,-0.068084993,0.021801146,0.021801
YLL046C,1.7594742,0,-0.32020487,-0.068084993,0.021801146,0.021801
YDL178W,1.7594742,0,-0.32020487,-0.068084993,0.021801146,0.021801
YGL036W,1.7594742,0,-0.32020487,-0.068084993,0.021801146,0.021801
YIR004W,1.7594742,0,-0.32020487,-0.068084993,0.021801146,0.021801
YNL028W,1.7594742,0,-0.32020487,-0.068084993,0.021801146,0.021801
YKL153W,1.7594742,0,-0.32020487,-0.068084993,0.021801146,0.021801
YJL174W,1.7594742,0,-0.32020487,-0.068084993,0.021801146,0.021801
YDR413C,1.7594742,0,-0.32020487,-0.068084993,0.021801146,0.021801
YPR021C,1.7594742,0,-0.32020487,-0.068084993,0.021801146,0.021801
YLR225C,1.7594742,0,-0.32020487,-0.068084993,0.021801146,0.021801
YGL239C,1.7594742,0,-0.32020487,-0.068084993,0.021801146,0.021801
YNR042W,1.7594742,0,-0.32020487,-0.068084993,0.021801146,0.021801
YLR327C,1.7594742,0,-0.32020487,-0.068084993,0.021801146,0.021801
YER010C,1.7594742,0,-0.32020487,-0.068084993,0.021801146,0.021801
YLR077W,1.7594742,0,-0.32020487,-0.068084993,0.021801146,0.021801
YHR189W,1.7594742,0,-0.32020487,-0.068084993,0.021801146,0.021801
YOR364W,1.7594742,0,-0.32020487,-0.068084993,0.021801146,0.021801
YDR492W,1.7594742,0,-0.32020487,-0.068084993,0.021801146,0.021801
YDL237W,1.7594742,0,-0.32020487,-0.068084993,0.021801146,0.021801
YBR144C,1.7594742,0,-0.32020487,-0.068084993,0.021801146,0.021801
YDR040C,1.7594742,0,-0.32020487,-0.068084993,0.021801146,0.021801
YHL043W,1.7594742,0,-0.32020487,-0.068084993,0.021801146,0.021801
YHL049C,1.7594742,0,-0.32020487,-0.068084993,0.021801146,0.021801
YHR209W,1.7594742,0,-0.32020487,-0.068084993,0.021801146,0.021801
YIL055C,1.7594742,0,-0.32020487,-0.068084993,0.021801146,0.021801
YIR037W,1.7594742,0,-0.32020487,-0.068084993,0.021801146,0.021801
YLR312C,1.7594742,0,-0.32020487,-0.068084993,0.021801146,0.021801
YLR434C,1.7594742,0,-0.32020487,-0.068084993,0.021801146,0.021801
YOR102W,1.7594742,0,-0.32020487,-0.068084993,0.021801146,0.021801
YOR112W,1.7594742,0,-0.32020487,-0.068084993,0.021801146,0.021801
YOR121C,1.7594742,0,-0.32020487,-0.068084993,0.021801146,0.021801
YOR289W,1.7594742,0,-0.32020487,-0.068084993,0.021801146,0.021801
YJR031C,1.7594742,0,-0.32020487,-0.068084993,0.021801146,0.021801
YGL094C,1.7594742,0,-0.32020487,-0.068084993,0.021801146,0.021801
YLR065C,1.7594742,0,-0.32020487,-0.068084993,0.021801146,0.021801
YOR111W,1.7594742,0,-0.32020487,-0.068084993,0.021801146,0.021801
YLR143W,1.7594742,0,-0.32020487,-0.068084993,0.021801146,0.021801
YNL242W,1.7594742,0,-0.32020487,-0.068084993,0.021801146,0.021801
YOL031C,1.7594742,0,-0.32020487,-0.068084993,0.021801146,0.021801
YOL098C,1.7594742,0,-0.32020487,-0.068084993,0.021801146,0.021801
YGL143C,1.7594742,0,-0.32020487,-0.068084993,0.021801146,0.021801
YIR025W,1.7594742,0,-0.32020487,-0.068084993,0.021801146,0.021801
YOL073C,1.7594742,0,-0.32020487,-0.068084993,0.021801146,0.021801
YOR392W,1.7594742,0,-0.32020487,-0.068084993,0.021801146,0.021801
YOL143C,1.7594742,0,-0.32020487,-0.068084993,0.021801146,0.021801
YDR169C,1.7594742,0,-0.32020487,-0.068084993,0.021801146,0.021801
YNR033W,1.7594742,0,-0.32020487,-0.068084993,0.021801146,0.021801
YOR029W,1.7594742,0,-0.32020487,-0.068084993,0.021801146,0.021801
YPR071W,1.7594742,0,-0.32020487,-0.068084993,0.021801146,0.021801
YPL029W,1.7594742,0,-0.32020487,-0.068084993,0.021801146,0.021801
YBR235W,1.7594742,0,-0.32020487,-0.068084993,0.021801146,0.021801
YDL189W,1.7594742,0,-0.32020487,-0.068084993,0.021801146,0.021801
YER004W,1.7594742,0,-0.32020487,-0.068084993,0.021801146,0.021801
YLL067W-A,1.7594742,0,-0.32020487,-0.068084993,0.021801146,0.021801
YNL164C,1.7594742,0,-0.32020487,-0.068084993,0.021801146,0.021801
YMR196W,1.7594742,0,-0.32020487,-0.068084993,0.021801146,0.021801
YLR441C,1.7594742,0,-0.32020487,-0.068084993,0.021801146,0.021801
YBR242W,1.7594742,0,-0.32020487,-0.068084993,0.021801146,0.021801
YDL162C,1.7594742,0,-0.32020487,-0.068084993,0.021801146,0.021801
YFR039C,1.7594742,0,-0.32020487,-0.068084993,0.021801146,0.021801
YDL121C,1.7594742,0,-0.32020487,-0.068084993,0.021801146,0.021801
YJL075C,1.7594742,0,-0.32020487,-0.068084993,0.021801146,0.021801
YKR100C,1.7594742,0,-0.32020487,-0.068084993,0.021801146,0.021801
YPR037C,1.7594742,0,-0.32020487,-0.068084993,0.021801146,0.021801
YBR116C,1.7594742,0,-0.32020487,-0.068084993,0.021801146,0.021801
YMR011W,1.7594742,0,-0.32020487,-0.068084993,0.021801146,0.021801
YBR180W,1.7594742,0,-0.32020487,-0.068084993,0.021801146,0.021801
YLR454W,1.7594742,0,-0.32020487,-0.068084993,0.021801146,0.021801
YDR345C,1.7594742,0,-0.32020487,-0.068084993,0.021801146,0.021801
YGR242W,1.7594742,0,-0.32020487,-0.068084993,0.021801146,0.021801
YOL147C,1.7594742,0,-0.32020487,-0.068084993,0.021801146,0.021801
YGL141W,1.7594742,0,-0.32020487,-0.068084993,0.021801146,0.021801
YEL022W,1.7594742,0,-0.32020487,-0.068084993,0.021801146,0.021801
YIL049W,1.7594742,0,-0.32020487,-0.068084993,0.021801146,0.021801
YMR140W,1.7594742,0,-0.32020487,-0.068084993,0.021801146,0.021801
YPL060W,1.7594742,0,-0.32020487,-0.068084993,0.021801146,0.021801
YJR054W,1.7594742,0,-0.32020487,-0.068084993,0.021801146,0.021801
YMR189W,1.7594742,0,-0.32020487,-0.068084993,0.021801146,0.021801
YNR005C,1.7594742,0,-0.32020487,-0.068084993,0.021801146,0.021801
YOR067C,1.7594742,0,-0.32020487,-0.068084993,0.021801146,0.021801
YJR011C,1.7594742,0,-0.32020487,-0.068084993,0.021801146,0.021801
YJR099W,1.7594742,0,-0.32020487,-0.068084993,0.021801146,0.021801
YHR145C,1.7594742,0,-0.32020487,-0.068084993,0.021801146,0.021801
YCL023C,1.7594742,0,-0.32020487,-0.068084993,0.021801146,0.021801
YDR433W,1.7594742,0,-0.32020487,-0.068084993,0.021801146,0.021801
YFL050C,1.7594742,0,-0.32020487,-0.068084993,0.021801146,0.021801
YGL005C,1.7594742,0,-0.32020487,-0.068084993,0.021801146,0.021801
YGR073C,1.7594742,0,-0.32020487,-0.068084993,0.021801146,0.021801
YGR100W,1.7594742,0,-0.32020487,-0.068084993,0.021801146,0.021801
YIL039W,1.7594742,0,-0.32020487,-0.068084993,0.021801146,0.021801
YJL222W-A,1.7594742,0,-0.32020487,-0.068084993,0.021801146,0.021801
YDL202W,1.7594742,0,-0.32020487,-0.068084993,0.021801146,0.021801
YGR243W,1.7594742,0,-0.32020487,-0.068084993,0.021801146,0.021801
YJR126C,1.7594742,0,-0.32020487,-0.068084993,0.021801146,0.021801
YKL063C,1.7594742,0,-0.32020487,-0.068084993,0.021801146,0.021801
YKR093W,1.7594742,0,-0.32020487,-0.068084993,0.021801146,0.021801
YLR331C,1.7594742,0,-0.32020487,-0.068084993,0.021801146,0.021801
YMR087W,1.7594742,0,-0.32020487,-0.068084993,0.021801146,0.021801
YMR118C,1.7594742,0,-0.32020487,-0.068084993,0.021801146,0.021801
YNL073W,1.7594742,0,-0.32020487,-0.068084993,0.021801146,0.021801
YOL042W,1.7594742,0,-0.32020487,-0.068084993,0.021801146,0.021801
YIL057C,1.7594742,0,-0.32020487,-0.068084993,0.021801146,0.021801
YOR331C,1.7594742,0,-0.32020487,-0.068084993,0.021801146,0.021801
YPL156C,1.7594742,0,-0.32020487,-0.068084993,0.021801146,0.021801
YLR422W,1.7594742,0,-0.32020487,-0.068084993,0.021801146,0.021801
YHL008C,1.7594742,0,-0.32020487,-0.068084993,0.021801146,0.021801
YDR133C,1.7594742,0,-0.32020487,-0.068084993,0.021801146,0.021801
YEL011W,1.7594742,0,-0.32020487,-0.068084993,0.021801146,0.021801
YGR207C,1.7594742,0,-0.32020487,-0.068084993,0.021801146,0.021801
YJL079C,1.7594742,0,-0.32020487,-0.068084993,0.021801146,0.021801
YMR184W,1.7594742,0,-0.32020487,-0.068084993,0.021801146,0.021801
YMR305C,1.7594742,0,-0.32020487,-0.068084993,0.021801146,0.021801
YOL152W,1.7594742,0,-0.32020487,-0.068084993,0.021801146,0.021801
YOR271C,1.7594742,0,-0.32020487,-0.068084993,0.021801146,0.021801
YPR155C,1.7594742,0,-0.32020487,-0.068084993,0.021801146,0.021801
YPR157W,1.7594742,0,-0.32020487,-0.068084993,0.021801146,0.021801
YGR256W,1.7594742,0,-0.32020487,-0.068084993,0.021801146,0.021801
YDR438W,1.7594742,0,-0.32020487,-0.068084993,0.021801146,0.021801
YFR055W,1.7594742,0,-0.32020487,-0.068084993,0.021801146,0.021801
YGR124W,1.7594742,0,-0.32020487,-0.068084993,0.021801146,0.021801
YPL114W,1.7594742,0,-0.32020487,-0.068084993,0.021801146,0.021801
YPR136C,1.7594742,0,-0.32020487,-0.068084993,0.021801146,0.021801
YDR061W,1.7594742,0,-0.32020487,-0.068084993,0.021801146,0.021801
YMR239C,1.7594742,0,-0.32020487,-0.068084993,0.021801146,0.021801
YDL045C,1.7594742,0,-0.32020487,-0.068084993,0.021801146,0.021801
YDR095C,1.7594742,0,-0.32020487,-0.068084993,0.021801146,0.021801
YDR534C,1.7594742,0,-0.32020487,-0.068084993,0.021801146,0.021801
YIL031W,1.7594742,0,-0.32020487,-0.068084993,0.021801146,0.021801
YLR311C,1.7594742,0,-0.32020487,-0.068084993,0.021801146,0.021801
YML133C,1.7594742,0,-0.32020487,-0.068084993,0.021801146,0.021801
YMR202W,1.7594742,0,-0.32020487,-0.068084993,0.021801146,0.021801
YOR263C,1.7594742,0,-0.32020487,-0.068084993,0.021801146,0.021801
YOR377W,1.7594742,0,-0.32020487,-0.068084993,0.021801146,0.021801
YOR323C,1.7594742,0,-0.32020487,-0.068084993,0.021801146,0.021801
YIL077C,1.7594742,0,-0.32020487,-0.068084993,0.021801146,0.021801
YGL146C,1.7594742,0,-0.32020487,-0.068084993,0.021801146,0.021801
YKL072W,1.7594742,0,-0.32020487,-0.068084993,0.021801146,0.021801
YMR053C,1.7594742,0,-0.32020487,-0.068084993,0.021801146,0.021801
YJL023C,1.7594742,0,-0.32020487,-0.068084993,0.021801146,0.021801
YDL219W,1.7594742,0,-0.32020487,-0.068084993,0.021801146,0.021801
YDR056C,1.7594742,0,-0.32020487,-0.068084993,0.021801146,0.021801
YER180C,1.7594742,0,-0.32020487,-0.068084993,0.021801146,0.021801
YJL170C,1.7594742,0,-0.32020487,-0.068084993,0.021801146,0.021801
YJL190C,1.7594742,0,-0.32020487,-0.068084993,0.021801146,0.021801
YJR162C,1.7594742,0,-0.32020487,-0.068084993,0.021801146,0.021801
YFL056C,1.7594742,0,-0.32020487,-0.068084993,0.021801146,0.021801
YLR220W,1.7594742,0,-0.32020487,-0.068084993,0.021801146,0.021801
YDR367W,1.7594742,0,-0.32020487,-0.068084993,0.021801146,0.021801
YDL094C,1.7594742,0,-0.32020487,-0.068084993,0.021801146,0.021801
YJR080C,1.7594742,0,-0.32020487,-0.068084993,0.021801146,0.021801
YKL188C,1.7594742,0,-0.32020487,-0.068084993,0.021801146,0.021801
YDR269C,1.7594742,0,-0.32020487,-0.068084993,0.021801146,0.021801
YGR290W,1.7594742,0,-0.32020487,-0.068084993,0.021801146,0.021801
YHR203C,1.7594742,0,-0.32020487,-0.068084993,0.021801146,0.021801
YNL280C,1.7594742,0,-0.32020487,-0.068084993,0.021801146,0.021801
YOR321W,1.7594742,0,-0.32020487,-0.068084993,0.021801146,0.021801
YGR236C,1.7594742,0,-0.32020487,-0.068084993,0.021801146,0.021801
YDR070C,1.7594742,0,-0.32020487,-0.068084993,0.021801146,0.021801
YBR179C,1.7594742,0,-0.32020487,-0.068084993,0.021801146,0.021801
YLR344W,1.7594742,0,-0.32020487,-0.068084993,0.021801146,0.021801
YDL041W,1.7594742,0,-0.32020487,-0.068084993,0.021801146,0.021801
YDL046W,1.7594742,0,-0.32020487,-0.068084993,0.021801146,0.021801
YDL118W,1.7594742,0,-0.32020487,-0.068084993,0.021801146,0.021801
YDR542W,1.7594742,0,-0.32020487,-0.068084993,0.021801146,0.021801
YFR054C,1.7594742,0,-0.32020487,-0.068084993,0.021801146,0.021801
YLL037W,1.7594742,0,-0.32020487,-0.068084993,0.021801146,0.021801
YHR117W,1.7594742,0,-0.32020487,-0.068084993,0.021801146,0.021801
YJR010W,1.7594742,0,-0.32020487,-0.068084993,0.021801146,0.021801
YDR215C,1.7594742,0,-0.32020487,-0.068084993,0.021801146,0.021801
YDL099W,1.7594742,0,-0.32020487,-0.068084993,0.021801146,0.021801
YIL006W,1.7594742,0,-0.32020487,-0.068084993,0.021801146,0.021801
YGR208W,1.7594742,0,-0.32020487,-0.068084993,0.021801146,0.021801
YHR194W,1.7594742,0,-0.32020487,-0.068084993,0.021801146,0.021801
YHR109W,1.7594742,0,-0.32020487,-0.068084993,0.021801146,0.021801
YLR199C,1.7594742,0,-0.32020487,-0.068084993,0.021801146,0.021801
YOR065W,1.7594742,0,-0.32020487,-0.068084993,0.021801146,0.021801
YGR247W,1.7594742,0,-0.32020487,-0.068084993,0.021801146,0.021801
YLR257W,1.7594742,0,-0.32020487,-0.068084993,0.021801146,0.021801
YPL244C,1.7594742,0,-0.32020487,-0.068084993,0.021801146,0.021801
YPL130W,1.7594742,0,-0.32020487,-0.068084993,0.021801146,0.021801
YNR029C,1.7594742,0,-0.32020487,-0.068084993,0.021801146,0.021801
YIL152W,1.7594742,0,-0.32020487,-0.068084993,0.021801146,0.021801
YHR201C,1.7594742,0,-0.32020487,-0.068084993,0.021801146,0.021801
YJL158C,1.7594742,0,-0.32020487,-0.068084993,0.021801146,0.021801
YPL224C,1.7594742,0,-0.32020487,-0.068084993,0.021801146,0.021801
YCR023C,1.7594742,0,-0.32020487,-0.068084993,0.021801146,0.021801
YLR202C,1.7594742,0,-0.32020487,-0.068084993,0.021801146,0.021801
YGR213C,1.7594742,0,-0.32020487,-0.068084993,0.021801146,0.021801
YHR212W-A,1.7594742,0,-0.32020487,-0.068084993,0.021801146,0.021801
YEL077C,1.7594742,0,-0.32020487,-0.068084993,0.021801146,0.021801
YOR214C,1.7594742,0,-0.32020487,-0.068084993,0.021801146,0.021801
YHR159W,1.7594742,0,-0.32020487,-0.068084993,0.021801146,0.021801
YMR271C,1.7594742,0,-0.32020487,-0.068084993,0.021801146,0.021801
YBL080C,1.7594744,0,-0.320204799,-0.068084993,0.021801141,0.021801
YGL057C,1.7594744,0,-0.320204799,-0.068084993,0.021801141,0.021801
YBR115C,1.7594744,0,-0.320204799,-0.068084993,0.021801141,0.021801
YDR461W,1.7594744,0,-0.320204799,-0.068084993,0.021801141,0.021801
YKR031C,1.7594744,0,-0.320204799,-0.068084993,0.021801141,0.021801
YBL033C,1.7594744,0,-0.320204799,-0.068084993,0.021801141,0.021801
YBL094C,1.7594744,0,-0.320204799,-0.068084993,0.021801141,0.021801
YOL154W,1.7594744,0,-0.320204799,-0.068084993,0.021801141,0.021801
YAL045C,1.7594744,0,-0.320204799,-0.068084993,0.021801141,0.021801
YBR097W,1.7594744,0,-0.320204799,-0.068084993,0.021801141,0.021801
YOR086C,1.7594744,0,-0.320204799,-0.068084993,0.021801141,0.021801
YBR021W,1.7594744,0,-0.320204799,-0.068084993,0.021801141,0.021801
YAR030C,1.7594744,0,-0.320204799,-0.068084993,0.021801141,0.021801
YJL093C,1.7594744,0,-0.320204799,-0.068084993,0.021801141,0.021801
YOR273C,1.7594744,0,-0.320204799,-0.068084993,0.021801141,0.021801
YBL067C,1.7594744,0,-0.320204799,-0.068084993,0.021801141,0.021801
YBR040W,1.7594744,0,-0.320204799,-0.068084993,0.021801141,0.021801
YDL173W,1.7594744,0,-0.320204799,-0.068084993,0.021801141,0.021801
YBL095W,1.7594744,0,-0.320204799,-0.068084993,0.021801141,0.021801
YBR047W,1.7594744,0,-0.320204799,-0.068084993,0.021801141,0.021801
YAL004W,1.7594744,0,-0.320204799,-0.068084993,0.021801141,0.021801
YOR082C,1.7594744,0,-0.320204799,-0.068084993,0.021801141,0.021801
YBR099C,1.7594744,0,-0.320204799,-0.068084993,0.021801141,0.021801
YLR338W,1.7594744,0,-0.320204799,-0.068084993,0.021801141,0.021801
YAR064W,1.7594744,0,-0.320204799,-0.068084993,0.021801141,0.021801
YLR390W,1.7594744,0,-0.320204799,-0.068084993,0.021801141,0.021801
YJR087W,1.7594744,0,-0.320204799,-0.068084993,0.021801141,0.021801
YOR196C,1.7594744,0,-0.320204799,-0.068084993,0.021801141,0.021801
YGR225W,1.7594744,0,-0.320204799,-0.068084993,0.021801141,0.021801
YKR011C,1.7594744,0,-0.320204799,-0.068084993,0.021801141,0.021801
YBL071C,1.7594744,0,-0.320204799,-0.068084993,0.021801141,0.021801
YKL196C,3.140127,2.909091,0.167902261,0.129364614,0.021720611,0.021721
YOR284W,3.4751234,2.1111112,0.286334738,0.075203091,0.021533257,0.021533
YOR103C,2.8883598,5,0.078894101,0.271281508,0.021402511,0.021403
YML123C,3.7088745,1.8571428,0.368973602,0.057965418,0.021387709,0.021388
