YHR140W,0.431693
YPL076W,0.424494
YDR394W,0.36505
YMR215W,0.349979
YJL196C,0.305824
YJL117W,0.302601
YDL097C,0.299091
YGR060W,0.295919
YGR232W,0.277388
YDR297W,0.276413
YHR200W,0.272864
YFR052W,0.272601
YBR110W,0.269835
YFR004W,0.260326
YPR108W,0.258766
YLR372W,0.255337
YDR331W,0.251902
YKR081C,0.251467
YPL264C,0.243475
YDL147W,0.24071
YMR205C,0.236427
YBR183W,0.235321
YBR036C,0.23506
YHR027C,0.229785
YKL065C,0.226069
YER012W,0.223528
YML048W,0.222086
YDL029W,0.220016
YBR290W,0.203648
YOR261C,0.202458
YNL061W,0.201048
YGL004C,0.200878
YCR034W,0.200806
YEL063C,0.195793
YGR103W,0.195575
YBR159W,0.192821
YJR010C-A,0.18803
YGL200C,0.187787
YER021W,0.183962
YHR133C,0.181102
YDR427W,0.177595
YHL048W,0.176723
YKL008C,0.172387
YNL101W,0.172387
YFR010W,0.172291
YPL043W,0.170083
YHR052W,0.168416
YBR106W,0.162856
YMR109W,0.160074
YHR026W,0.159598
YOR259C,0.146605
YFR028C,0.146089
YGL137W,0.143827
YGR284C,0.141698
YOR016C,0.141689
YIL035C,0.137018
YLL028W,0.136725
YCL025C,0.136247
YEL002C,0.132836
YHL042W,0.132054
YKL154W,0.131786
YOR272W,0.130562
YMR290C,0.130562
YER133W,0.130413
YOR061W,0.127207
YMR149W,0.127176
YPR178W,0.126989
YDL212W,0.124849
YMR058W,0.122461
YPR156C,0.119535
YJR117W,0.11947
YHR142W,0.116788
YJR045C,0.115506
YHR030C,0.113985
YGR260W,0.113636
YOR119C,0.110994
YDR388W,0.10936
YBL007C,0.108664
YDR307W,0.10847
YHR086W,0.106761
YNL317W,0.106068
YCR057C,0.100354
YPL093W,0.099276
YOL139C,0.099045
YCL018W,0.098374
YGR090W,0.098158
YGL019W,0.097951
YBR272C,0.097789
YKL129C,0.097554
YBR283C,0.096682
YGR092W,0.096248
YCR088W,0.095627
YPL240C,0.095104
YEL017C-A,0.094895
YDL145C,0.093415
YDL126C,0.093263
YJL076W,0.092169
YPL274W,0.090635
YJL138C,0.090421
YPL140C,0.090264
YDL225W,0.089917
YFL039C,0.088226
YER006W,0.087904
YPR028W,0.086611
YCR002C,0.086428
YBR020W,0.086174
YGR240C,0.085097
YOR181W,0.084319
YDL188C,0.082928
YOR267C,0.081874
YDL008W,0.081809
YBR198C,0.081586
YIL142W,0.079667
YHR197W,0.078442
YBL026W,0.077478
YIL075C,0.075951
YPL203W,0.075779
YOR151C,0.07352
YNL290W,0.073082
YDL213C,0.072505
YOL133W,0.071984
YBR118W,0.071779
YJR007W,0.070111
YHR166C,0.069283
YDL232W,0.06904
YOL094C,0.068339
YDL017W,0.068056
YML085C,0.067862
YMR001C,0.067354
YOR039W,0.067194
YLR078C,0.066963
YFR051C,0.066627
YOR341W,0.065828
YPL235W,0.065397
YGR162W,0.065038
YBL099W,0.065016
YDL134C,0.064319
YJL020C,0.064221
YLR175W,0.063025
YDL047W,0.062693
YHR016C,0.062143
YNL094W,0.061494
YER177W,0.061238
YJR121W,0.061015
YPR198W,0.060538
YGR097W,0.060401
YER082C,0.059477
YDR128W,0.059436
YPL204W,0.059333
YBR217W,0.059313
YJL095W,0.059133
YDL132W,0.058801
YBR079C,0.05825
YDR216W,0.057769
YNL132W,0.057769
YER025W,0.057652
YGL190C,0.057114
YJL098W,0.056731
YML064C,0.056642
YBL039C,0.056308
YOR361C,0.056286
YAL021C,0.055492
YBR069C,0.055375
YDR429C,0.054404
YGR083C,0.054296
YDL059C,0.054013
YHR082C,0.053959
YLR096W,0.053749
YOR244W,0.053292
YLR259C,0.053266
YNL189W,0.053073
YMR309C,0.052215
YAL007C,0.052182
YLR180W,0.052138
YIL004C,0.052033
YOL132W,0.051936
YML109W,0.050814
YLR268W,0.050281
YGL198W,0.05025
YJL002C,0.050124
YJR068W,0.049504
YIL061C,0.049224
YFL037W,0.048155
YLR293C,0.048144
YLR314C,0.048144
YCR024C-A,0.047736
YDR148C,0.046831
YNL113W,0.046479
YLR337C,0.046346
YJL187C,0.046042
YGL158W,0.045869
YDR414C,0.045334
YBR127C,0.045278
YOR260W,0.045269
YKR026C,0.045058
YLR258W,0.04479
YMR284W,0.044581
YDL200C,0.044575
YIL095W,0.044546
YNR031C,0.044392
YMR273C,0.044136
YER161C,0.043958
YJL008C,0.043911
YER125W,0.04379
YBR072W,0.043451
YDR036C,0.043127
YFL016C,0.042893
YKL166C,0.042811
YGL104C,0.042754
YOR174W,0.04268
YCR009C,0.042629
YNL064C,0.042614
YDR228C,0.042569
YHR107C,0.042459
YIL128W,0.042434
YDR477W,0.042282
YAR019C,0.042179
YIL156W,0.041927
YNL243W,0.041927
YGR052W,0.041253
YMR146C,0.040954
YDR335W,0.040631
YBR055C,0.040533
YIR003W,0.040415
YDR277C,0.039981
YGL161C,0.039668
YHL007C,0.039634
YJR090C,0.039454
YEL051W,0.039275
YDR507C,0.038808
YKL103C,0.03851
YOR005C,0.03848
YPR041W,0.03848
YAL016W,0.038228
YJL069C,0.03815
YLR026C,0.037927
YER165W,0.037719
YDL101C,0.037532
YNL175C,0.037168
YJR076C,0.036758
YPR171W,0.036649
YPR111W,0.036499
YLR191W,0.035833
YGR020C,0.035512
YLR291C,0.034993
YGL003C,0.034526
YDR480W,0.034197
YJR065C,0.034153
YER171W,0.03365
YBR160W,0.033591
YNL025C,0.033468
YBR108W,0.033088
YNL250W,0.032975
YNL030W,0.032581
YBR103W,0.032362
YNL298W,0.032181
YLR229C,0.032121
YPL141C,0.031664
YDR211W,0.031664
YDL155W,0.031529
YPL070W,0.031529
YIL139C,0.031402
YPR014C,0.031402
YNL163C,0.031402
YNL276C,0.031402
YMR282C,0.031402
YGL165C,0.031402
YLR076C,0.031402
YOR390W,0.031402
YPR137C-A,0.031402
YLR281C,0.031402
YMR123W,0.031402
YBR004C,0.031402
YNL226W,0.031402
YJL139C,0.031402
YLR363C,0.031402
YBR261C,0.031402
YFR012W,0.031402
YLL029W,0.031402
YOR325W,0.031402
YNR018W,0.031402
YMR041C,0.031402
YNL142W,0.031402
YCL076W,0.031402
YKR084C,0.031402
YNL104C,0.031402
YJL160C,0.031402
YER137C,0.031402
YOR356W,0.031402
YGR168C,0.031402
YGR126W,0.031402
YBR204C,0.031402
YDR275W,0.031402
YOL124C,0.031402
YDL103C,0.031402
YLL047W,0.031402
YGL214W,0.031402
YCL020W,0.031402
YLR406C,0.031402
YEL059W,0.031402
YBR266C,0.031402
YDR287W,0.031402
YBR008C,0.031402
YBR273C,0.031402
YBR301W,0.031402
YJR079W,0.031402
YMR157C,0.031402
YNL319W,0.031402
YNR061C,0.031402
YOR251C,0.031402
YOR286W,0.031402
YBR255W,0.031402
YDR135C,0.031402
YGL117W,0.031402
YNL050C,0.031402
YOL140W,0.031402
YGL186C,0.031402
YJL204C,0.031402
YNL327W,0.031402
YLR256W-A,0.031402
YER098W,0.031402
YCL033C,0.031402
YML106W,0.031402
YOR202W,0.031402
YJL114W,0.031402
YML110C,0.031402
YAL063C-A,0.031402
YDL159W-A,0.031402
YER055C,0.031402
YGL072C,0.031402
YJL198W,0.031402
YLR087C,0.031402
YMR230W,0.031402
YOR293W,0.031402
YOR146W,0.031402
YBL082C,0.031402
YBL031W,0.031402
YLL060C,0.031402
YML120C,0.031402
YPL056C,0.031402
YMR057C,0.031402
YBR262C,0.031402
YCL049C,0.031402
YDR290W,0.031402
YEL057C,0.031402
YEL074W,0.031402
YER121W,0.031402
YER170W,0.031402
YGL258W,0.031402
YPL280W,0.031402
YDR304C,0.031402
YDR431W,0.031402
YDR513W,0.031402
YGL020C,0.031402
YOL159C,0.031402
YPL252C,0.031402
YDR323C,0.031402
YFR018C,0.031402
YGR062C,0.031402
YMR222C,0.031402
YMR063W,0.031402
YGR194C,0.031402
YML071C,0.031402
YIL027C,0.031402
YLR099C,0.031402
YDR317W,0.031402
YEL006W,0.031402
YLR028C,0.031402
YLR057W,0.031402
YPL107W,0.031402
YAL023C,0.031402
YCL073C,0.031402
YDR406W,0.031402
YKR009C,0.031402
YNL038W,0.031402
YFR033C,0.031402
YGR046W,0.031402
YJR034W,0.031402
YHL001W,0.031402
YPL025C,0.031402
YAR071W,0.031402
YDR144C,0.031402
YLR110C,0.031402
YLR251W,0.031402
YGR021W,0.031402
YBL065W,0.031402
YEL012W,0.031402
YHL005C,0.031402
YHR116W,0.031402
YJL142C,0.031402
YKL051W,0.031402
YML082W,0.031402
YMR114C,0.031402
YNL211C,0.031402
YNL235C,0.031402
YOL022C,0.031402
YOR072W,0.031402
YOR143C,0.031402
YOR334W,0.031402
YOR336W,0.031402
YDR511W,0.031402
YIL052C,0.031402
YOR384W,0.031402
YPL188W,0.031402
YIL011W,0.031402
YMR317W,0.031402
YCR024C,0.031402
YBL020W,0.031402
YBR209W,0.031402
YDL158C,0.031402
YER076C,0.031402
YGR053C,0.031402
YGR291C,0.031402
YKL208W,0.031402
YLR201C,0.031402
YOL066C,0.031402
YPL097W,0.031402
Q0050,0.031402
YGL125W,0.031402
YOR009W,0.031402
YPL102C,0.031402
YOL136C,0.031402
YKL077W,0.031402
YJL032W,0.031402
YAR047C,0.031402
YBR185C,0.031402
YBR219C,0.031402
YBR220C,0.031402
YOR225W,0.031402
YKL170W,0.031402
YBR089W,0.031402
YBR157C,0.031402
YDL183C,0.031402
YDR067C,0.031402
YDR286C,0.031402
YDR340W,0.031402
YER181C,0.031402
YJL182C,0.031402
YJL222W-B,0.031402
YML030W,0.031402
YNL165W,0.031402
YOR011W,0.031402
YDL062W,0.031402
YBR041W,0.031402
YJL175W,0.031402
YOL118C,0.031402
YOR309C,0.031402
YMR260C,0.031402
YIL121W,0.031402
YOL035C,0.031402
YLR164W,0.031402
YPR203W,0.031402
YPR073C,0.031402
YDL026W,0.031402
YDL050C,0.031402
YDL061C,0.031402
YDL096C,0.031402
YFL015C,0.031402
YGR036C,0.031402
YBR190W,0.031402
YDL218W,0.031402
YDR538W,0.031402
YOR338W,0.031402
YIL064W,0.031402
YIL158W,0.031402
YDR081C,0.031402
YBR269C,0.031402
YNL320W,0.031402
YCL004W,0.031402
YDR249C,0.031402
YLR462W,0.031402
YPL023C,0.031402
YPL067C,0.031402
YPR177C,0.031402
YNR030W,0.031402
YLR217W,0.031402
YNL051W,0.031402
YOR354C,0.031402
YEL039C,0.031402
YOR288C,0.031402
YLR416C,0.031402
YHR157W,0.031402
YLR356W,0.031402
YDL024C,0.031402
YLR046C,0.031402
YPR125W,0.031402
YJR044C,0.031402
YGL242C,0.031402
YDR370C,0.031402
YLL059C,0.031402
Q0275,0.031402
YFL067W,0.031402
YBR194W,0.031402
YOR366W,0.031402
YNL228W,0.031402
YGR254W,0.031027
YDR143C,0.030769
YAR007C,0.030742
YER118C,0.03057
YDR238C,0.030166
YIL131C,0.030137
YDR227W,0.030137
YOR351C,0.029839
YLR343W,0.029703
YPL049C,0.029212
YNL271C,0.029212
YBR196C,0.028747
YDL025C,0.028595
YNL230C,0.028198
YGL049C,0.02815
YKL013C,0.028034
YPL237W,0.028009
YDR099W,0.027735
YMR264W,0.027732
YNL182C,0.027659
YHR061C,0.0275
YDR127W,0.027479
YDR309C,0.027288
YIL046W,0.026956
YER167W,0.026622
YML067C,0.026622
YJL130C,0.026513
YER129W,0.02646
YDL229W,0.026108
YDR283C,0.025852
YNR035C,0.025851
YMR186W,0.025722
YMR032W,0.025605
YGL197W,0.025296
YER054C,0.025101
YHR158C,0.025029
YBR039W,0.024641
YBR234C,0.024641
YOR076C,0.024399
YDR190C,0.024357
YOR332W,0.02425
YOR212W,0.023802
YMR246W,0.023693
YDL185W,0.023543
YLR216C,0.023177
YNL138W,0.022938
YKL161C,0.022938
YIL112W,0.022933
YNL093W,0.022913
YBR251W,0.022891
YHL004W,0.022891
YHR135C,0.022839
YNL161W,0.022537
YFR024C-A,0.022379
YDR386W,0.02229
YHR123W,0.022177
YIL066C,0.021802
YMR088C,0.021801
YDR376W,0.021801
YBR214W,0.021801
YJR143C,0.021801
YMR250W,0.021801
YDR350C,0.021801
YFR026C,0.021801
YLR261C,0.021801
YGL009C,0.021801
YMR142C,0.021801
YPL231W,0.021801
YPL112C,0.021801
YJR073C,0.021801
YGL028C,0.021801
YNL178W,0.021801
YEL049W,0.021801
YHR083W,0.021801
YKL179C,0.021801
YNL191W,0.021801
YDR441C,0.021801
YGL001C,0.021801
YOR084W,0.021801
YIR035C,0.021801
YJL035C,0.021801
YDR428C,0.021801
YLL046C,0.021801
YDL178W,0.021801
YGL036W,0.021801
YIR004W,0.021801
YNL028W,0.021801
YKL153W,0.021801
YJL174W,0.021801
YDR413C,0.021801
YPR021C,0.021801
YLR225C,0.021801
YGL239C,0.021801
YNR042W,0.021801
YLR327C,0.021801
YER010C,0.021801
YLR077W,0.021801
YHR189W,0.021801
YOR364W,0.021801
YDR492W,0.021801
YDL237W,0.021801
YBR144C,0.021801
YDR040C,0.021801
YHL043W,0.021801
YHL049C,0.021801
YHR209W,0.021801
YIL055C,0.021801
YIR037W,0.021801
YLR312C,0.021801
YLR434C,0.021801
YOR102W,0.021801
YOR112W,0.021801
YOR121C,0.021801
YOR289W,0.021801
YJR031C,0.021801
YGL094C,0.021801
YLR065C,0.021801
YOR111W,0.021801
YLR143W,0.021801
YNL242W,0.021801
YOL031C,0.021801
YOL098C,0.021801
YGL143C,0.021801
YIR025W,0.021801
YOL073C,0.021801
YOR392W,0.021801
YOL143C,0.021801
YDR169C,0.021801
YNR033W,0.021801
YOR029W,0.021801
YPR071W,0.021801
YPL029W,0.021801
YBR235W,0.021801
YDL189W,0.021801
YER004W,0.021801
YLL067W-A,0.021801
YNL164C,0.021801
YMR196W,0.021801
YLR441C,0.021801
YBR242W,0.021801
YDL162C,0.021801
YFR039C,0.021801
YDL121C,0.021801
YJL075C,0.021801
YKR100C,0.021801
YPR037C,0.021801
YBR116C,0.021801
YMR011W,0.021801
YBR180W,0.021801
YLR454W,0.021801
YDR345C,0.021801
YGR242W,0.021801
YOL147C,0.021801
YGL141W,0.021801
YEL022W,0.021801
YIL049W,0.021801
YMR140W,0.021801
YPL060W,0.021801
YJR054W,0.021801
YMR189W,0.021801
YNR005C,0.021801
YOR067C,0.021801
YJR011C,0.021801
YJR099W,0.021801
YHR145C,0.021801
YCL023C,0.021801
YDR433W,0.021801
YFL050C,0.021801
YGL005C,0.021801
YGR073C,0.021801
YGR100W,0.021801
YIL039W,0.021801
YJL222W-A,0.021801
YDL202W,0.021801
YGR243W,0.021801
YJR126C,0.021801
YKL063C,0.021801
YKR093W,0.021801
YLR331C,0.021801
YMR087W,0.021801
YMR118C,0.021801
YNL073W,0.021801
YOL042W,0.021801
YIL057C,0.021801
YOR331C,0.021801
YPL156C,0.021801
YLR422W,0.021801
YHL008C,0.021801
YDR133C,0.021801
YEL011W,0.021801
YGR207C,0.021801
YJL079C,0.021801
YMR184W,0.021801
YMR305C,0.021801
YOL152W,0.021801
YOR271C,0.021801
YPR155C,0.021801
YPR157W,0.021801
YGR256W,0.021801
YDR438W,0.021801
YFR055W,0.021801
YGR124W,0.021801
YPL114W,0.021801
YPR136C,0.021801
YDR061W,0.021801
YMR239C,0.021801
YDL045C,0.021801
YDR095C,0.021801
YDR534C,0.021801
YIL031W,0.021801
YLR311C,0.021801
YML133C,0.021801
YMR202W,0.021801
YOR263C,0.021801
YOR377W,0.021801
YOR323C,0.021801
YIL077C,0.021801
YGL146C,0.021801
YKL072W,0.021801
YMR053C,0.021801
YJL023C,0.021801
YDL219W,0.021801
YDR056C,0.021801
YER180C,0.021801
YJL170C,0.021801
YJL190C,0.021801
YJR162C,0.021801
YFL056C,0.021801
YLR220W,0.021801
YDR367W,0.021801
YDL094C,0.021801
YJR080C,0.021801
YKL188C,0.021801
YDR269C,0.021801
YGR290W,0.021801
YHR203C,0.021801
YNL280C,0.021801
YOR321W,0.021801
YGR236C,0.021801
YDR070C,0.021801
YBR179C,0.021801
YLR344W,0.021801
YDL041W,0.021801
YDL046W,0.021801
YDL118W,0.021801
YDR542W,0.021801
YFR054C,0.021801
YLL037W,0.021801
YHR117W,0.021801
YJR010W,0.021801
YDR215C,0.021801
YDL099W,0.021801
YIL006W,0.021801
YGR208W,0.021801
YHR194W,0.021801
YHR109W,0.021801
YLR199C,0.021801
YOR065W,0.021801
YGR247W,0.021801
YLR257W,0.021801
YPL244C,0.021801
YPL130W,0.021801
YNR029C,0.021801
YIL152W,0.021801
YHR201C,0.021801
YJL158C,0.021801
YPL224C,0.021801
YCR023C,0.021801
YLR202C,0.021801
YGR213C,0.021801
YHR212W-A,0.021801
YEL077C,0.021801
YOR214C,0.021801
YHR159W,0.021801
YMR271C,0.021801
YBL080C,0.021801
YGL057C,0.021801
YBR115C,0.021801
YDR461W,0.021801
YKR031C,0.021801
YBL033C,0.021801
YBL094C,0.021801
YOL154W,0.021801
YAL045C,0.021801
YBR097W,0.021801
YOR086C,0.021801
YBR021W,0.021801
YAR030C,0.021801
YJL093C,0.021801
YOR273C,0.021801
YBL067C,0.021801
YBR040W,0.021801
YDL173W,0.021801
YBL095W,0.021801
YBR047W,0.021801
YAL004W,0.021801
YOR082C,0.021801
YBR099C,0.021801
YLR338W,0.021801
YAR064W,0.021801
YLR390W,0.021801
YJR087W,0.021801
YOR196C,0.021801
YGR225W,0.021801
YKR011C,0.021801
YBL071C,0.021801
YKL196C,0.021721
YOR284W,0.021533
YOR103C,0.021403
YML123C,0.021388
YMR059W,0.21145946
YLR044C,0.200269698
YGR262C,0.200269698
YDR523C,0.200269698
YGL048C,0.200269698
YMR049C,0.161042929
YER173W,0.161042929
YER179W,0.161042929
YDL043C,0.161042929
YPR110C,0.125809783
YMR106C,0.125809783
YLR208W,0.125145365
YJL080C,0.124443678
YLR105C,0.124443678
YBR170C,0.124443678
YKL213C,0.124443678
YAR008W,0.124443678
YPL083C,0.124443678
YLR025W,0.124443678
YMR165C,0.124443678
YOL009C,0.124443678
YLR170C,0.123811284
YDR463W,0.123383494
YGR209C,0.123383494
YOR056C,0.122881366
YPL210C,0.122881366
YER123W,0.122553315
YAR042W,0.122553315
YDL116W,0.12241177
YDR192C,0.12241177
YKL068W,0.12241177
YGR119C,0.12241177
YGL172W,0.12241177
YJL041W,0.12241177
YMR153W,0.12241177
YJR042W,0.12241177
YJL061W,0.12241177
YIL115C,0.12241177
YGL092W,0.12241177
YBL079W,0.12241177
YFR002W,0.12241177
YER107C,0.12241177
YKR082W,0.12241177
YKL057C,0.12241177
YML103C,0.12241177
YPR174C,0.12241177
YOR046C,0.12241177
YER105C,0.12241177
YMR255W,0.12241177
YMR258C,0.12241177
YDL207W,0.12241177
YDL088C,0.12241177
YDR532C,0.12241177
YGL093W,0.12241177
YBR244W,0.12241177
YDL226C,0.121634728
YGR144W,0.121497709
YGR058W,0.120919942
YDR409W,0.120919942
YNL278W,0.120919942
YGL037C,0.120822722
YKR096W,0.120822722
YOR014W,0.12048205
YER112W,0.12048205
YFL034C-B,0.12048205
YLR016C,0.12048205
YBL036C,0.12048205
YGR136W,0.12048205
YNL110C,0.12048205
YLR147C,0.12048205
YEL015W,0.12048205
YCR093W,0.12048205
YPR093C,0.12048205
YNL007C,0.12048205
YMR104C,0.12048205
YLR421C,0.12048205
YIL033C,0.12048205
YHR070W,0.12048205
YOR269W,0.12048205
YLR403W,0.12048205
YJL124C,0.12048205
YIL053W,0.12048205
YOL123W,0.12048205
YOR362C,0.12048205
YGL131C,0.12048205
YER041W,0.12048205
YDL156W,0.12048205
YPL012W,0.12048205
YPL124W,0.12048205
YFR031C,0.12048205
YMR125W,0.12048205
YLR134W,0.12048205
YHR170W,0.12048205
YBL016W,0.12048205
YLR113W,0.12048205
YGL105W,0.12048205
YNL207W,0.12048205
YBL004W,0.12048205
YNL107W,0.12048205
YDR146C,0.12048205
YNL147W,0.12048205
YIL079C,0.12048205
YPL139C,0.12048205
YMR291W,0.12048205
YER138C,0.12048205
YHR193C,0.12048205
YER062C,0.12048205
YPL178W,0.12048205
YMR061W,0.12048205
YNR052C,0.12048205
YLR438C-A,0.12048205
YJR059W,0.12048205
YML092C,0.12048205
YFL010C,0.12048205
YJR132W,0.12048205
YLR079W,0.12048205
YMR198W,0.12048205
YPR030W,0.12048205
YOL149W,0.12048205
YLR182W,0.12048205
YDR130C,0.12048205
YPR187W,0.12048205
YPR103W,0.12048205
YGR161C,0.12048205
YPL038W,0.12048205
YPL169C,0.12048205
YLR328W,0.12048205
YNL313C,0.12048205
YLR127C,0.12048205
YLR424W,0.12048205
YKL009W,0.12048205
YDL060W,0.12048205
YMR314W,0.12048205
YLR082C,0.12048205
YGR278W,0.12048205
YIL038C,0.12048205
YDL190C,0.12048205
YGL011C,0.12048205
YJR070C,0.12048205
YNL023C,0.12048205
YLR086W,0.12048205
YEL066W,0.12048205
YER094C,0.12048205
YPR175W,0.12048205
YDR356W,0.12048205
YPL211W,0.12048205
YGR135W,0.12048205
YBR195C,0.12048205
YJL047C,0.12048205
YDR378C,0.12048205
YMR080C,0.12048205
YLR153C,0.12048205
YPR040W,0.12048205
YGL238W,0.12048205
YGR095C,0.12048205
YJL140W,0.12048205
YNL223W,0.12048205
YDR482C,0.12048205
YGL090W,0.12048205
YDR054C,0.12048205
YFR034C,0.12048205
YDR465C,0.12048205
YFR050C,0.12048205
YBL032W,0.12048205
YGL213C,0.12048205
YOL038W,0.12048205
YDR101C,0.12048205
YML099C,0.12048205
YNL288W,0.12048205
YPR072W,0.12048205
YGR233C,0.12048205
YNL042W,0.12048205
YBL034C,0.12048205
YML007W,0.12048205
YKL143W,0.12048205
YDR404C,0.12048205
YHR185C,0.12048205
YGR180C,0.12048205
YER027C,0.12048205
YNL015W,0.12048205
YOR159C,0.12048205
YPR190C,0.12048205
YOR208W,0.12048205
YBL058W,0.12048205
YIL132C,0.12048205
YBR239C,0.12048205
YGL220W,0.12048205
YKL205W,0.12048205
YNR012W,0.12048205
YDR243C,0.12048205
YDR201W,0.12048205
YKL042W,0.12048205
YAL059W,0.12048205
YDL127W,0.12048205
YBL041W,0.12048205
YIL008W,0.12048205
YGR204W,0.12048205
YLR009W,0.12048205
YGR203W,0.12048205
YDR395W,0.12048205
YDL165W,0.12048205
YNL172W,0.12048205
YGR253C,0.12048205
YOL021C,0.12048205
YPL217C,0.12048205
YDR280W,0.12048205
YBR281C,0.12048205
YGL240W,0.12048205
YJL001W,0.12048205
YNL330C,0.12048205
YPL016W,0.12048205
YDR002W,0.12048205
YML022W,0.12048205
YCR035C,0.12048205
YGR264C,0.12048205
YDL070W,0.12048205
YPL037C,0.12048205
YJL039C,0.12048205
YGR158C,0.12048205
YPR137C-B,0.12048205
YGR195W,0.12048205
YPL125W,0.12048205
YPL192C,0.12048205
YPL001W,0.12048205
YGR013W,0.12048205
YOL001W,0.12048205
YPL014W,0.12048205
YMR285C,0.12048205
YGL075C,0.12048205
YGR098C,0.12048205
YDL053C,0.12048205
YER068W,0.12048205
YJR029W,0.12048205
YBR202W,0.12048205
YOR197W,0.12048205
YKL062W,0.12048205
YNL016W,0.12048205
YDL124W,0.12048205
YPL209C,0.12048205
YHL027W,0.12048205
YDR091C,0.12048205
YHR069C,0.12048205
YNL232W,0.12048205
YMR213W,0.12048205
YLR271W,0.12048205
YOL117W,0.12048205
YPL266W,0.12048205
YGR178C,0.12048205
YGR134W,0.12048205
YOR157C,0.12048205
YGL175C,0.12048205
YPR141C,0.12048205
YHL009C,0.12048205
YOR083W,0.12048205
YNL027W,0.12048205
YLR154C,0.12048205
YLR384C,0.12048205
YLR401C,0.12048205
YIR011C,0.12048205
YDR005C,0.12048205
YFR047C,0.12048205
YCL026C-A,0.12048205
YGR211W,0.12048205
YHR121W,0.12048205
YIL149C,0.12048205
YGL061C,0.12048205
YGR085C,0.12048205
YHR172W,0.12048205
YLR150W,0.12048205
YGL227W,0.12048205
YER160C,0.12048205
YOR372C,0.12048205
YGL174W,0.12048205
YPL226W,0.12048205
YPL048W,0.12048205
YNL309W,0.12048205
YLR102C,0.12048205
YPL269W,0.12048205
YDL063C,0.12048205
YPL219W,0.12048205
YBL001C,0.12048205
YGL241W,0.12048205
YER162C,0.12048205
YER057C,0.12048205
YFL007W,0.12048205
YGR113W,0.12048205
YAL054C,0.12048205
YDR399W,0.12048205
YOR141C,0.12048205
YNL112W,0.12048205
YDR118W,0.12048205
YKL069W,0.12048205
YLR254C,0.12048205
YOR028C,0.12048205
YOL093W,0.12048205
YOR006C,0.12048205
YLR231C,0.12048205
YNL077W,0.12048205
YCR065W,0.12048205
YDR223W,0.12048205
YOR257W,0.12048205
YGL250W,0.12048205
YLR094C,0.12048205
YOL111C,0.12048205
YMR135C,0.12048205
YOR145C,0.12048205
YHR097C,0.12048205
YKR038C,0.12048205
YNL281W,0.12048205
YIR017C,0.12048205
YIL097W,0.12048205
YKR022C,0.12048205
YJL019W,0.12048205
YKL058W,0.12048205
YKR037C,0.12048205
YDL216C,0.12048205
YPL131W,0.12048205
YCL050C,0.12048205
YLR136C,0.12048205
YER036C,0.12048205
YGR140W,0.12048205
YJL122W,0.12048205
YDR423C,0.12048205
YDL111C,0.12048205
YGR205W,0.12048205
YBR057C,0.12048205
YGL192W,0.12048205
YNL045W,0.12048205
YLR274W,0.12048205
YOR373W,0.12048205
YDL235C,0.12048205
YOR298C-A,0.12048205
YER084W,0.12048205
YPL146C,0.12048205
YFL028C,0.12048205
YJR050W,0.12048205
YOL068C,0.12048205
YBR058C,0.12048205
YOL142W,0.12048205
YPL247C,0.12048205
YOR023C,0.12048205
YGL157W,0.12048205
YLR011W,0.12048205
YER028C,0.12048205
YDR361C,0.12048205
YDR051C,0.12048205
YPR172W,0.12048205
YDL166C,0.12048205
YER139C,0.12048205
YDR184C,0.12048205
YHR207C,0.12048205
YPL046C,0.12048205
YIL017C,0.12048205
YOR060C,0.12048205
YOL151W,0.12048205
YCR082W,0.12048205
YOR209C,0.12048205
YBL084C,0.12048205
YBL074C,0.12048205
YDR179C,0.12048205
YPL245W,0.12048205
YHR214C-B,0.12048205
YLR410W-B,0.12048205
YDL129W,0.12048205
YGL058W,0.12048205
YPL064C,0.12048205
YGR269W,0.12048205
YLR265C,0.12048205
YOL089C,0.12048205
YLR135W,0.12048205
YOR173W,0.12048205
YLR118C,0.12048205
YLR456W,0.12048205
YDR520C,0.12048205
YKR083C,0.12048205
YKL183W,0.12048205
YCR059C,0.12048205
YMR278W,0.12048205
YMR067C,0.12048205
YHR049W,0.12048205
YOR194C,0.12048205
YDR016C,0.12048205
YOR275C,0.12048205
YNL196C,0.12048205
YLR270W,0.12048205
YGL128C,0.12048205
YLR266C,0.12048205
YKL052C,0.12048205
YDR132C,0.12048205
YER168C,0.12048205
YJR047C,0.12048205
YMR009W,0.12048205
YMR127C,0.12048205
YJR025C,0.12048205
YNL289W,0.12048205
YJR146W,0.12048205
YKL024C,0.12048205
YMR025W,0.12048205
YOR243C,0.12048205
YKR018C,0.12048205
YLR017W,0.12048205
YPL133C,0.12048205
YHR187W,0.12048205
YMR233W,0.12048205
YHR034C,0.12048205
YER104W,0.12048205
YIR018W,0.12048205
YHR087W,0.12048205
YIL145C,0.12048205
YPL260W,0.12048205
YIL071C,0.12048205
YGR151C,0.12048205
YML031W,0.12048205
YJR136C,0.12048205
YLR032W,0.12048205
YKR072C,0.12048205
YNR027W,0.12048205
YPL208W,0.12048205
YBR012W-B,0.12048205
YGR200C,0.12048205
YAL061W,0.12048205
YIL110W,0.12048205
YMR180C,0.12048205
YIL082W-A,0.12048205
YGL162W,0.12048205
YOR258W,0.12048205
YDR531W,0.12048205
YDR012W,0.12048205
YJR069C,0.12048205
YJR084W,0.12048205
YOL017W,0.12048205
YOR129C,0.12048205
YOR283W,0.12048205
YOR172W,0.12048205
YPL201C,0.12048205
YPL086C,0.12048205
YPL024W,0.12048205
YLR301W,0.12048205
YDR305C,0.12048205
YML014W,0.12048205
YLR063W,0.12048205
YPR118W,0.12048205
YDR530C,0.12048205
YNL284C-B,0.12048205
YMR045C,0.12048205
YGR161C-D,0.12048205
YBL005W-B,0.12048205
YNR009W,0.12048205
YBR111W-A,0.12048205
YKL038W,0.12048205
YPL096W,0.12048205
YKL017C,0.12048205
YKR064W,0.12048205
YNL126W,0.12048205
YJR027W,0.12048205
YNL072W,0.12048205
YER038C,0.12048205
YOR138C,0.12048205
YBR158W,0.12048205
YKR080W,0.12048205
YNL141W,0.12048205
YDR363W,0.12048205
YDR140W,0.12048205
YHR046C,0.12048205
YPL090C,0.12048205
YOR025W,0.12048205
YNL224C,0.12048205
YNL096C,0.12048205
YDR252W,0.12048205
YGL169W,0.12048205
YPR189W,0.12048205
YBL054W,0.12048205
YDL115C,0.12048205
YKL122C,0.12048205
YDL092W,0.12048205
YPL243W,0.12048205
YDR063W,0.12048205
YGR185C,0.12048205
YDR111C,0.12048205
YOR162C,0.12048205
YEL038W,0.12048205
YNL036W,0.12048205
YOR096W,0.12048205
YPR051W,0.12048205
YLR228C,0.12048205
YBL014C,0.12048205
YDL110C,0.12048205
YBR156C,0.12048205
YKL086W,0.12048205
YPL253C,0.12048205
YAL033W,0.12048205
YKR079C,0.12048205
YLR437C,0.12048205
YNR046W,0.12048205
YAL013W,0.12048205
YJR097W,0.12048205
YPR102C,0.12048205
YOL064C,0.12048205
YBL097W,0.12048205
YOL032W,0.12048205
YMR312W,0.12048205
YDR288W,0.12048205
YDR330W,0.12048205
YEL058W,0.12048205
YPL101W,0.12048205
YNR034W,0.12048205
YDR020C,0.12048205
YMR069W,0.12048205
YER035W,0.12048205
YLR435W,0.12048205
YCR036W,0.12048205
YPL257W-B,0.12048205
YBR090C,0.12048205
YNR015W,0.12048205
YDR253C,0.12048205
YGR277C,0.12048205
YLR167W,0.12048205
YGL091C,0.12048205
YOR274W,0.12048205
YKL110C,0.12048205
YJL162C,0.12048205
YDR066C,0.12048205
YIL153W,0.12048205
YKR043C,0.12048205
YLR145W,0.12048205
YNL221C,0.12048205
YJL191W,0.12048205
YOR148C,0.12048205
YDR400W,0.12048205
YMR030W,0.12048205
YGR219W,0.12048205
YDL144C,0.12048205
YIL056W,0.12048205
YCR060W,0.12048205
YGR161W-B,0.12048205
YKL033W,0.12048205
YDR346C,0.12048205
YCL019W,0.12048205
YER163C,0.12048205
YOR107W,0.12048205
YEL019C,0.12048205
YCR047C,0.12048205
YOR131C,0.12048205
YOR352W,0.12048205
YGL184C,0.12048205
YNL155W,0.12048205
YKL149C,0.12048205
YOL103W-B,0.12048205
YJL082W,0.12048205
YJR067C,0.12048205
YLR085C,0.12048205
YFL044C,0.12048205
YDR261W-B,0.12048205
YJR130C,0.12048205
YPL071C,0.12048205
YPR031W,0.12048205
YHR163W,0.12048205
YJR066W,0.118487278
YKL203C,0.118487278
YPL180W,0.118487278
YOR132W,0.116967674
YGL100W,0.116374218
YOL100W,0.116029952
YMR047C,0.115611172
YNL084C,0.115477015
YNL287W,0.115477015
YPR181C,0.115477015
YPL218W,0.115477015
YIR006C,0.115477015
YDL149W,0.115477015
YDR484W,0.115477015
YOR069W,0.115477015
YGR170W,0.115477015
YIL109C,0.115477015
YDL058W,0.115477015
YJR125C,0.115477015
YNL304W,0.114292493
YIL106W,0.114279596
YKR048C,0.114279596
YJR022W,0.113888399
YEL056W,0.113888399
YDR328C,0.113888399
YBL056W,0.113888399
YIL148W,0.113888399
YJL141C,0.113888399
YCR077C,0.113888399
YDR267C,0.113888399
YHL034C,0.113888399
YCL039W,0.113888399
YKL145W,0.113888399
YLL050C,0.113888399
YMR308C,0.113888399
YKL130C,0.113888399
YPR016C,0.113888399
YDR155C,0.113888399
YOR117W,0.113888399
YPL151C,0.113888399
YML058W,0.113888399
YCL028W,0.113888399
YDR113C,0.113888399
YER059W,0.113888399
YBR247C,0.113888399
YHL030W,0.113888399
YLR347C,0.113888399
YDR499W,0.113888399
YGL115W,0.113888399
YML112W,0.113888399
YKL139W,0.113888399
YPR154W,0.113888399
YLL026W,0.113888399
YPL194W,0.113888399
YJR017C,0.113888399
YMR226C,0.113888399
YKL210W,0.113888399
YGR218W,0.113888399
YFL033C,0.113888399
YJL164C,0.113888399
YOR230W,0.113888399
YIR005W,0.113888399
YEL037C,0.113888399
YDL007W,0.113888399
YEL034W,0.113888399
YJL026W,0.113888399
YPL262W,0.113888399
YBL078C,0.113840354
YDR202C,0.113555913
YCL008C,0.113555913
YKL002W,0.113555913
YDL195W,0.113555913
YDR069C,0.113555913
YDR049W,0.113555913
YDR320C,0.113555913
YPL085W,0.113555913
YDR425W,0.113555913
YJL036W,0.113555913
YDR292C,0.113555913
YLR119W,0.113555913
YNR006W,0.113555913
YJL145W,0.113555913
YPL065W,0.113555913
YOL065C,0.113555913
YJR102C,0.113555913
YPL002C,0.113555913
YLR417W,0.113555913
YLR181C,0.113555913
YGR206W,0.113555913
YOR311C,0.113534626
YDL015C,0.113276806
YFL042C,0.113276806
YLR072W,0.113276806
YHR186C,0.112104373
YNL006W,0.112104373
YDL100C,0.111965457
YHR098C,0.111965457
YKR014C,0.111965457
YHR005C,0.111965457
YNL263C,0.111965457
YGL051W,0.111965457
YNL049C,0.111965457
YGL225W,0.111965457
YAR033W,0.111965457
YHR042W,0.111965457
YGR105W,0.111965457
YBR029C,0.111965457
YJL151C,0.111679816
YDL193W,0.111327691
YLL023C,0.111327691
YER120W,0.111327691
YOR254C,0.111327691
YIL016W,0.111327691
YAL010C,0.111327691
YLR064W,0.111327691
YML075C,0.111327691
YMR065W,0.111327691
YLR450W,0.111327691
YHL020C,0.111327691
YAL009W,0.111327691
YLL006W,0.111327691
YDR196C,0.111327691
YHR004C,0.111327691
YIL040W,0.111327691
YIL030C,0.111327691
YPL200W,0.111327691
YBR070C,0.111327691
YDR205W,0.111327691
YGR059W,0.111080273
YDR218C,0.111080273
YDL065C,0.110249224
YAR002W,0.11017036
YLR335W,0.11017036
YKL021C,0.11017036
YER078C,0.11017036
YML061C,0.11017036
YDR120C,0.11017036
YML107C,0.11017036
YDR062W,0.109512033
YPL004C,0.109512033
YNL265C,0.109512033
YGR142W,0.109512033
YPL084W,0.109512033
YPL137C,0.109512033
YPL227C,0.109512033
YMR029C,0.109512033
YMR296C,0.109512033
YHR009C,0.109512033
YML101C,0.109512033
YMR110C,0.109512033
YBR162W-A,0.109512033
YDR349C,0.109512033
YBR246W,0.109512033
YER128W,0.109512033
YFL038C,0.109406007
YLR373C,0.108188291
YAR027W,0.108188291
YMR022W,0.107680083
YNR016C,0.107680083
YHL002W,0.107680083
YOR047C,0.106759873
YDR496C,0.106287089
YNL183C,0.106248925
YLR074C,0.105674452
YNL012W,0.105674452
YNL236W,0.105083417
YDR225W,0.105083417
YGL035C,0.105083417
YLR453C,0.105083417
YDL014W,0.105083417
YML032C,0.105083417
YHR165C,0.105083417
YNL088W,0.105083417
YER022W,0.105083417
YCR092C,0.105083417
YNL312W,0.105083417
YDR097C,0.105083417
YPL042C,0.105083417
YGL181W,0.105083417
YHR014W,0.105083417
YPR010C,0.105083417
YBR098W,0.105083417
YHR066W,0.105083417
YMR093W,0.105083417
YGR067C,0.105083417
YOL041C,0.105083417
YMR201C,0.105083417
YDL042C,0.105083417
YOL108C,0.105083417
YCL031C,0.105083417
YJL090C,0.105083417
YDR339C,0.105083417
YGR258C,0.105083417
YPR182W,0.105083417
YGR188C,0.105083417
YHR119W,0.105083417
YDR381W,0.105083417
YGL016W,0.105083417
YBR175W,0.105083417
YMR094W,0.105083417
YER146W,0.105083417
YIL125W,0.105083417
YGL120C,0.105083417
YPR018W,0.105083417
YGL111W,0.105083417
YDL140C,0.105083417
YAR003W,0.105083417
YDR224C,0.105083417
YGL201C,0.105083417
YPR086W,0.105083417
YIL144W,0.105083417
YBR142W,0.105083417
YDR060W,0.105083417
YJL081C,0.105083417
YDL175C,0.105083417
YMR167W,0.105083417
YER148W,0.105083417
YIL021W,0.105083417
YHR099W,0.105083417
YMR240C,0.105083417
YER142C,0.105083417
YPL126W,0.105083417
YFL008W,0.105083417
YOR116C,0.105083417
YCL059C,0.105083417
YDR034C,0.105083417
YBL002W,0.105083417
YNL308C,0.105083417
YLR247C,0.105083417
YJL203W,0.105083417
YER126C,0.105083417
YJL074C,0.105083417
YNR053C,0.105083417
YDR028C,0.105083417
YLR430W,0.105083417
YML074C,0.105083417
YCR086W,0.105083417
YDR174W,0.105083417
YFL017W-A,0.105083417
YHR089C,0.105083417
YOR210W,0.105083417
YOL012C,0.105083417
YDL208W,0.105083417
YGL127C,0.105083417
YLR106C,0.105083417
YKL018W,0.105083417
YDR439W,0.105083417
YIL143C,0.105083417
YOL090W,0.105083417
YER172C,0.105083417
YOL145C,0.105083417
YLR197W,0.105083417
YNL002C,0.105083417
YOR206W,0.105083417
YJR063W,0.105083417
YFR001W,0.105083417
YOL135C,0.105083417
YGR002C,0.105083417
YDR167W,0.105083417
YPR137W,0.105083417
YGR252W,0.105083417
YJL194W,0.105083417
YBL103C,0.105083417
YGR091W,0.105083417
YDR311W,0.105083417
YDR334W,0.105083417
YOL004W,0.105083417
YGR104C,0.105083417
YHR084W,0.105083417
YBR154C,0.105083417
YOR304W,0.105083417
YDR448W,0.105083417
YMR229C,0.105083417
YDR087C,0.105083417
YJL033W,0.105083417
YOR224C,0.105083417
YIL063C,0.105083417
YGR274C,0.105083417
YLL034C,0.105083417
YLR449W,0.105083417
YDL002C,0.105083417
YOL077C,0.105083417
YLR002C,0.105083417
YBR152W,0.105083417
YMR276W,0.105083417
YAL032C,0.105083417
YKL173W,0.105083417
YGL070C,0.105083417
YOR207C,0.105083417
YBR275C,0.105083417
YAL027W,0.105083417
YDR259C,0.105083417
YOR191W,0.105083417
YFL024C,0.105083417
YKL014C,0.105083417
YDR460W,0.105083417
YKR002W,0.105083417
YGL112C,0.105083417
YDL108W,0.105083417
YKR010C,0.105083417
YBR150C,0.105083417
YGL130W,0.105083417
YPR104C,0.105083417
YLR131C,0.105083417
YDR473C,0.105083417
YDR324C,0.105083417
YNR010W,0.105083417
YJL109C,0.105083417
YDR110W,0.105083417
YDR301W,0.105083417
YGR245C,0.105083417
YJR093C,0.105083417
YCL011C,0.105083417
YNL206C,0.105083417
YBR049C,0.105083417
YDR195W,0.105083417
YBR095C,0.105083417
YLR263W,0.105083417
YBR083W,0.105083417
YBR087W,0.105083417
YNL201C,0.105083417
YLL008W,0.105083417
YJR144W,0.105083417
YDL031W,0.105083417
YGR280C,0.105083417
YKL144C,0.105083417
YOR308C,0.105083417
YDL005C,0.105083417
YER029C,0.105083417
YEL055C,0.105083417
YDR165W,0.105083417
YKL214C,0.105083417
YKL172W,0.105083417
YGL207W,0.105083417
YDL139C,0.105083417
YDL087C,0.105083417
YPL129W,0.105083417
YBR253W,0.105083417
YBL005W,0.105083417
YMR241W,0.105083417
YOL069W,0.105083417
YOR294W,0.105083417
YHR065C,0.105083417
YPL089C,0.105083417
YER040W,0.105083417
YKR095W,0.105083417
YDR206W,0.105083417
YGL122C,0.105083417
YNL139C,0.105083417
YNL076W,0.105083417
YLR115W,0.105083417
YIR009W,0.105083417
YML065W,0.105083417
YCL054W,0.105083417
YAL043C,0.105083417
YER164W,0.105083417
YGR099W,0.105083417
YPR019W,0.105083417
YCR066W,0.105083417
YDR176W,0.105083417
YLR321C,0.105083417
YKL059C,0.105083417
YOR001W,0.105083417
YBL008W,0.105083417
YDL030W,0.105083417
YFL009W,0.105083417
YMR270C,0.105083417
YLR103C,0.105083417
YGR186W,0.105083417
YBR089C-A,0.105083417
YBL003C,0.105083417
YGR074W,0.105083417
YLR277C,0.105083417
YOR380W,0.105083417
YBR073W,0.105083417
YKR025W,0.105083417
YDR299W,0.105083417
YDR416W,0.105083417
YBL025W,0.105083417
YPR008W,0.105083417
YDL105W,0.105083417
YBR193C,0.105083417
YDL153C,0.105083417
YGL246C,0.105083417
YNR003C,0.105083417
YBR245C,0.105083417
YGR005C,0.105083417
YGR156W,0.105083417
YPR023C,0.105083417
YBL093C,0.105083417
YKL054C,0.105083417
YNL124W,0.105083417
YGR145W,0.105083417
YBR081C,0.105083417
YNL218W,0.105083417
YGR159C,0.105083417
YDR443C,0.105083417
YNL216W,0.105083417
YML041C,0.105083417
R0020C,0.105083417
YPL248C,0.105083417
YOR315W,0.105083417
YHR088W,0.105083417
YDR432W,0.105083417
YNL199C,0.105083417
YCR087C-A,0.105083417
YFR013W,0.105083417
YLR275W,0.105083417
YBL023C,0.105083417
YLR035C,0.105083417
YOR358W,0.105083417
YPR107C,0.105083417
YHR178W,0.105083417
YHR041C,0.105083417
YER127W,0.105083417
YLR005W,0.105083417
YOR185C,0.105083417
YDR412W,0.105083417
YPL082C,0.105083417
YML049C,0.105083417
YDL148C,0.105083417
YMR236W,0.105083417
YOR290C,0.105083417
YDL051W,0.105083417
YMR005W,0.105083417
YNL262W,0.105083417
YOL005C,0.105083417
YJL011C,0.105083417
YGR229C,0.105083417
YDR318W,0.105083417
YBL066C,0.105083417
YDR240C,0.105083417
YPL181W,0.105083417
YOR110W,0.105083417
YJR112W,0.105083417
YGL097W,0.105083417
YEL009C,0.105083417
YDL064W,0.105083417
YLR409C,0.105083417
YOL006C,0.105083417
YMR078C,0.105083417
YGL151W,0.105083417
YDL150W,0.105083417
YER116C,0.105083417
YLR223C,0.105083417
YER049W,0.105083417
YKL022C,0.105083417
YGR116W,0.105083417
YHR164C,0.105083417
YOL051W,0.105083417
YER002W,0.105083417
YNL260C,0.105083417
YAL011W,0.105083417
YNL248C,0.105083417
YMR223W,0.105083417
YHR191C,0.105083417
YPR082C,0.105083417
YFL002C,0.105083417
YDR449C,0.105083417
YKL012W,0.105083417
YEL032W,0.105083417
YLR117C,0.105083417
YBR211C,0.105083417
YNL151C,0.105083417
YKR101W,0.105083417
YDR285W,0.105083417
YLR394W,0.105083417
YDR235W,0.105083417
YML046W,0.105083417
YHR156C,0.105083417
YOR026W,0.105083417
YMR172W,0.105083417
YMR021C,0.105083417
YCR072C,0.105083417
YKL112W,0.105083417
YKR024C,0.105083417
YIR023W,0.105083417
YOR144C,0.105083417
YLR385C,0.105083417
YML010W,0.105083417
YHR143W-A,0.105083417
YBR119W,0.105083417
YHR124W,0.105083417
YML034W,0.105083417
YGL044C,0.105083417
YGR249W,0.105083417
YGR010W,0.105083417
YLR399C,0.105083417
YFR003C,0.105083417
YDR362C,0.105083417
YDR073W,0.105083417
YBR228W,0.105083417
YIR002C,0.105083417
YPL213W,0.105083417
YFR036W,0.105083417
YDL080C,0.105083417
YML015C,0.105083417
YDR359C,0.105083417
YLR129W,0.105083417
YBL088C,0.105083417
YNL102W,0.105083417
YNL039W,0.105083417
YLR276C,0.105083417
YBR112C,0.105083417
YKL113C,0.105083417
YDR383C,0.105083417
YDR279W,0.105083417
YBL035C,0.105083417
YGL244W,0.105083417
YHR079C-A,0.105083417
YGL166W,0.105083417
YAL019W,0.105083417
YFR027W,0.105083417
YML062C,0.105083417
YOR004W,0.105083417
YOR310C,0.105083417
YEL026W,0.105083417
YDR145W,0.105083417
YPR164W,0.105083417
YIL026C,0.105083417
YNL215W,0.105083417
YBR279W,0.105083417
YOR160W,0.105083417
YJR002W,0.105083417
YKL082C,0.105083417
YIL122W,0.105083417
YOR078W,0.105083417
YML098W,0.105083417
YFL013C,0.105083417
YNL068C,0.105083417
YLR055C,0.105083417
YMR268C,0.105083417
YOL148C,0.105083417
YOR156C,0.105083417
YLL036C,0.105083417
YOR179C,0.105083417
YML102W,0.105083417
YLR116W,0.105083417
YDR295C,0.105083417
YLR071C,0.105083417
YPR143W,0.105083417
YML069W,0.105083417
YCR042C,0.105083417
YLR418C,0.105083417
YOR368W,0.105083417
YBR289W,0.105083417
YMR128W,0.105083417
YGL171W,0.105083417
YLR298C,0.105083417
YDR308C,0.105083417
YMR190C,0.105083417
YDR207C,0.105083417
YPR034W,0.105083417
YBR060C,0.105083417
YLR052W,0.105083417
YCR040W,0.105083417
YDL089W,0.105083417
YGL096W,0.105083417
YFR046C,0.105083417
YDR289C,0.105083417
YBR034C,0.105083417
YNL187W,0.105083417
YGL254W,0.105083417
YOL010W,0.105083417
YNL004W,0.105083417
YHR118C,0.105083417
YDR303C,0.105083417
YHR058C,0.105083417
YNL103W,0.105083417
YOR250C,0.105083417
YPR144C,0.105083417
YLR018C,0.105083417
YMR129W,0.105083417
YDL106C,0.105083417
YGL078C,0.105083417
YML027W,0.105083417
YDR123C,0.105083417
YML036W,0.105083417
YMR288W,0.105083417
YBR278W,0.105083417
YJL110C,0.105083417
YGL066W,0.105083417
YDR006C,0.105083417
YNL222W,0.105083417
YHR148W,0.105083417
YPL011C,0.105083417
YGL150C,0.105083417
YMR014W,0.105083417
YJL030W,0.105083417
YJR021C,0.105083417
YKL043W,0.105083417
YER106W,0.105083417
YPL127C,0.105083417
YFR037C,0.105083417
YKR086W,0.105083417
YDL098C,0.105083417
YHL022C,0.105083417
YLR183C,0.105083417
YJR094C,0.105083417
YMR156C,0.105083417
YOR032C,0.105083417
YMR112C,0.105083417
YHR072W-A,0.105083417
YDR173C,0.105083417
YKR060W,0.105083417
YBR066C,0.105083417
YJL115W,0.105083417
YPR161C,0.105083417
YJL010C,0.105083417
YLR051C,0.105083417
YPL018W,0.105083417
YMR269W,0.105083417
YLR278C,0.105083417
YKL185W,0.105083417
YIL101C,0.105083417
YDR501W,0.105083417
YOR217W,0.105083417
YCR081W,0.105083417
YJL176C,0.105083417
YJL050W,0.105083417
YOL028C,0.105083417
YLR015W,0.105083417
YNL227C,0.105083417
YGR128C,0.105083417
YBR231C,0.105083417
YGL194C,0.105083417
YMR263W,0.105083417
YNL267W,0.105083417
YLR315W,0.105083417
YPL128C,0.105083417
YDR485C,0.105083417
YPL202C,0.105083417
YOR249C,0.105083417
YGR081C,0.105083417
YDL003W,0.105083417
YJR082C,0.105083417
YHL025W,0.105083417
YMR224C,0.105083417
YPL254W,0.105083417
YNL075W,0.105083417
YLR108C,0.105083417
YGL043W,0.105083417
YDL209C,0.105083417
YIL104C,0.105083417
YJL125C,0.105083417
YJR140C,0.105083417
YIL150C,0.105083417
YHR195W,0.105083417
YLR003C,0.105083417
YCR033W,0.105083417
YBR065C,0.105083417
YDR180W,0.105083417
YCR096C,0.105083417
YJL013C,0.105083417
YKL109W,0.105083417
YDL084W,0.105083417
YDR469W,0.105083417
YNL253W,0.105083417
YOR340C,0.105083417
YDR457W,0.105083417
YOR123C,0.105083417
YJL089W,0.105083417
YOR189W,0.105083417
YPL138C,0.105083417
YPR085C,0.105083417
YPR101W,0.105083417
YPR052C,0.105083417
YDL074C,0.105083417
YOR033C,0.105083417
YNL021W,0.105083417
YBR236C,0.105083417
YCL010C,0.105083417
YPR070W,0.105083417
YLL022C,0.105083417
YGR056W,0.105083417
YDR392W,0.105083417
YOR140W,0.105083417
YPR168W,0.105083417
YDL076C,0.105083417
YOL034W,0.105083417
YDR464W,0.105083417
YDR440W,0.105083417
YER045C,0.105083417
YBL046W,0.105083417
YNR023W,0.105083417
YMR280C,0.105083417
YNL082W,0.105083417
YDL233W,0.105083417
YPR135W,0.105083417
YGL249W,0.105083417
YPL157W,0.105083417
YLR200W,0.105083417
YMR048W,0.105083417
YER018C,0.105083417
YJR060W,0.105083417
YMR219W,0.105083417
YIL084C,0.105083417
YLR095C,0.105083417
YGR047C,0.105083417
YKL099C,0.105083417
YOR295W,0.105083417
YDR156W,0.105083417
YIL010W,0.105083417
YMR168C,0.105083417
YLR329W,0.105083417
YPL233W,0.105083417
YPL212C,0.105083417
YCL061C,0.105083417
YHR085W,0.105083417
YLR323C,0.105083417
YMR043W,0.105083417
YOR344C,0.105083417
YFL021W,0.105083417
YDR043C,0.105083417
YNR054C,0.105083417
YIL126W,0.105083417
YNL008C,0.105083417
YGR275W,0.105083417
YPL008W,0.105083417
YDR312W,0.105083417
YPR112C,0.105083417
YMR076C,0.105083417
YGR071C,0.105083417
YPR046W,0.105083417
YOR213C,0.105083417
YGL071W,0.105083417
YBR107C,0.105083417
YBL052C,0.105083417
YEL017W,0.105083417
YDR021W,0.105083417
YDR121W,0.105083417
YLR098C,0.105083417
YCL055W,0.105083417
YGL133W,0.105083417
YPL122C,0.105083417
YLR318W,0.105083417
YPR007C,0.105083417
YNL245C,0.105083417
YBR258C,0.105083417
YNL251C,0.105083417
YLR068W,0.105083417
YGL086W,0.105083417
YOR064C,0.105083417
YMR310C,0.105083417
YHR031C,0.105083417
YKL160W,0.105083417
YLR363W-A,0.105083417
YJR119C,0.105083417
YOL072W,0.105083417
YIL096C,0.105083417
YHL006C,0.105083417
YJL168C,0.105083417
YER064C,0.105083417
YDR364C,0.105083417
YJL056C,0.105083417
YJL006C,0.105083417
YLR221C,0.105083417
YLR007W,0.105083417
YJL065C,0.105083417
YPR094W,0.105083417
YHR090C,0.105083417
YMR277W,0.105083417
YDR291W,0.105083417
YAL025C,0.105083417
YER159C,0.105083417
YMR176W,0.105083417
YLL054C,0.105083417
YKR099W,0.105083417
YLR357W,0.105083417
YER092W,0.105083417
YJL184W,0.105083417
YOR051C,0.105083417
YDR078C,0.105083417
YNL167C,0.105083417
YBR186W,0.105083417
YGR075C,0.105083417
YGL025C,0.105083417
YMR039C,0.105083417
YOR346W,0.105083417
YMR044W,0.105083417
YDR088C,0.105083417
YDR310C,0.105083417
YGR063C,0.105083417
YPR133C,0.105083417
YOR074C,0.105083417
YLR451W,0.105083417
YFL049W,0.105083417
YPR179C,0.105083417
YLR455W,0.105083417
YJR041C,0.105083417
YOL144W,0.105083417
YKL125W,0.105083417
YML011C,0.105083417
YPR056W,0.105083417
YDL056W,0.105083417
YNR074C,0.105083417
YPL216W,0.105083417
YLR336C,0.105083417
YOR038C,0.105083417
YPL190C,0.105083417
YDR045C,0.105083417
YDR159W,0.105083417
YBR233W,0.105083417
YER030W,0.105083417
YGR179C,0.105083417
YBR182C,0.105083417
YLL004W,0.105083417
YOL146W,0.105083417
YPR162C,0.105083417
YCR052W,0.105083417
YKR062W,0.105083417
YEL018W,0.105083417
YKR034W,0.105083417
YBR240C,0.105083417
YJR043C,0.105083417
YMR042W,0.105083417
YER051W,0.105083417
YMR091C,0.105083417
YHR081W,0.105083417
YBR141C,0.105083417
YBR123C,0.105083417
YNL159C,0.105083417
YDR390C,0.105083417
YML021C,0.105083417
YBR188C,0.105083417
YDL020C,0.105083417
YOL067C,0.105083417
YLR010C,0.105083417
YMR247C,0.105083417
YLR226W,0.105083417
YJR074W,0.105083417
YLL002W,0.105083417
YOL043C,0.105083417
YGR246C,0.105083417
YNL261W,0.105083417
YPR057W,0.105083417
YHR206W,0.105083417
YML093W,0.105083417
YJR006W,0.105083417
YNL292W,0.105083417
YDR489W,0.105083417
YGL073W,0.105083417
YML023C,0.105083417
YNL273W,0.105083417
YLR141W,0.105083417
YMR033W,0.105083417
YDR096W,0.105083417
YPL228W,0.105083417
YER013W,0.105083417
YNL097C,0.105083417
YBL024W,0.105083417
YCR063W,0.105083417
YHR040W,0.105083417
YMR072W,0.105083417
YMR019W,0.105083417
YNL062C,0.105083417
YIL130W,0.105083417
YMR227C,0.105083417
YPL047W,0.105083417
YER154W,0.105083417
YDR314C,0.105083417
YOL116W,0.105083417
YHR154W,0.105083417
YDR181C,0.105083417
YDR296W,0.105083417
YGR129W,0.105083417
YKL089W,0.105083417
YMR131C,0.105083417
YGL251C,0.105083417
YNL133C,0.105083417
YBR215W,0.105083417
YNL282W,0.105083417
YOR113W,0.105083417
YDR213W,0.105083417
YNR024W,0.105083417
YFR038W,0.105083417
YDR026C,0.105083417
YPL177C,0.105083417
YCR039C,0.105083417
YGL029W,0.105083417
YKL028W,0.105083417
YDR315C,0.105083417
YMR075W,0.105083417
YLR381W,0.105083417
YHR167W,0.105083417
YJL072C,0.105083417
YKR063C,0.105083417
YML127W,0.105083417
YGR276C,0.105083417
YML114C,0.105083417
YNL136W,0.105083417
YPR045C,0.105083417
YGR072W,0.105083417
YIR010W,0.105083417
YDR446W,0.105083417
YLR033W,0.105083417
YHR056C,0.105083417
YER184C,0.105083417
YPL121C,0.105083417
YIL009C-A,0.105083417
YPL075W,0.105083417
YPR152C,0.105083417
YLR132C,0.105083417
YFL031W,0.105083417
YBR167C,0.105083417
YHR134W,0.105083417
YGL113W,0.105083417
YER109C,0.105083417
YLR376C,0.105083417
YOR048C,0.105083417
YER088C,0.105083417
YHR036W,0.105083417
YIL072W,0.105083417
YLR014C,0.105083417
YDL201W,0.105083417
YPR065W,0.105083417
YMR182C,0.105083417
YJL025W,0.105083417
YGL013C,0.105083417
YHR062C,0.105083417
YDR421W,0.105083417
YOR252W,0.105083417
YOR279C,0.105083417
YOR363C,0.105083417
YOL104C,0.105083417
YFL001W,0.105083417
YKR008W,0.105083417
YNL186W,0.105083417
YBL018C,0.105083417
YNL138W-A,0.105083417
YNR011C,0.105083417
YDR478W,0.105083417
YDR254W,0.105083417
YBL019W,0.105083417
YER147C,0.105083417
YNL246W,0.105083417
YBR237W,0.105083417
YMR119W,0.105083417
YJR127C,0.105083417
YPR068C,0.105083417
YPL116W,0.105083417
YKL114C,0.105083417
YNR063W,0.105083417
YIL119C,0.105083417
YML060W,0.105083417
YPL068C,0.105083417
YPR169W,0.105083417
YKR095W-A,0.105083417
YJR135C,0.105083417
YDR263C,0.105083417
YIL091C,0.105083417
YKL049C,0.105083417
YKR044W,0.105083417
YGR283C,0.105083417
YBL010C,0.105083417
YFL052W,0.105083417
YCR097W,0.105083417
YKL186C,0.105083417
YPL055C,0.105083417
YCR106W,0.105083417
YNR004W,0.105083417
YDR514C,0.105083417
YIL019W,0.105083417
YDL102W,0.105083417
YOL080C,0.105083417
YDR079C-A,0.105083417
YGR251W,0.105083417
YDR397C,0.105083417
YGR006W,0.105083417
YPL007C,0.105083417
YAL001C,0.105083417
YDR013W,0.105083417
YBL006C,0.105083417
YGL183C,0.105083417
YKL015W,0.105083417
YGL247W,0.105083417
YMR133W,0.105083417
YML043C,0.105083417
YGR030C,0.105083417
YBR257W,0.105083417
YKL222C,0.105083417
YAL051W,0.105083417
YPL193W,0.105083417
YER169W,0.105083417
YBR033W,0.105083417
YOR098C,0.104631125
YJL187C,0.101122312
YOR319W,0.100032177
YDR398W,0.100032177
YBR274W,0.100032177
YPL153C,0.100032177
YNL182C,0.100032177
YLR186W,0.100032177
YKL095W,0.100032177
YER095W,0.100032177
YER082C,0.100032177
YDR004W,0.100032177
YOR272W,0.100032177
YGR103W,0.100032177
YDR216W,0.100032177
YJL092W,0.100032177
YMR290C,0.100032177
YML095C,0.100032177
YBR103W,0.100032177
YKL078W,0.100032177
YDR138W,0.100032177
YGL116W,0.100032177
YHR196W,0.100032177
YKL108W,0.100032177
YJL076W,0.100032177
YNL317W,0.100032177
YBR088C,0.100032177
YKR081C,0.100032177
YDL013W,0.100032177
YHR197W,0.100032177
YOR341W,0.100032177
YHR052W,0.100032177
YOR386W,0.100032177
YDR480W,0.100032177
YIL131C,0.100032177
YCR084C,0.100032177
YLR233C,0.100032177
YJL069C,0.100032177
YGR090W,0.100032177
YDR228C,0.100032177
YDR030C,0.100032177
YEL030W,0.100032177
YCR014C,0.100032177
YDR076W,0.100032177
YPL093W,0.100032177
YHR166C,0.100032177
YOR005C,0.100032177
YBL021C,0.100032177
YPL043W,0.100032177
YNL025C,0.100032177
YDR419W,0.100032177
YPL049C,0.100032177
YOL054W,0.100032177
YDR217C,0.100032177
YOR174W,0.100032177
YNL132W,0.100032177
YNL175C,0.100032177
YLR293C,0.100032177
YBR136W,0.100032177
YLR320W,0.100032177
YMR137C,0.100032177
YDR365C,0.100032177
YGR123C,0.100032177
YER006W,0.100032177
YOR171C,0.094871795
YDR394W,0.089682628
YNL064C,0.089682628
YDR027C,0.088783616
YDR348C,0.088783616
YPR105C,0.088783616
YKR020W,0.088783616
YJL029C,0.088783616
YLR240W,0.088783616
YDR313C,0.087918321
YFR019W,0.087918321
YGL124C,0.087918321
YPL120W,0.087918321
YMR077C,0.087918321
YBR131W,0.087918321
YFR021W,0.084354533
YER166W,0.083232484
YKR039W,0.082181089
YKL165C,0.082181089
YDL113C,0.080953558
YLR100W,0.080953558
YNL258C,0.080953558
YGR223C,0.080953558
YML130C,0.080953558
YIR038C,0.080953558
YHR072W,0.080953558
YPR173C,0.080953558
YNL231C,0.080953558
YGL145W,0.080953558
YHR105W,0.080953558
YOR377W,0.080953558
YGL001C,0.080953558
YLR440C,0.080953558
YGR177C,0.080953558
YOL110W,0.080953558
YBR130C,0.077922307
YPR165W,0.076640917
YJL034W,0.075297036
YLR268W,0.073593821
YLR078C,0.073593821
YIL004C,0.073593821
YMR054W,0.073593821
YGL200C,0.073593821
YDR264C,0.073593821
YEL063C,0.073593821
YBR183W,0.073593821
YKR030W,0.073593821
YGR172C,0.073593821
YPR028W,0.073593821
YIL173W,0.073593821
YBR254C,0.073593821
YIL048W,0.073593821
YKL039W,0.073593821
YPL050C,0.073593821
YOL018C,0.073593821
YML067C,0.073593821
YML052W,0.073593821
YML012W,0.073593821
YFL048C,0.073593821
YDR468C,0.073593821
YLR004C,0.073593821
YBR097W,0.073593821
YER083C,0.073593821
YGL054C,0.073593821
YPR079W,0.073593821
YNL291C,0.073593821
YLR242C,0.073593821
YAL042W,0.073593821
YOR327C,0.073593821
YOR115C,0.073593821
YEL036C,0.073593821
YKR068C,0.073593821
YLR080W,0.073593821
YGL020C,0.073593821
YCR067C,0.073593821
YNR026C,0.073593821
YPL087W,0.073593821
YCR068W,0.073593821
YML125C,0.073593821
YML077W,0.073593821
YDR245W,0.073593821
YJR040W,0.073593821
YAL030W,0.073593821
YDR472W,0.073593821
YDR246W,0.073593821
YGL038C,0.073593821
YBR290W,0.072175397
YLR083C,0.072175397
YLR034C,0.072175397
YMR171C,0.072175397
YKL124W,0.072175397
YCR075C,0.072175397
YJL097W,0.072175397
YGL208W,0.068319684
YLR175W,0.067420656
YDR099W,0.067420656
YAL021C,0.067420656
YGL004C,0.067420656
YDL132W,0.067420656
YBL026W,0.067420656
YER110C,0.067420656
YDR075W,0.067420656
YOL044W,0.064568232
YJL173C,0.06231109
YGL237C,0.06231109
YDL101C,0.06231109
YOL115W,0.06231109
YMR284W,0.06231109
YDR227W,0.06231109
YDR386W,0.06231109
YNL061W,0.06231109
YNL290W,0.06231109
YOL094C,0.06231109
YGL163C,0.06231109
YAR007C,0.06231109
YJR035W,0.06231109
YHR082C,0.06231109
YOR151C,0.06231109
YCL043C,0.060286505
YCR094W,0.060286505
YML048W,0.060286505
YLR372W,0.060286505
YJR033C,0.060286505
YKL073W,0.060286505
YBR106W,0.060286505
YBR159W,0.060286505
YHR140W,0.060286505
YHR133C,0.060286505
YNR019W,0.060286505
YKL008C,0.060286505
YDR331W,0.060286505
YDL204W,0.060286505
YIL124W,0.060286505
YKL065C,0.060286505
YPR091C,0.060286505
YGR060W,0.060286505
YCR034W,0.060286505
YJR010C-A,0.060286505
YAL007C,0.060286505
YBR110W,0.060286505
YOR016C,0.060286505
YMR052W,0.060286505
YEL002C,0.060286505
YJR131W,0.060286505
YBR036C,0.060286505
YPR003C,0.060286505
YKL154W,0.060286505
YNL086W,0.060286505
YPR183W,0.060286505
YGR284C,0.060286505
YBR171W,0.060286505
YDL212W,0.060286505
YKL061W,0.060286505
YGR227W,0.060286505
YJL196C,0.060286505
YJR117W,0.060286505
YDR414C,0.060286505
YKL212W,0.060286505
YDR297W,0.060286505
YDR307W,0.060286505
YNL257C,0.060286505
YML055W,0.060286505
YLR350W,0.060286505
YNL181W,0.060286505
YAL028W,0.060286505
YMR149W,0.060286505
YOR324C,0.060286505
YBR283C,0.060286505
YHR142W,0.060286505
YOR075W,0.060286505
YPL274W,0.060286505
YJL002C,0.060286505
YCL052C,0.060286505
YER026C,0.060286505
YAL014C,0.060286505
YHR110W,0.060286505
YDR456W,0.060286505
YAR002C-A,0.060286505
YMR200W,0.060286505
YHL003C,0.060286505
YEL065W,0.060286505
YCL045C,0.060286505
YPL094C,0.060286505
YNR008W,0.060286505
YFR042W,0.060286505
YJR015W,0.060286505
YLR088W,0.060286505
YNL048W,0.060286505
YER140W,0.060286505
YNL125C,0.060286505
YDL072C,0.060286505
YLL014W,0.060286505
YLL061W,0.060286505
YOL003C,0.060286505
YDL232W,0.060286505
YLR056W,0.060286505
YJL091C,0.060286505
YMR264W,0.060286505
YGR263C,0.060286505
YGR089W,0.060286505
YJR073C,0.060286505
YDR326C,0.060286505
YOR154W,0.060286505
YBR229C,0.060286505
YMR202W,0.060286505
YML059C,0.060286505
YCR044C,0.060286505
YBR201W,0.060286505
YCR048W,0.060286505
YLL031C,0.060286505
YLR378C,0.060286505
YDR056C,0.060286505
YNL146W,0.060286505
YLR207W,0.060286505
YHR001W,0.060286505
YPL207W,0.060286505
YNL130C,0.060286505
YER019C-A,0.060286505
YGR175C,0.060286505
YLR066W,0.060286505
YKL119C,0.060286505
YPR114W,0.060286505
YOL101C,0.060286505
YML013W,0.060286505
YLR205C,0.060286505
YJL192C,0.060286505
YIL005W,0.060286505
YJL134W,0.060286505
YOR175C,0.060286505
YHR079C,0.060286505
YML029W,0.060286505
YNL158W,0.060286505
YLR050C,0.060286505
YAL053W,0.060286505
YDR233C,0.060286505
YIR022W,0.060286505
YBR243C,0.060286505
YBL040C,0.060286505
YHR204W,0.060286505
YOL031C,0.060286505
YDR236C,0.060286505
YIL039W,0.060286505
YJL062W,0.060286505
YMR298W,0.060286505
YLR312C,0.060286505
YBR273C,0.060286505
YIL023C,0.060286505
YHR190W,0.060286505
YGL055W,0.060286505
YHR039C,0.060286505
YGR038W,0.060286505
YGL022W,0.060286505
YBR265W,0.060286505
YGL053W,0.060286505
YGR199W,0.060286505
YGL027C,0.060286505
YPR071W,0.060286505
YGL065C,0.060286505
YGL010W,0.060286505
YGL047W,0.060286505
YNR039C,0.060286505
YLR073C,0.060286505
YBL082C,0.060286505
YCR011C,0.060286505
YOR067C,0.060286505
YER044C,0.060286505
YML019W,0.060286505
YOR085W,0.060286505
YFL025C,0.060286505
YEL031W,0.060286505
YOR336W,0.060286505
YJR143C,0.060286505
YDR498C,0.060286505
YPR037C,0.060286505
YOR103C,0.060286505
YGL226C-A,0.060286505
YBL020W,0.060286505
YMR274C,0.060286505
YDL121C,0.060286505
YDR304C,0.060286505
YDL093W,0.060286505
YOR092W,0.060286505
YMR123W,0.060286505
YEL004W,0.060286505
YJL170C,0.060286505
YPR113W,0.060286505
YOR245C,0.060286505
YBR004C,0.060286505
YHL047C,0.060286505
YPL175W,0.060286505
YIL049W,0.060286505
YLR459W,0.060286505
YLR057W,0.060286505
YOL013C,0.060286505
YOR321W,0.060286505
YER087C-B,0.060286505
YDR126W,0.060286505
YBR058C-A,0.060286505
YDR492W,0.060286505
YGR036C,0.060286505
YNL046W,0.060286505
YLR065C,0.060286505
YGL079W,0.060286505
YOR165W,0.060286505
YDL095W,0.060286505
YLR246W,0.060286505
YDR086C,0.060286505
YMR013C,0.060286505
YAL023C,0.060286505
YNR030W,0.060286505
YGL098W,0.060286505
YOR288C,0.060286505
YPL244C,0.060286505
YGL142C,0.060286505
YPR063C,0.060286505
YJR044C,0.060286505
YGL139W,0.060286505
YOL088C,0.060286505
YAL058W,0.060286505
YHR080C,0.060286505
YGR157W,0.060286505
YDR221W,0.060286505
YIL027C,0.060286505
YNL219C,0.060286505
YKR053C,0.060286505
YPL221W,0.060286505
YOR089C,0.058589193
YER100W,0.058589193
YHR188C,0.058589193
YJR045C,0.048665335
YDR200C,0.043253122
YFR028C,0.018082466
YGR092W,0.018082466
YOL133W,0.018072644
YER133W,0.018072644
YNL189W,0.018072644
YBR017C,0.018072644
YPL204W,0.018072644
YER171W,0.017683933
YBR055C,0.017683933
YDL200C,0.017683933
YPL235W,0.017683933
YBL007C,0.013695465
YDR477W,0.01366094
YIL046W,0.013636565
YER012W,0.013636565
YGL245W,0.013636565
YHL007C,0.013636565
YER165W,0.013636565
YPL031C,0.013636565
YGL003C,0.013636565
YGL173C,0.013636565
YER125W,0.013636565
YER161C,0.013414085
YAL015C,0.013414085
YPR178W,0.013414085
YMR117C,0.013414085
YBR198C,0.013414085
YHR169W,0.013414085
YNL113W,0.013414085
YLL011W,0.013414085
YDR190C,0.013414085
YJR068W,0.013414085
YLR383W,0.013414085
YIL128W,0.013414085
YLR288C,0.013414085
YDL164C,0.013414085
YPL022W,0.013414085
YKL193C,0.013414085
YIL061C,0.013414085
YOR080W,0.013414085
YLR222C,0.013414085
YPL164C,0.013414085
YLR442C,0.013414085
YBR223C,0.013414085
YDL213C,0.013414085
YCR057C,0.013414085
YBR114W,0.013414085
YML115C,0.012719352
YDL185W,0.012676296
YMR214W,0.012251941
