P03875,Q0050
P00856,Q0080
P00854,Q0085
P61829,Q0130
P00410,Q0250
P00420,Q0275
P03871,R0020C
Q06891,R0030W
P34111,YAL001C
P39702,YAL002W
P32471,YAL003W
P39703,YAL004W
P10591,YAL005C
P39704,YAL007C
P18410,YAL009W
P18409,YAL010C
P31376,YAL011W
P31373,YAL012W
P31385,YAL013W
P31377,YAL014C
P31378,YAL015C
P31383,YAL016W
P31374,YAL017W
P31379,YAL018C
P31380,YAL019W
P31384,YAL021C
P31381,YAL022C
P31382,YAL023C
P07866,YAL024C
P10962,YAL025C
P39524,YAL026C
P39735,YAL027W
P39734,YAL028W
P32492,YAL029C
P31109,YAL030W
P39732,YAL031C
P28004,YAL032C
P28005,YAL033W
P28003,YAL034C
P39731,YAL034W-A
P39730,YAL035W
P39729,YAL036C
P00549,YAL038W
P13365,YAL040C
P11433,YAL041W
P39727,YAL042W
Q01329,YAL043C
P39725,YAL045C
P39723,YAL047C
P39722,YAL048C
P39721,YAL049C
P39720,YAL051W
P39719,YAL053W
Q01574,YAL054C
P39718,YAL055W
P39717,YAL056W
P27825,YAL058W
P39715,YAL059W
P39714,YAL060W
P39713,YAL061W
P39708,YAL062W
Q3E791,YAL063C-A
P39711,YAL064W
O13512,YAL064W-B
P39710,YAL066W
P39709,YAL067C
O13588,YAL069W
Q05359,YAR002C-A
P39705,YAR002W
P39706,YAR003W
P22336,YAR007C
P39707,YAR008W
P27637,YAR014C
P22209,YAR018C
P27636,YAR019C
D6VPM8,YAR023C
P39547,YAR027W
P39548,YAR028W
P39550,YAR030C
P39551,YAR031W
P39552,YAR033W
P80235,YAR035W
P35845,YAR042W
P39557,YAR047C
P39563,YAR064W
P0CX18,YAR066W
P39564,YAR068W
P0CX92,YAR069C
P35842,YAR071W
P39567,YAR073W
P35195,YBL001C
P02294,YBL002W
P04912,YBL003C
P35194,YBL004W
P33200,YBL005W
Q12490,YBL005W-B
P38210,YBL006C
P32790,YBL007C
P32479,YBL008W
P32789,YBL009W
P32788,YBL010C
P32785,YBL013W
P32786,YBL014C
P32316,YBL015W
P16892,YBL016W
P32319,YBL017C
P38208,YBL018C
P38207,YBL019W
P38206,YBL020W
P13434,YBL021C
P36775,YBL022C
P29469,YBL023C
P38205,YBL024W
P38204,YBL025W
P38203,YBL026W
P0CX83,YBL027W
P38201,YBL029W
P18239,YBL030C
P38200,YBL031W
P38199,YBL032W
P38066,YBL033C
P38198,YBL034C
P38121,YBL035C
P38197,YBL036C
P38065,YBL037W
P38064,YBL038W
P28274,YBL039C
P18414,YBL040C
P23724,YBL041W
P38196,YBL042C
P38195,YBL043W
P38194,YBL044W
P07256,YBL045C
P38193,YBL046W
P34216,YBL047C
P38191,YBL049W
P32602,YBL050W
P34217,YBL051C
P34218,YBL052C
P38190,YBL053W
P34219,YBL054W
P34221,YBL056W
P34223,YBL058W
P34224,YBL059W
P34226,YBL061C
P28742,YBL063W
P34227,YBL064C
P38188,YBL065W
P34228,YBL066C
P38187,YBL067C
P38063,YBL068W
P38185,YBL071C
P0CX39,YBL072C
P32357,YBL074C
P09435,YBL075C
P09436,YBL076C
P38182,YBL078C
P38181,YBL079W
P33893,YBL080C
P38180,YBL081W
P38179,YBL082C
P38042,YBL084C
P38041,YBL085W
P38177,YBL086C
P38110,YBL088C
P38176,YBL089W
P38175,YBL090W
P38174,YBL091C
P38061,YBL092W
P25046,YBL093C
P38173,YBL094C
P38172,YBL095W
P38170,YBL097W
P38169,YBL098W
P07251,YBL099W
P38168,YBL100C
Q12260,YBL100W-A
P38167,YBL101C
P38166,YBL102W
P38165,YBL103C
P38164,YBL104C
P24583,YBL105C
P38163,YBL106C
P38162,YBL107C
P38161,YBL108W
Q3E7Y4,YBL112C
Q7M4S9,YBL113C
P35172,YBR001C
P18900,YBR003W
P38211,YBR004C
P38067,YBR006W
P38213,YBR007C
P38124,YBR008C
P61830,YBR010W; YNL031C
P00817,YBR011C
P38214,YBR012C
Q12193,YBR012W-B
P38215,YBR013C
P38068,YBR014C
P38069,YBR015C
P38217,YBR017C
P08431,YBR018C
P04397,YBR019C
P04385,YBR020W
P05316,YBR021W
P29465,YBR023C
P38072,YBR024W
P38219,YBR025C
P38220,YBR027C
P38070,YBR028C
P38221,YBR029C
P38073,YBR033W
P38074,YBR034C
P38075,YBR035C
P35206,YBR036C
P23833,YBR037C
P14180,YBR038W
P38077,YBR039W
P38224,YBR040W
P38225,YBR041W
P38226,YBR042C
P38227,YBR043C
P38228,YBR044C
P38229,YBR045C
P38231,YBR047W
P21538,YBR049C
P38232,YBR050C
P38234,YBR052C
P38235,YBR053C
P38079,YBR054W
P19735,YBR055C
P38081,YBR056W
P38236,YBR057C
P38237,YBR058C
Q3E790,YBR058C-A
P38080,YBR059C
P32833,YBR060C
P38238,YBR061C
P38083,YBR063C
P38240,YBR064W
P38241,YBR065C
P38082,YBR066C
P27654,YBR067C
P38084,YBR068C
P38085,YBR069C
P38242,YBR070C
P15992,YBR072W
P38086,YBR073W
P38244,YBR074W
P38246,YBR076W
P38247,YBR077C
P38248,YBR078W
P38249,YBR079C
P18759,YBR080C
P35177,YBR081C
P15731,YBR082C
P18412,YBR083W
P09440,YBR084W
P18238,YBR085W
P38250,YBR086C
P38251,YBR087W
P15873,YBR088C
P11633,YBR089C-A
P38252,YBR089W
P38253,YBR090C
P32830,YBR091C
P00635,YBR093C
P38254,YBR094W
P38255,YBR095C
P38256,YBR096W
P22219,YBR097W
P38257,YBR098W
P38258,YBR099C
P38260,YBR101C
P38261,YBR102C
P38262,YBR103W
P38263,YBR105C
P38264,YBR106W
P38265,YBR107C
P38266,YBR108W
P06787,YBR109C
P90471,YBR109W-A
P16661,YBR110W
Q6WNK7,YBR111W-A
P14922,YBR112C
P38267,YBR113W
P31244,YBR114W
P07702,YBR115C
P38268,YBR116C
P33315,YBR117C
P02994,YPR080W; YBR118W
P32605,YBR119W
P07253,YBR120C
P38088,YBR121C
P36531,YBR122C
P32367,YBR123C
P38269,YBR124W
P38089,YBR125C
Q00764,YBR126C
P16140,YBR127C
P38270,YBR128C
P38271,YBR129C
P38272,YBR130C
P38273,YBR131W
P38090,YBR132C
P38274,YBR133C
P38275,YBR134W
P20486,YBR135W
P38111,YBR136W
P38276,YBR137W
P38277,YBR138C
P38109,YBR139W
P18963,YBR140C
P38278,YBR141C
P38112,YBR142W
P12385,YBR143C
P34215,YBR144C
P38113,YBR145W
P38120,YBR146W
P38115,YBR149W
P38114,YBR150C
P38282,YBR152W
P20434,YBR154C
P33313,YBR155W
P38283,YBR156C
P38284,YBR157C
P38285,YBR158W
P38286,YBR159W
P00546,YBR160W
P38287,YBR161W
P38288,YBR162C
P38374,YBR162W-A
P38289,YBR163W
P20049,YBR166C
P38291,YBR167C
P38292,YBR168W
P32590,YBR169C
P33755,YBR170C
P33754,YBR171W
P32909,YBR172C
P38293,YBR173C
P38294,YBR174C
P38123,YBR175W
P38122,YBR176W
P38295,YBR177C
P38296,YBR178W
P38297,YBR179C
P38125,YBR180W
P38128,YBR182C
P38298,YBR183W
P38299,YBR184W
P38300,YBR185C
P38126,YBR186W
P38301,YBR187W
P38302,YBR188C
P38303,YBR190W
P38127,YBR192W
P38304,YBR193C
P38305,YBR194W
P13712,YBR195C
P12709,YBR196C
P38306,YBR197C
P38129,YBR198C
P38131,YBR199W
P29366,YBR200W
P38307,YBR201W
P38132,YBR202W
P38308,YBR203W
P38139,YBR204C
P38130,YBR205W
P38310,YBR207W
P32528,YBR208C
P38311,YBR209W
P38313,YBR211C
P32831,YBR212W
P15807,YBR213W
P38314,YBR214W
Q01448,YBR215W
P38315,YBR216C
P38316,YBR217W
P32327,YBR218C
P38317,YBR219C
P38318,YBR220C
P32473,YBR221C
P38137,YBR222C
P38319,YBR223C
P38321,YBR225W
P38322,YBR226C
P38323,YBR227C
P38324,YBR228W
P38138,YBR229C
P38325,YBR230C
P38326,YBR231C
P38151,YBR233W
P38328,YBR234C
P38329,YBR235W
P32783,YBR236C
P21372,YBR237W
P38330,YBR238C
P38140,YBR239C
P38141,YBR240C
P38142,YBR241C
P38331,YBR242W
P07286,YBR243C
P38143,YBR244W
P38144,YBR245C
P38332,YBR246W
P38333,YBR247C
P33734,YBR248C
P32449,YBR249C
P33757,YBR250W
P33759,YBR251W
P33317,YBR252W
P32570,YBR253W
P38334,YBR254C
P38335,YBR255W
P38337,YBR258C
P38339,YBR260C
P38340,YBR261C
P38341,YBR262C
P37292,YBR263W
P38146,YBR264C
P38342,YBR265W
P38343,YBR266C
P38344,YBR267W
P38345,YBR269C
P38346,YBR270C
P38347,YBR271W
P38348,YBR272C
P38349,YBR273C
P38147,YBR274W
P29539,YBR275C
P38148,YBR276C
P38350,YBR277C
P27344,YBR278W
P38351,YBR279W
P38352,YBR280C
P38149,YBR281C
P36526,YBR282W
P38353,YBR283C
P38150,YBR284W
P38354,YBR285W
P37302,YBR286W
P38355,YBR287W
P38153,YBR288C
P18480,YBR289W
P38356,YBR290W
P38152,YBR291C
P38358,YBR293W
P38360,YBR295W
P38361,YBR296C
P38156,YBR298C
P38158,YBR299W
P38155,YBR301W
P0CX12,YBR302C
P25578,YCL004W
P25587,YCL005W
P25603,YCL007C
P25604,YCL008C
P25605,YCL009C
P25554,YCL010C
P25555,YCL011C
P25558,YCL014W
P25559,YCL016C
P25374,YCL017C
P04173,YCL018W
P25384,YCL019W
P25383,YCL020W
P25563,YCL023C
P25389,YCL024W
P25376,YCL025C
P37261,YCL026C-A
P11710,YCL027W
P25367,YCL028W
P11709,YCL029C
P00815,YCL030C
P25368,YCL031C
P25344,YCL032W
P25566,YCL033C
P25369,YCL034W
P25373,YCL035C
P25370,YCL036W
P25567,YCL037C
P25568,YCL038C
P25569,YCL039W
P17709,YCL040W
P25572,YCL042W
P17967,YCL043C
P25573,YCL044C
P25574,YCL045C
P25575,YCL046W
P25380,YCL048W
P25577,YCL049C
P16550,YCL050C
P25579,YCL051W
P25580,YCL052C
P25582,YCL054W
P25583,YCL055W
P25584,YCL056C
P25585,YCL058C
P25586,YCL059C
P25588,YCL061C
P25591,YCL063W
P25379,YCL064C
P37264,YCL065W
P25594,YCL069W
P25602,YCL076W
P25347,YCR001W
P25342,YCR002C
P25348,YCR003W
P25349,YCR004C
P08679,YCR005C
P25354,YCR007C
P25333,YCR008W
P25343,YCR009C
P25613,YCR010C
P25371,YCR011C
P00560,YCR012W
P25615,YCR014C
P25616,YCR015C
P25617,YCR016W
P23059,YCR020C-A
P25619,YCR021C
P25620,YCR022C
P25351,YCR023C
P25345,YCR024C
P32903,YCR024C-A
P25378,YCR027C
P25621,YCR028C
P32445,YCR028C-A
P25623,YCR030C
P25357,YCR033W
P25358,YCR034W
P25359,YCR035C
P25332,YCR036W
P25360,YCR037C
P25300,YCR038C
P0CY08,YCR039C
P0CY06,YCR040W
P37265,YCR041W
P23255,YCR042C
P25625,YCR044C
P25381,YCR045C
P25626,YCR046C
P25627,YCR047C
P25628,YCR048W
P25630,YCR050C
P25632,YCR052W
P16120,YCR053W
P25355,YCR054C
P25635,YCR057C
P25637,YCR059C
P25638,YCR060W
P25639,YCR061W
P25337,YCR063W
P10862,YCR066W
P25365,YCR067C
P25641,YCR068W
P25642,YCR071C
P25382,YCR072C
P25390,YCR073C
P17261,YCR075C
P25659,YCR076C
P25644,YCR077C
P25646,YCR079W
P25648,YCR081W
P25649,YCR082W
P16649,YCR084C
P25651,YCR086W
P37263,YCR087C-A
P25652,YCR087W
P15891,YCR088W
P25341,YCR091W
P25336,YCR092C
P25655,YCR093W
P25656,YCR094W
P25366,YCR095C
P0CY13,YCR096C
P25346,YCR098C
P25657,YCR099C
P25606,YCR100C
P25607,YCR101C
P25377,YCR105W
P25611,YCR106W
P25612,YCR107W
Q03441,YDL001W
Q03435,YDL002C
Q12158,YDL003W
Q12165,YDL004W
Q12124,YDL005C
P35182,YDL006W
P40327,YDL007W
Q12157,YDL008W
Q12023,YDL011C
Q12489,YDL012C
P32828,YDL013W
P15646,YDL014W
Q99190,YDL015C
P06243,YDL017W
Q12451,YDL019C
Q03465,YDL020C
Q00055,YDL022W
Q12264,YDL023C
P52290,YDL024C
Q12100,YDL025C
Q12147,YDL026W
Q07349,YDL027C
P54199,YDL028C
P32381,YDL029W
P19736,YDL030W
Q12389,YDL031W
Q12361,YDL035C
Q12069,YDL036C
Q12140,YDL037C
P12945,YDL040C
Q12352,YDL041W
P06700,YDL042C
Q07350,YDL043C
P10849,YDL044C
P38913,YDL045C
Q12408,YDL046W
P20604,YDL047W
P50112,YDL049C
Q07355,YDL050C
P33399,YDL051W
P33333,YDL052C
Q07362,YDL053C
Q07376,YDL054C
P41940,YDL055C
P39678,YDL056W
P25386,YDL058W
Q12223,YDL059C
Q07381,YDL060W
P41058,YDL061C
Q07410,YDL062W
Q07395,YDL063C
P50623,YDL064W
Q07418,YDL065C
P21954,YDL066W
P07255,YDL067C
P14066,YDL069C
Q07442,YDL070W
Q07438,YDL071C
Q07451,YDL072C
Q07454,YDL073W
Q07457,YDL074C
P0C2H8,YDL075W
Q07458,YDL076C
Q07468,YDL077C
P50873,YDL079C
Q07471,YDL080C
P05318,YDL081C
Q12690,YDL082W
Q07478,YDL084W
Q07500,YDL085W
Q07505,YDL086W
Q07508,YDL087C
Q05166,YDL088C
Q12066,YDL089W
P22007,YDL090C
Q12229,YDL091C
P38985,YDL092W
P52867,YDL093W
Q07509,YDL094C
P33775,YDL095W
Q07521,YDL096C
Q12377,YDL097C
Q12368,YDL098C
Q12191,YDL099W
Q12154,YDL100C
P39009,YDL101C
P15436,YDL102W
P43123,YDL103C
P43122,YDL104C
P43124,YDL105W
P07269,YDL106C
P06242,YDL108W
Q12513,YDL110C
Q12277,YDL111C
Q07527,YDL112W
Q07528,YDL113C
Q07530,YDL114W
Q07532,YDL115C
P52891,YDL116W
Q07533,YDL117W
Q07535,YDL118W
Q07534,YDL119C
Q07541,YDL121C
Q07549,YDL123W
Q07551,YDL124W
Q04344,YDL125C
P25694,YDL126C
P25693,YDL127W
Q99385,YDL128W
Q07555,YDL129W
P10622,YDL130W
Q12122,YDL131W
Q12018,YDL132W
Q12516,YDL133W
P23594,YDL134C
Q12434,YDL135C
P19146,YDL137W
Q12300,YDL138W
Q12334,YDL139C
P04050,YDL140C
P39078,YDL143W
Q07589,YDL144C
P53622,YDL145C
Q12342,YDL146W
Q12250,YDL147W
Q99207,YDL148C
Q12142,YDL149W
P25441,YDL150W
Q12136,YDL153C
Q12175,YDL154W
P24870,YDL155W
Q12510,YDL156W
Q12047,YDL158C
P06784,YDL159W
Q3E774,YDL159W-A
P39517,YDL160C
Q12518,YDL161W
Q12307,YDL162C
P04819,YDL164C
P06100,YDL165W
Q12055,YDL166C
P32770,YDL167C
P32771,YDL168W
Q12680,YDL171C
Q12135,YDL172C
Q12515,YDL173W
Q12476,YDL175C
P46681,YDL178W
Q12477,YDL179W
Q12301,YDL180W
P01097,YDL181W
P48569,YDL183C
P17255,YDL185W
P48568,YDL186W
P23595,YDL188C
Q05672,YDL189W
P54860,YDL190C
P0CX84,YDL191W
P11076,YDL192W
Q12063,YDL193W
P38968,YDL195W
Q12187,YDL196W
P38988,YDL198C
Q12407,YDL199C
P26188,YDL200C
Q12009,YDL201W
P36521,YDL202W
Q07622,YDL203C
Q12443,YDL204W
Q12315,YDL207W
P32495,YDL208W
Q12046,YDL209C
P32837,YDL210W
Q02774,YDL212W
Q07623,YDL213C
Q12310,YDL214C
P33327,YDL215C
Q12468,YDL216C
Q12328,YDL217C
Q07629,YDL218W
Q07648,YDL219W
P32797,YDL220C
Q07649,YDL221W
Q07653,YDL223C
Q07655,YDL224C
Q07657,YDL225W
P35197,YDL226C
P11484,YDL229W
P25044,YDL230W
Q99380,YDL232W
Q07684,YDL233W
Q07688,YDL235C
P19881,YDL236W
Q07716,YDL237W
Q07732,YDL239C
P35688,YDL240W
Q07738,YDL241W
Q07747,YDL243C
P54854,YDL245C
Q07786,YDL246C
Q07788,YDL248W
P32356,YDR001C
P41920,YDR002W
Q03446,YDR003W
P25301,YDR004W
P41910,YDR005C
P40317,YDR006C
P00912,YDR007W
P13045,YDR009W
Q12426,YDR010C
P49626,YDR012W
Q12488,YDR013W
Q12248,YDR016C
Q12494,YDR017C
Q12185,YDR018C
Q12084,YDR020C
Q12099,YDR021W
Q12421,YDR022C
P07284,YDR023W
Q99341,YDR024W
Q12457,YDR026C
Q12071,YDR027C
Q00816,YDR028C
Q12021,YDR030C
Q04341,YDR031W
Q12335,YDR032C
P40971,YDR034C
P28817,YDR036C
P15180,YDR037W
Q12691,YDR038C
Q01896,YDR039C
P13587,YDR040C
Q03201,YDR041W
Q03205,YDR042C
Q03125,YDR043C
P11353,YDR044W
Q04307,YDR045C
P41815,YDR046C
P00942,YDR050C
P32325,YDR052C
P14682,YDR054C
Q12355,YDR055W
Q12025,YDR056C
Q12176,YDR060W
Q12298,YDR061W
P40970,YDR062W
Q12156,YDR063W
Q12378,YDR066C
Q12454,YDR067C
P54858,YDR068W
P32571,YDR069C
Q12497,YDR070C
Q12447,YDR071C
P38954,YDR072C
P38956,YDR073W
P31688,YDR074W
P32345,YDR075W
P38953,YDR076W
P38957,YDR078C
Q3E7C1,YDR079C-A
P38958,YDR079W
P38959,YDR080W
P38960,YDR082W
P38962,YDR084C
P33304,YDR085C
P35179,YDR086C
P35178,YDR087C
Q02775,YDR088C
Q03195,YDR091C
P52490,YDR092W
Q12675,YDR093W
Q03831,YDR095C
Q03833,YDR096W
Q03834,YDR097C
Q03835,YDR098C
P34730,YDR099W
Q03860,YDR100W
Q03862,YDR101C
Q03864,YDR102C
P32917,YDR103W
Q03868,YDR104C
Q12116,YDR105C
Q04549,YDR106W
Q04562,YDR107C
P46944,YDR108W
O13329,YDR110W
P52892,YDR111C
P40316,YDR113C
Q04598,YDR115W
Q04599,YDR116C
Q04601,YDR118W
Q04602,YDR119W
P15565,YDR120C
Q04603,YDR121W
P13185,YDR122W
P26798,YDR123C
Q04629,YDR126W
P08566,YDR127W
Q03897,YDR128W
P32599,YDR129C
Q03898,YDR130C
Q03899,YDR131C
Q03900,YDR132C
Q03904,YDR133C
P39109,YDR135C
Q03913,YDR136C
P16664,YDR137W
P17629,YDR138W
Q03919,YDR139C
Q03920,YDR140W
Q03921,YDR141C
P39108,YDR142C
P22470,YDR143C
P53379,YDR144C
Q03761,YDR145W
P08153,YDR146C
P19262,YDR148C
Q00402,YDR150W
Q03768,YDR152W
P14832,YDR155C
P50106,YDR156W
P13663,YDR158W
P46674,YDR159W
Q03770,YDR160W
Q12163,YDR162C
P30619,YDR164C
Q03774,YDR165W
P89102,YDR166C
Q12030,YDR167W
P06101,YDR168W
Q12427,YDR169C
P11075,YDR170C
Q03964,YDR170W-A
Q12329,YDR171W
P05453,YDR172W
P07250,YDR173C
Q03973,YDR174W
Q03976,YDR175C
P32494,YDR176W
P21734,YDR177W
P37298,YDR178W
Q03981,YDR179C
Q04002,YDR180W
Q04003,YDR181C
Q04004,YDR183W
Q04005,YDR184C
P39079,YDR188W
P22213,YDR189W
Q03940,YDR190C
P49686,YDR192C
P15424,YDR194C
P42073,YDR195W
Q03941,YDR196C
Q03942,YDR198C
Q03944,YDR200C
Q03954,YDR201W
Q03956,YDR202C
Q03455,YDR205W
Q03466,YDR206W
P39001,YDR207C
P32501,YDR211W
P12612,YDR212W
Q12151,YDR213W
Q12449,YDR214W
Q12240,YDR215C
P07248,YDR216W
P14737,YDR217C
Q04921,YDR218C
Q04922,YDR219C
Q04924,YDR221W
P02293,YDR224C
P04911,YDR225W
P07170,YDR226W
P11978,YDR227W
P39081,YDR228C
Q04934,YDR229W
Q04947,YDR233C
Q03776,YDR235W
Q03778,YDR236C
P36519,YDR237W
P41810,YDR238C
Q03780,YDR239C
Q03782,YDR240C
P23394,YDR243C
P35056,YDR244W
P50108,YDR245W
Q03784,YDR246W
Q03785,YDR247W
Q03788,YDR250C
P37304,YDR251W
P40314,YDR252W
Q12041,YDR253C
P38907,YDR254W
Q12508,YDR255C
P15202,YDR256C
Q03935,YDR259C
Q12379,YDR260C
Q99303,YDR261W-A
Q12331,YDR262W
Q12086,YDR263C
P39010,YDR264C
Q05568,YDR265W
Q05580,YDR266C
Q05583,YDR267C
P04803,YDR268W
P87281,YDR269C
P38995,YDR270W
P87282,YDR271C
Q05610,YDR273W
Q05611,YDR275W
P87284,YDR276C
P35198,YDR277C
Q05635,YDR279W
Q05636,YDR280W
Q05637,YDR281C
P15442,YDR283C
Q05521,YDR284C
P31111,YDR285W
Q05530,YDR286C
Q05533,YDR287W
Q05543,YDR289C
P87280,YDR290W
Q05549,YDR291W
P32916,YDR292C
P24276,YDR293C
Q06629,YDR295C
Q06630,YDR296W
P38992,YDR297W
P09457,YDR298C
Q06631,YDR299W
P32264,YDR300C
Q06632,YDR301W
Q06639,YDR303C
P49775,YDR305C
Q06640,YDR306C
Q06644,YDR307W
P47822,YDR308C
Q06648,YDR309C
P46676,YDR310C
P32776,YDR311W
Q12153,YDR312W
Q06651,YDR313C
Q06665,YDR314C
Q06667,YDR315C
Q06668,YDR316W
Q06674,YDR317W
Q06675,YDR318W
Q06676,YDR319C
Q06677,YDR320C
P38986,YDR321W
P81449,YDR322C-A
Q06678,YDR322W
P32609,YDR323C
Q06679,YDR324C
Q06681,YDR326C
P87288,YDR327W
P52286,YDR328C
P28795,YDR329C
P49018,YDR331W
Q06683,YDR332W
Q05468,YDR333C
Q05471,YDR334W
P52918,YDR335W
P21771,YDR337W
Q05498,YDR339C
Q05503,YDR340W
Q05506,YDR341C
P39004,YDR342C
P39003,YDR343C
Q05510,YDR344C
P32466,YDR345C
Q05515,YDR346C
P10662,YDR347W
Q05518,YDR348C
Q06325,YDR349C
P50273,YDR350C
P42223,YDR351W
P29509,YDR353W
P32380,YDR356W
Q06333,YDR357C
Q06337,YDR359C
Q06338,YDR361C
Q06339,YDR362C
O94742,YDR363W-A
P40968,YDR364C
Q06344,YDR365C
P87287,YDR366C
Q06346,YDR367W
Q12458,YDR368W
P33301,YDR369C
Q06349,YDR370C
Q06350,YDR371W
Q06385,YDR372C
Q06389,YDR373W
Q06390,YDR374C
P48360,YDR376W
Q06405,YDR377W
Q06406,YDR378C
Q06407,YDR379W
Q06408,YDR380W
Q12159,YDR381W
P02400,YDR382W
Q12493,YDR383C
Q12359,YDR384C
Q04149,YDR386W
Q04162,YDR387C
P39743,YDR388W
P17121,YDR389W
P52488,YDR390C
P06844,YDR392W
P33298,YDR394W
Q04175,YDR395W
Q92317,YDR397C
Q04177,YDR398W
Q04178,YDR399W
P21623,YDR403W
P34087,YDR404C
P32387,YDR405W
Q04183,YDR407C
P04161,YDR408C
Q04195,YDR409W
P32584,YDR410C
Q04031,YDR412W
P87266,YDR413C
P16151,YDR414C
Q04033,YDR415C
Q04048,YDR416W
Q04049,YDR419W
P32578,YDR422C
P24813,YDR423C
Q02647,YDR424C
Q04053,YDR425W
Q04062,YDR427W
Q04066,YDR428C
Q04067,YDR429C
P32898,YDR430C
Q01560,YDR432W
P87269,YDR433W
Q04081,YDR435C
P33329,YDR436W
Q04083,YDR438W
Q04087,YDR439W
P36973,YDR441C
P38931,YDR443C
Q04093,YDR444W
Q04100,YDR445C
Q04110,YDR446W
Q02336,YDR448W
Q02354,YDR449C
P0CX55,YDR450W
Q04119,YDR452W
Q04120,YDR453C
P87271,YDR455C
Q04121,YDR456W
Q03280,YDR457W
Q03289,YDR459C
Q03290,YDR460W
P34165,YDR461W
P36527,YDR462W
Q00947,YDR463W
P38904,YDR464W
Q03305,YDR465C
Q03306,YDR466W
Q03322,YDR468C
Q03323,YDR469W
Q03337,YDR472W
Q03338,YDR473C
Q03361,YDR475C
P06782,YDR477W
Q03370,YDR479C
Q03373,YDR480W
Q03375,YDR482C
P27809,YDR483W
P39904,YDR484W
Q03388,YDR485C
Q99258,YDR487C
P40960,YDR488C
Q03406,YDR489W
Q03407,YDR490C
Q03419,YDR492W
Q04373,YDR496C
P30605,YDR497C
P28791,YDR498C
Q04377,YDR499W
P51402,YDR500C
P19358,YDR502C
Q04396,YDR503C
Q04398,YDR504C
P50896,YDR505C
Q04399,YDR506C
Q12263,YDR507C
P48813,YDR508C
Q12306,YDR510W
Q04401,YDR511W
Q04406,YDR512C
Q04408,YDR514C
Q12034,YDR515W
Q04409,YDR516C
Q04410,YDR517W
Q04411,YDR520C
P08458,YDR523C
Q04412,YDR524C
P87274,YDR526C
Q04418,YDR527W
Q04429,YDR528W
P00128,YDR529C
P22108,YDR530C
Q04430,YDR531W
Q04431,YDR532C
Q04432,YDR533C
Q04433,YDR534C
P39932,YDR536W
P33751,YDR538W
Q03049,YDR541C
Q03050,YDR542W
P0CX20,YDR545W
P33767,YEL002C
P40005,YEL003W
P40004,YEL004W
P40003,YEL005C
P39953,YEL006W
P40001,YEL008W
P03069,YEL009C
P32775,YEL011W
P28263,YEL012W
P39968,YEL013W
P39998,YEL015W
P39997,YEL016C
P40975,YEL017C-A
P39996,YEL017W
P39995,YEL018W
P38632,YEL019C
P39994,YEL020C
O74700,YEL020W-A
P03962,YEL021W
P39992,YEL023C
P39990,YEL026W
P25515,YEL027W
P39987,YEL030W
P39986,YEL031W
P24279,YEL032W
P23301,YEL034W
P32629,YEL036C
P32628,YEL037C
P32626,YEL038W
P00045,YEL039C
P32622,YEL041W
P32621,YEL042W
P32618,YEL043W
P37303,YEL046C
P32613,YEL048C
P32612,YEL049W
P32610,YEL051W
Q02197,YEL053C
P0CX53,YEL054C
P39985,YEL055C
P39984,YEL056W
P39983,YEL057C
P38628,YEL058W
P39982,YEL059W
P09232,YEL060C
P27895,YEL061C
P39923,YEL062W
P04817,YEL063C
P39981,YEL064C
P39979,YEL066W
P39977,YEL068C
P39924,YEL069C
P0CX08,YEL070W
P39976,YEL071W
P39975,YEL072W
P39973,YEL074W
P39972,YEL075C
Q3E7X8,YEL077C
P40007,YER002W
P40008,YER004W
P40009,YER005W
P40010,YER006W
P89886,YER007C-A
P39937,YER007W
P33332,YER008C
P33331,YER009W
P40011,YER010C
P10863,YER011W
P22141,YER012W
P24384,YER013W
P39518,YER015W
P40013,YER016W
P39925,YER017C
P40014,YER018C
P52871,YER019C-A
P40015,YER019W
P10823,YER020W
P40016,YER021W
P32569,YER022W
P32263,YER023W
P32481,YER025W
P08456,YER026C
Q04739,YER027C
P39943,YER028C
P40018,YER029C
P40019,YER030W
P38555,YER031C
P40020,YER032W
P40021,YER033C
P40024,YER036C
P40025,YER037W
P40026,YER038C
P18494,YER040W
P40028,YER041W
P39954,YER043C
P40030,YER044C
P39970,YER045C
P39955,YER047C
P39101,YER048C
P40032,YER049W
P40034,YER051W
P10869,YER052C
P40035,YER053C
P40036,YER054C
P00498,YER055C
P17064,YER056C
P40037,YER057C
Q02771,YER058W
P40038,YER059W
Q12119,YER060W-A
P39525,YER061C
P40106,YER062C
P40040,YER063W
P40041,YER064C
P28240,YER065C
P87263,YER066C-A
P40042,YER066W
P40043,YER067W
P34909,YER068W
Q01217,YER069W
P21524,YER070W
P40045,YER071C
P40047,YER073W
P40048,YER075C
P40049,YER076C
P40050,YER077C
P40051,YER078C
P40052,YER079W
P40054,YER081W
P40055,YER082C
P40056,YER083C
P40057,YER084W
P00927,YER086W
P52870,YER087C-B
P40059,YER088C
P39966,YER089C
P00899,YER090W
P05694,YER091C
P40060,YER092W
P40061,YER093C
P25451,YER094C
P25454,YER095W
P39000,YER096W
P38620,YER099C
P33296,YER100W
P22202,YER103W
P40063,YER104W
P40064,YER105C
P40065,YER106W
P40066,YER107C
P40068,YER109C
P40069,YER110C
P25302,YER111C
P40070,YER112W
P40071,YER113C
P39969,YER114C
Q01684,YER115C
P40072,YER116C
P0CX42,YER117W
P40073,YER118C
P40074,YER119C
P40075,YER120W
P40076,YER121W
P38682,YER122C
P39962,YER123W
P40077,YER124C
P39940,YER125W
P40078,YER126C
P40079,YER127W
P40080,YER128W
P38990,YER129W
P39939,YER131W
P32634,YER132C
P32598,YER133W
P39958,YER136W
P40083,YER137C
Q03612,YER138C
P40084,YER139C
P40085,YER140W
P22134,YER142C
P40087,YER143W
P39944,YER144C
P40088,YER145C
P40089,YER146W
P40090,YER147C
P13393,YER148W
P40091,YER149C
Q01477,YER151C
P10356,YER152C
P10355,YER153C
P39952,YER154W
P39960,YER155C
P40093,YER156C
P40094,YER157W
P40095,YER158C
P40096,YER159C
P0CX66,YER159C-A
Q03619,YER160C
P06843,YER161C
P14736,YER162C
P32656,YER163C
P32657,YER164W
P04147,YER165W
P32660,YER166W
P33306,YER167W
P21269,YER168C
P39956,YER169W
P26364,YER170W
P06839,YER171W
P32639,YER172C
P32641,YER173W
P32642,YER174C
P32643,YER175C
P29311,YER177W
P16387,YER178W
P25453,YER179W
P32645,YER180C
P40097,YER181C
P39961,YER184C
P40101,YER186C
P40103,YER188W
P25808,YFL002C
P40965,YFL003C
P43585,YFL004W
P07560,YFL005W
P43583,YFL007W
P32908,YFL008W
P07834,YFL009W
P43582,YFL010C
P43581,YFL011W
P43580,YFL012W
P43579,YFL013C
P22943,YFL014W
P35191,YFL016C
P43577,YFL017C
P40204,YFL017W-A
P09624,YFL018C
P43575,YFL020C
P43574,YFL021W
P15625,YFL022C
P43573,YFL023W
P43572,YFL024C
P43571,YFL025C
D6VTK4,YFL026W
P43570,YFL027C
P43568,YFL029C
P43567,YFL030W
P43565,YFL033C
P43563,YFL034C-B
P43564,YFL034W
P13433,YFL036W
P02557,YFL037W
P01123,YFL038C
P60010,YFL039C
P43562,YFL040W
P43561,YFL041W
P43560,YFL042C
P43558,YFL044C
P07283,YFL045C
P43556,YFL047W
P43555,YFL048C
P43554,YFL049W
P43553,YFL050C
P43552,YFL051C
P43551,YFL052W
P43549,YFL054C
P43548,YFL055W
P43547,YFL056C
P43545,YFL059W
P43544,YFL060C
P0CH63,YFL061W
P43542,YFL062W
P43541,YFL063W
P43539,YFL065C
P43538,YFL066C
P43537,YFL067W
P43586,YFR001W
P34077,YFR002W
P43587,YFR003C
P43588,YFR004W
P43590,YFR006W
P43592,YFR008W
P43535,YFR009W
P43593,YFR010W
P43594,YFR011C
P43596,YFR013W
P27466,YFR014C
P23337,YFR015C
P43597,YFR016C
P43598,YFR017C
P43599,YFR018C
P34756,YFR019W
P43601,YFR021W
P43602,YFR022W
P43603,YFR024C-A
P43604,YFR026C
P43605,YFR027W
Q00684,YFR028C
P43606,YFR029W
P39692,YFR030W
P38989,YFR031C
P00127,YFR033C
P07270,YFR034C
P14724,YFR036W
P43609,YFR037C
P43611,YFR039C
P43612,YFR040W
P43614,YFR042W
P43615,YFR043C
P43616,YFR044C
P43617,YFR045W
P43619,YFR047C
P19955,YFR049W
P30657,YFR050C
P43621,YFR051C
P32496,YFR052W
P04806,YFR053C
P53199,YGL001C
P53197,YGL003C
P53196,YGL004C
P53195,YGL005C
P38929,YGL006W
P05030,YGL008C
P07264,YGL009C
P25338,YGL010W
P21243,YGL011C
P25340,YGL012W
P25339,YGL014W
P33199,YGL015C
P32767,YGL016W
P16639,YGL017W
P53193,YGL018C
P43639,YGL019W
P43633,YGL021W
P39007,YGL022W
P53191,YGL023C
P53190,YGL024W
P40356,YGL025C
P00931,YGL026C
P53008,YGL027C
P53189,YGL028C
P53188,YGL029W
P14120,YGL030W
P32781,YGL032C
P27705,YGL035C
P53185,YGL036W
P53184,YGL037C
P31755,YGL038C
P05373,YGL040C
P53181,YGL042C
P07273,YGL043W
P25299,YGL044C
P53179,YGL045W
P53178,YGL047W
Q01939,YGL048C
P39936,YGL049C
P53177,YGL050W
P53176,YGL051W
P53174,YGL053W
P53173,YGL054C
P21147,YGL055W
P53171,YGL057C
P06104,YGL058W
P53170,YGL059W
P53169,YGL060W
P53168,YGL061C
P11154,YGL062W
P53166,YGL064C
P53165,YGL066W
P53163,YGL068W
P53162,YGL069C
P27999,YGL070C
P22149,YGL071W
P53161,YGL072C
P10961,YGL073W
P53159,YGL075C
P19807,YGL077C
P53158,YGL079W
P53156,YGL081W
P53009,YGL083W
P53154,YGL084C
P53153,YGL085W
P40957,YGL086W
P53152,YGL087C
P53150,YGL090W
P52920,YGL091C
P49687,YGL092W
P53148,YGL093W
P53010,YGL094C
P38932,YGL095C
P53147,YGL096W
P21827,YGL097W
P53146,YGL098W
P53145,YGL099W
P53011,YGL100W
P53143,YGL102C
P53142,YGL104C
P46672,YGL105W
P53141,YGL106W
P53136,YGL111W
P53040,YGL112C
P53135,YGL113W
P53134,YGL114W
P12904,YGL115W
P26309,YGL116W
P53133,YGL117W
P27697,YGL119W
P53131,YGL120C
P53130,YGL121C
P32505,YGL122C
P53129,YGL124C
P53012,YGL126W
P38633,YGL127C
P52868,YGL128C
Q01163,YGL129C
Q01159,YGL130W
P53127,YGL131C
P53126,YGL132W
P53125,YGL133W
P53124,YGL134W
P41811,YGL137W
P53122,YGL138C
P53121,YGL139W
P53119,YGL141W
P30777,YGL142C
P53118,YGL144C
P33891,YGL145W
P53117,YGL146C
P05738,YGL147C
P28777,YGL148W
P53116,YGL149W
P53115,YGL150C
P53114,YGL151W
P53112,YGL153W
P50113,YGL154C
P18898,YGL155W
P22855,YGL156W
P53111,YGL157W
P38622,YGL158W
P53108,YGL161C
P32863,YGL163C
P53106,YGL165C
P15315,YGL166W
P45820,YGL168W
P32579,YGL169W
P45819,YGL170C
P45818,YGL171W
Q02199,YGL172W
P22147,YGL173C
P46947,YGL174W
P46946,YGL175C
P53105,YGL177W
P39016,YGL178W
P43637,YGL179C
P53104,YGL180W
P40956,YGL181W
P53102,YGL183C
P53101,YGL184C
P53100,YGL185C
P04037,YGL187C
P39938,YGL189C
Q00362,YGL190C
P41833,YGL192W
P53096,YGL194C
P33892,YGL195W
P53094,YGL197W
P53093,YGL198W
P32803,YGL200C
P53091,YGL201C
P53090,YGL202W
P53089,YGL204C
P13711,YGL205W
P22137,YGL206C
P32558,YGL207W
P34164,YGL208W
P51996,YGL210W
P32912,YGL212W
Q02793,YGL213C
P53087,YGL214W
P35190,YGL215W
P53086,YGL216W
P53085,YGL217C
P53082,YGL220W
P53081,YGL221C
P53080,YGL222C
P53079,YGL223C
P40107,YGL225W
Q92316,YGL226C-A
P53077,YGL226W
P53076,YGL227W
P53036,YGL229C
P53074,YGL230C
P22224,YGL233W
P07244,YGL234W
P53070,YGL236C
P06774,YGL237C
P33307,YGL238W
P53068,YGL240W
P53067,YGL241W
P53066,YGL242C
P53064,YGL244W
P46655,YGL245W
P53063,YGL246C
P53062,YGL247W
P53061,YGL249W
P53060,YGL250W
P51979,YGL251C
P32608,YGL252C
P04807,YGL253W
P32805,YGL254W
P10127,YGL256W
P53058,YGL258W
P53057,YGL259W
P53053,YGL263W
P53201,YGR002C
P53202,YGR003W
P53203,YGR004W
P41896,YGR005C
P40357,YGR009C
P53204,YGR010W
P53207,YGR013W
P32334,YGR014W
P53209,YGR016W
P53210,YGR017W
P53211,YGR018C
P39111,YGR020C
P53212,YGR021W
P53214,YGR023W
P53215,YGR024C
P53217,YGR026W
P28737,YGR028W
P27882,YGR029W
P53219,YGR031W
P40989,YGR032W
P53220,YGR033C
P53221,YGR034W
P53222,YGR035C
P31787,YGR037C
P53224,YGR038W
P14681,YGR040W
P53226,YGR041W
P53227,YGR042W
P53229,YGR045C
P53230,YGR046W
P33339,YGR047C
P53044,YGR048W
P32564,YGR049W
P53233,YGR052W
P53234,YGR053C
P53235,YGR054W
P50276,YGR055W
P53236,YGR056W
P53237,YGR057C
P53238,YGR058W
P41901,YGR059W
P53045,YGR060W
P38972,YGR061C
P32914,YGR063C
P53240,YGR064W
P53241,YGR065C
P53242,YGR066C
P53243,YGR067C
P53244,YGR068C
P53046,YGR070W
P53246,YGR071C
P48412,YGR072W
P53247,YGR073C
Q02260,YGR074W
Q00723,YGR075C
P23369,YGR076C
P48363,YGR078C
P53249,YGR079W
P53250,YGR080W
P53251,YGR081C
P35180,YGR082W
P12754,YGR083C
P12686,YGR084C
Q3E757,YGR085C
P53252,YGR086C
P26263,YGR087C
P06115,YGR088W
P53253,YGR089W
P53254,YGR090W
P49704,YGR091W
P22204,YGR092W
P07806,YGR094W
P53256,YGR095C
P48361,YGR097W
Q03018,YGR098C
P53038,YGR099W
P53258,YGR100W
P53259,YGR101W
P53260,YGR102C
P53261,YGR103W
P32585,YGR104C
P24868,YGR108W
P32943,YGR109C
P53264,YGR110W
P53265,YGR111W
P53267,YGR113W
P53268,YGR114C
P53269,YGR115C
P23615,YGR116W
P53270,YGR117C
P48837,YGR119C
P53271,YGR120C
P40260,YGR121C
P53272,YGR122W
P53043,YGR123C
P49090,YGR124W
P53274,YGR126W
P53277,YGR129W
P53278,YGR130C
P53279,YGR131W
P29340,YGR133W
P53280,YGR134W
P23638,YGR135W
P53281,YGR136W
P53284,YGR139W
P32504,YGR140W
P53285,YGR141W
P53286,YGR142W
P32318,YGR144W
P48234,YGR145W
P48235,YGR146C
P24000,YGR148C
P48236,YGR149W
P53287,YGR151C
P13856,YGR152C
P48238,YGR153W
P48239,YGR154C
P32582,YGR155W
P39927,YGR156W
P48240,YGR158C
P27476,YGR159C
P53288,YGR160W
P53289,YGR161C
Q12316,YGR161C-D
P39935,YGR162W
P53290,YGR163W
P53292,YGR165W
P32893,YGR166W
P17891,YGR167W
P53293,YGR168C
P53037,YGR170W
P53039,YGR172C
P53295,YGR173W
P37267,YGR174C
P32476,YGR175C
P53297,YGR178C
P53298,YGR179C
P49723,YGR180C
P53299,YGR181W
P53300,YGR182C
P19812,YGR184C
P36421,YGR185C
P41895,YGR186W
P48362,YGR187C
P41695,YGR188C
P53301,YGR189C
P06775,YGR191W
P00359,YGR192C
P16451,YGR193C
P42826,YGR194C
P46948,YGR195W
P46949,YGR196C
P46950,YGR197C
P46951,YGR198W
P42934,YGR199W
P42935,YGR200C
P13259,YGR202C
P42937,YGR203W
P07245,YGR204W
P42938,YGR205W
P42940,YGR207C
P42941,YGR208W
P22803,YGR209C
P42942,YGR210C
P53303,YGR211W
P53047,YGR213C
P32905,YGR214W
P53305,YGR215W
P50077,YGR217W
P30822,YGR218W
P31334,YGR220C
P10834,YGR222W
P50079,YGR223C
P50080,YGR224W
P50082,YGR225W
P50076,YGR227W
P53308,YGR228W
P32566,YGR229C
P50086,YGR232W
P17442,YGR233C
P39676,YGR234W
P50088,YGR236C
P50089,YGR237C
P50090,YGR238C
P50091,YGR239C
P16861,YGR240C
P53309,YGR241C
P53310,YGR242W
P53311,YGR243W
P53312,YGR244C
P53313,YGR245C
P29056,YGR246C
P53314,YGR247W
P53050,YGR249W
P53316,YGR250C
Q03330,YGR252W
P32379,YGR253C
P00924,YGR254W
P53318,YGR255C
P53319,YGR256W
P07276,YGR258C
P53322,YGR260W
P46682,YGR261C
P53323,YGR262C
P53324,YGR263C
P00958,YGR264C
P53326,YGR266W
P51601,YGR267C
P40325,YGR268C
P40326,YGR269W
P40340,YGR270W
P53327,YGR271W
P46677,YGR274C
P53330,YGR275W
P53331,YGR276C
P53332,YGR277C
P53333,YGR278W
P53334,YGR279C
P53335,YGR280C
P53049,YGR281W
P15703,YGR282C
P53336,YGR283C
P53337,YGR284C
P32527,YGR285C
P53048,YGR289C
P53339,YGR290W
P53340,YGR291C
P53341,YGR292W
P53343,YGR294W
P53344,YGR295C
P0CX14,YGR296W
P38753,YHL002W
P38703,YHL003C
P32902,YHL004W
P38751,YHL006C
Q03497,YHL007C
P38749,YHL009C
P38748,YHL010C
P38689,YHL011C
P38701,YHL015W
P38745,YHL017W
P38744,YHL018W
P38700,YHL019C
P21957,YHL020C
P23180,YHL021C
P23179,YHL022C
P38742,YHL023C
P38741,YHL024W
P18888,YHL025W
P38740,YHL026C
P33400,YHL027W
P38737,YHL030W
P38736,YHL031C
P32190,YHL032C
P17076,YHL033C
P10080,YHL034C
P38735,YHL035C
P38734,YHL036W
P38732,YHL039W
P38729,YHL042W
P38728,YHL043W
P38727,YHL044W
P38726,YHL045W
P38725,YHL046C
P38724,YHL047C
P38723,YHL048W
P38722,YHL049C
P38755,YHR001W
P38756,YHR003C
P08539,YHR005C
P87108,YHR005C-A
P10614,YHR007C
P00447,YHR008C
P38758,YHR009C
P38705,YHR011W
P38759,YHR012W
P07347,YHR013C
P23624,YHR014W
P38760,YHR015W
P32793,YHR016C
P04076,YHR018C
P38707,YHR019C
P38708,YHR020W
P38763,YHR022C
P08964,YHR023W
P11914,YHR024C
P17423,YHR025W
P23968,YHR026W
P38764,YHR027C
Q00772,YHR030C
P38690,YHR033W
P38768,YHR034C
P38769,YHR035W
P38771,YHR038W
P38694,YHR039C
P48836,YHR039C-A
P38772,YHR040W
P34162,YHR041C
P16603,YHR042W
P38773,YHR043C
P38774,YHR044C
P38775,YHR045W
P38710,YHR046C
P37898,YHR047C
P38776,YHR048W
P38777,YHR049W
P38778,YHR050W
P00427,YHR051W
P38779,YHR052W
P0CX80,YHR053C
P38781,YHR056C
P23285,YHR057C
P38782,YHR058C
P38783,YHR059W
P38784,YHR060W
P38785,YHR061C
P38786,YHR062C
P38787,YHR063C
P38788,YHR064C
P38712,YHR065C
P38789,YHR066W
P38790,YHR067W
P38791,YHR068W
P38792,YHR069C
P38793,YHR070W
P38794,YHR071W
P38604,YHR072W
Q6Q547,YHR072W-A
P38713,YHR073W
P38795,YHR074W
P38796,YHR075C
P38797,YHR076W
P38798,YHR077C
P38799,YHR078W
P32361,YHR079C
P89114,YHR079C-A
P38801,YHR081W
P38691,YHR082C
P14693,YHR083W
P13574,YHR084W
P38803,YHR085W
Q00539,YHR086W
P38804,YHR087W
P38805,YHR088W
P28007,YHR089C
P38806,YHR090C
P38714,YHR091C
P32467,YHR092C
P32465,YHR094C
P38695,YHR096C
P38809,YHR097C
P38810,YHR098C
P38811,YHR099W
P38692,YHR102W
P38814,YHR103W
P38815,YHR105W
P38816,YHR106W
P32468,YHR107C
P38817,YHR108W
P38818,YHR109W
P38819,YHR110W
P38820,YHR111W
P38716,YHR112C
P38821,YHR113W
P38822,YHR114W
P38823,YHR115C
P38825,YHR117W
P38826,YHR118C
P38827,YHR119W
P25846,YHR120W
P38828,YHR121W
P38829,YHR122W
P22140,YHR123W
P38830,YHR124W
P38833,YHR127W
P18562,YHR128W
P38696,YHR129C
P38834,YHR130C
P38836,YHR132C
P38837,YHR133C
P23291,YHR135C
P38839,YHR136C
P38840,YHR137W
P38841,YHR138C
P38842,YHR140W
P38843,YHR142W
P40422,YHR143W-A
P06773,YHR144C
O13537,YHR145C
P32904,YHR147C
P32899,YHR148W
P32900,YHR149C
P38849,YHR151C
P17123,YHR152W
P38850,YHR154W
P38852,YHR156C
P33323,YHR157W
P38853,YHR158C
P38854,YHR159W
P38855,YHR160C
P38856,YHR161C
P38859,YHR164C
P33334,YHR165C
P16522,YHR166C
O13539,YHR167W
P38860,YHR168W
P38719,YHR169W
P38861,YHR170W
P38862,YHR171W
P38863,YHR172W
P00925,YHR174W
P38865,YHR175W
P38867,YHR177W
P38699,YHR178W
Q03558,YHR179W
P38868,YHR180W
P38870,YHR182W
P38720,YHR183W
P38871,YHR184W
P38872,YHR185C
P38873,YHR186C
P38874,YHR187W
P38875,YHR188C
P29704,YHR190W
P38877,YHR191C
P38879,YHR193C
P38880,YHR194W
P38881,YHR195W
P38882,YHR196W
P38883,YHR197W
P38884,YHR198C
P38885,YHR199C
P38886,YHR200W
P38698,YHR201C
P0CX36,YHR203C
P38888,YHR204W
P11792,YHR205W
P38889,YHR206W
P38890,YHR207C
P38891,YHR208W
P38892,YHR209W
P38894,YHR211W
P0CX91,YHR212W-A
O13535,YHR214C-B
O13534,YHR214W-A
P38693,YHR215W
P38697,YHR216W
P40560,YIL001W
P40559,YIL002C
P22804,YIL004C
P40557,YIL005W
P40555,YIL007C
P40554,YIL008W
Q03096,YIL009C-A
P39002,YIL009W
P40553,YIL010W
P40552,YIL011W
P40550,YIL013C
P40549,YIL014W
P40548,YIL016W
P0CX46,YIL018W
P40546,YIL019W
P40545,YIL020C
P16370,YIL021W
Q01852,YIL022W
P40544,YIL023C
P40543,YIL024C
P40542,YIL025C
P40541,YIL026C
P40318,YIL030C
P40536,YIL032C
P07278,YIL033C
P13517,YIL034C
P15790,YIL035C
P40534,YIL037C
P06102,YIL038C
P40533,YIL039W
P40532,YIL040W
P40530,YIL042C
P40187,YIL045W
P39014,YIL046W
P40528,YIL047C
P40527,YIL048W
P40526,YIL049W
P40186,YIL050W
P40185,YIL051C
P41277,YIL053W
P40524,YIL054W
P40523,YIL055C
P40520,YIL059C
P40519,YIL060W
Q00916,YIL061C
P40518,YIL062C
P40517,YIL063C
P40515,YIL065C
P21672,YIL066C
P32844,YIL068C
P40513,YIL070C
P40512,YIL071C
P20050,YIL072W
P40510,YIL074C
P32565,YIL075C
P40509,YIL076W
P40508,YIL077C
P04801,YIL078W
P40507,YIL079C
Q7LHG5,YIL082W-A
P40505,YIL084C
P40504,YIL085C
P40503,YIL086C
P40497,YIL092W
P40496,YIL093C
P40495,YIL094C
P40494,YIL095W
P40493,YIL096C
P40492,YIL097W
P40491,YIL098C
P40487,YIL103W
P40486,YIL104C
P40485,YIL105C
P40484,YIL106W
P40483,YIL108W
P40482,YIL109C
P40481,YIL110W
P00425,YIL111W
P40480,YIL112W
P40479,YIL113W
P40478,YIL114C
P40477,YIL115C
P40476,YIL117C
Q00245,YIL118W
P23250,YIL119C
P40475,YIL120W
P40473,YIL122W
P40471,YIL124W
P20967,YIL125W
P32597,YIL126W
P40469,YIL128W
P40468,YIL129C
P40467,YIL130W
P40466,YIL131C
P40465,YIL132C
P40462,YIL137C
P38927,YIL139C
P38928,YIL140W
P39076,YIL142W
Q00578,YIL143C
P40460,YIL144W
P40459,YIL145C
P39928,YIL147C
P0CH08,YIL148W
P40457,YIL149C
P32354,YIL150C
P40456,YIL151C
P40455,YIL152W
P40454,YIL153W
P32351,YIL154C
P40453,YIL156W
P40452,YIL157C
P40451,YIL158W
P40450,YIL159W
P00724,YIL162W
P40448,YIL163C
P40445,YIL166C
P40442,YIL169C
P40438,YIL173W
P40561,YIR001C
P40562,YIR002C
P40563,YIR003W
P40565,YIR005W
P32521,YIR006C
P10363,YIR008C
P40567,YIR009W
P40568,YIR010W
P38637,YIR011C
P35184,YIR012W
P40569,YIR013C
P40570,YIR014W
P40572,YIR016W
P40573,YIR017C
P15367,YIR022W
P21657,YIR023W
P40576,YIR024C
P40577,YIR025W
Q02256,YIR026C
P32375,YIR027C
Q04895,YIR028W
P40578,YIR033W
P38998,YIR034C
P40579,YIR035C
P40580,YIR036C
P40581,YIR037W
P40582,YIR038C
P40584,YIR040C
P40586,YIR042C
P38624,YJL001W
P41543,YJL002C
P41544,YJL004C
P08678,YJL005W
P46962,YJL006C
P47079,YJL008C
P47077,YJL010C
P47076,YJL011C
P47075,YJL012C
P47074,YJL013C
P39077,YJL014W
P47073,YJL015C
P47069,YJL019W
P47068,YJL020C
P47065,YJL023C
P47064,YJL024C
P40992,YJL025W
P09938,YJL026W
P47061,YJL029C
P40958,YJL030W
Q00618,YJL031C
P20448,YJL033W
P16474,YJL034W
P47058,YJL035C
P47057,YJL036W
P47054,YJL039C
P14907,YJL041W
P32806,YJL044C
P47052,YJL045W
P47050,YJL047C
P47049,YJL048C
P47047,YJL050W
P00360,YJL052W
P40335,YJL053W
P47045,YJL054W
P47044,YJL055W
P47043,YJL056C
P47042,YJL057C
P47041,YJL058C
P47040,YJL059W
P47039,YJL060W
P40368,YJL061W
P40367,YJL062W
P47038,YJL064W
P40366,YJL065C
P40364,YJL066C
P40365,YJL067W
P40363,YJL068C
P40362,YJL069C
P40359,YJL072C
P47037,YJL074C
P47036,YJL075C
P47035,YJL076W
P47033,YJL078C
P47032,YJL079C
P06105,YJL080C
P80428,YJL081C
P47031,YJL082W
P47030,YJL083W
P47029,YJL084C
P19658,YJL085W
P09880,YJL087C
P05150,YJL088W
P46954,YJL089W
P47027,YJL090C
P47026,YJL091C
P12954,YJL092W
P40310,YJL093C
P40309,YJL094C
Q01389,YJL095W
P40858,YJL096W
P40856,YJL098W
P40955,YJL099W
P42951,YJL100W
P39677,YJL102W
P32581,YJL106W
P42947,YJL107C
P42946,YJL108C
P42945,YJL109C
P42944,YJL110C
P42943,YJL111W
P47025,YJL112W
P32447,YJL115W
P46956,YJL117W
P47019,YJL122W
P47018,YJL123C
P47017,YJL124C
P08018,YJL128C
P07259,YJL130C
P47011,YJL137C
P10081,YKR059W; YJL138C
P20433,YJL140W
P14680,YJL141C
P39515,YJL143W
P14359,YJL151C
P47003,YJL152W
P11986,YJL153C
P34110,YJL154C
P21268,YJL157C
P47001,YJL158C
P32478,YJL159W
P46997,YJL162C
P46996,YJL163C
P06244,YJL164C
P38970,YJL165C
P08525,YJL166W
P08524,YJL167W
P46995,YJL168C
P27614,YJL172W
P26755,YJL173C
P39005,YJL174W
P32591,YJL176C
P46988,YJL179W
P22135,YJL180C
P46987,YJL181W
P46985,YJL183W
P46984,YJL184W
P46983,YJL185C
P32944,YJL187C
P04650,YJL189W
P39516,YJL191W
P39543,YJL192C
P09119,YJL194W
P39540,YJL196C
P39535,YJL198W
P39534,YJL199C
P39533,YJL200C
P32524,YJL203W
P08466,YJL208C
P32800,YJL210W
P40886,YJL214W
P40895,YJL215C
P40892,YJL218W
P40885,YJL219W
P40890,YJL222W
P0CL26,YJL222W-A
P40889,YJL225C
P47082,YJR001W
P47083,YJR002W
P47084,YJR003C
P27351,YJR005W
P46957,YJR006W
P20459,YJR007W
P00358,YJR009C
P46965,YJR010C-A
P08536,YJR010W
P47086,YJR011C
P47089,YJR014W
P47090,YJR015W
P39522,YJR016C
P22696,YJR017C
P41903,YJR019C
P47092,YJR020W
P21651,YJR021C
P47093,YJR022W
P47094,YJR023C
P47095,YJR024C
P47096,YJR025C
P47098,YJR027W
P47099,YJR028W
P47100,YJR029W
P47101,YJR030C
P47102,YJR031C
P47103,YJR032W
P47104,YJR033C
Q02772,YJR034W
P40352,YJR035W
P47105,YJR037W
P47106,YJR038C
P37020,YJR040W
P46673,YJR042W
P47110,YJR043C
P0CS90,YJR045C
P00044,YJR048W
P21373,YJR049C
P21374,YJR050W
P06779,YJR052W
P47113,YJR053W
P46973,YJR055W
P47115,YJR056C
P00572,YJR057W
Q00381,YJR058C
P47116,YJR059W
P17106,YJR060W
P40355,YJR061W
P40354,YJR062C
P32529,YJR063W
P40413,YJR064W
P47117,YJR065C
P35169,YJR066W
P47118,YJR067C
P40348,YJR068W
P47120,YJR070C
P47122,YJR072C
P47123,YJR074W
P47124,YJR075W
P32458,YJR076C
P23641,YJR077C
P47126,YJR079W
P47127,YJR080C
P47128,YJR082C
P47129,YJR083C
P47130,YJR084W
P18852,YJR086W
P47132,YJR087W
P47134,YJR089W
P24814,YJR090C
P47135,YJR091C
P47136,YJR092W
P45976,YJR093C
P21190,YJR094C
P47138,YJR097W
P47139,YJR098C
P35127,YJR099W
P47140,YJR100C
P47142,YJR102C
P38627,YJR103W
P00445,YJR104C
P47143,YJR105W
P03965,YJR109C
P47147,YJR110W
P47149,YJR112W
P47150,YJR113C
P47153,YJR116W
P47154,YJR117W
P47156,YJR119C
P47157,YJR120W
P00830,YJR121W
P47160,YJR125C
P46974,YJR127C
P32906,YJR131W
P46970,YJR132W
P47165,YJR133W
P47166,YJR134C
P47167,YJR135C
P57744,YJR135W-A
P47168,YJR136C
P47170,YJR138W
P31116,YJR139C
P47171,YJR140C
P47172,YJR141W
P32787,YJR144W
P47174,YJR146W
P15365,YJR152W
P47181,YJR154W
P47184,YJR157W
P35497,YJR159W
P47188,YJR162C
Q02196,YKL001C
P36108,YKL002W
P36107,YKL004W
P43682,YKL006C-A
P28495,YKL007W
P28496,YKL008C
P33201,YKL009W
P33202,YKL010C
Q03702,YKL011C
P33203,YKL012W
P33204,YKL013C
P34241,YKL014C
P30902,YKL016C
P34243,YKL017C
P36104,YKL018W
P29703,YKL019W
P35210,YKL020C
P20484,YKL021C
P09798,YKL022C
P36103,YKL023W
P15700,YKL024C
P36102,YKL025C
P36100,YKL028W
P36013,YKL029C
P32861,YKL035W
P32859,YKL036C
P32862,YKL038W
P36094,YKL042W
P36092,YKL044W
P20457,YKL045W
P36090,YKL047W
P32801,YKL048C
P36012,YKL049C
P35736,YKL050C
P35734,YKL052C
P35732,YKL054C
P35691,YKL056C
P35729,YKL057C
P32774,YKL058W
P35728,YKL059C
P14540,YKL060C
P35727,YKL061W
P33749,YKL062W
P35724,YKL064W
P35723,YKL065C
P36010,YKL067W
Q02629,YKL068W
P36088,YKL069W
P36085,YKL072W
P36016,YKL073W
P36084,YKL074C
P36083,YKL075C
P36009,YKL078W
P32364,YKL079W
P31412,YKL080W
P36008,YKL081W
P36080,YKL082C
P17505,YKL085W
P36077,YKL086W
Q00873,YKL087C
P36076,YKL088W
P36075,YKL090W
P33314,YKL092C
P23493,YKL093W
P28320,YKL095W
P34246,YKL098W
P34244,YKL101W
P14904,YKL103C
P14742,YKL104C
Q01802,YKL106W
P34251,YKL107W
P34252,YKL108W
P14064,YKL109W
P34253,YKL110C
P14164,YKL112W
P26793,YKL113C
P22936,YKL114C
P28708,YKL116C
P28707,YKL117W
P32341,YKL119C
P32332,YKL120W
P32342,YKL122C
P36070,YKL125W
P12688,YKL126W
P33401,YKL127W
P36006,YKL129C
P36068,YKL130C
P36066,YKL133C
P35999,YKL134C
P36000,YKL135C
P36064,YKL137W
Q03957,YKL139W
P34163,YKL140W
P35719,YKL142W
P34078,YKL143W
P35718,YKL144C
P33299,YKL145W
P36062,YKL146W
P36061,YKL147C
P36060,YKL150W
P00950,YKL152C
P36058,YKL153W
P36057,YKL154W
P32454,YKL157W
P36054,YKL159C
P36005,YKL161C
Q03180,YKL163W
Q03178,YKL164C
P36051,YKL165C
P05986,YKL166C
P36004,YKL168C
P36003,YKL171W
P36049,YKL172W
P36048,YKL173W
P36029,YKL174C
P34240,YKL175W
P34239,YKL176C
P06783,YKL178C
P34237,YKL179C
P05740,YKL180W
P32895,YKL181W
P07149,YKL182W
P34234,YKL183W
P34232,YKL186C
P32464,YKL189W
P25296,YKL190W
P32463,YKL192C
P36047,YKL193C
P07236,YKL194C
P36015,YKL196C
P24004,YKL197C
P36002,YKL198C
P36044,YKL201C
P32600,YKL203C
P36041,YKL204W
P33418,YKL205W
P36040,YKL206C
P36038,YKL208W
P12866,YKL209C
P22515,YKL210W
P00937,YKL211C
P32368,YKL212W
P36037,YKL213C
P36036,YKL214C
P28273,YKL215C
P28272,YKL216W
P36007,YKL218C
P36034,YKL219W
P36032,YKL221W
P35994,YKL224C
P21576,YKR001C
P29468,YKR002W
Q02203,YKR005C
Q02205,YKR007W
Q02208,YKR010C
P36018,YKR014C
P36112,YKR016W
P36113,YKR017C
P36116,YKR020W
P36117,YKR021W
P36118,YKR022C
P36120,YKR024C
P36121,YKR025W
P14741,YKR026C
P36122,YKR027W
P36123,YKR028W
P36124,YKR029C
P36125,YKR030W
P36126,YKR031C
P26343,YKR034W
P36130,YKR036C
P36131,YKR037C
P36132,YKR038C
P25293,YKR048C
P28584,YKR050W
P36142,YKR051W
P23500,YKR052C
P36022,YKR054C
Q00246,YKR055W
P33550,YKR061W
P36145,YKR062W
P36146,YKR063C
P36023,YKR064W
P36147,YKR065C
P00431,YKR066C
P36149,YKR068C
P36150,YKR069W
P36151,YKR070W
P36152,YKR071C
P36024,YKR072C
P36154,YKR074W
P36157,YKR077W
Q02046,YKR080W
P36160,YKR081C
P36161,YKR082W
P36162,YKR083C
P32769,YKR084C
P15938,YKR086W
P36164,YKR088C
P36166,YKR090W
P36167,YKR091W
P32583,YKR092C
P32901,YKR093W
Q02455,YKR095W
Q3E833,YKR095W-A
P36168,YKR096W
P22035,YKR099W
P36169,YKR100C
P21691,YKR101W
P54861,YLL001W
Q07794,YLL002W
Q12369,YLL003W
P54790,YLL004W
Q07798,YLL005C
P41800,YLL006W
P32892,YLL008W
Q07800,YLL010C
P33750,YLL011W
Q07804,YLL012W
Q07807,YLL013C
P14772,YLL015W
P04802,YLL018C
P32350,YLL019C
Q07811,YLL020C
P23201,YLL021W
Q12373,YLL022C
Q12164,YLL023C
P10592,YLL024C
P31539,YLL026W
Q07821,YLL027W
Q07824,YLL028W
Q07829,YLL030C
Q07834,YLL032C
Q07843,YLL033W
Q07844,YLL034C
P32523,YLL036C
Q07872,YLL038C
Q07878,YLL040C
P23900,YLL043W
Q07881,YLL047W
P32386,YLL048C
Q07887,YLL049W
Q03048,YLL050C
Q12336,YLL059C
Q12372,YLL061W
Q12525,YLL062C
P0CY01,YLL067W-A
Q07895,YLR001C
Q07896,YLR002C
Q07897,YLR003C
Q07904,YLR004C
Q04673,YLR005W
Q07084,YLR006C
Q07913,YLR007W
Q07914,YLR008C
Q07915,YLR009W
Q07923,YLR011W
P07272,YLR014C
P43132,YLR015W
Q07930,YLR016C
Q12445,YLR018C
Q07949,YLR019W
Q07951,YLR021W
Q07963,YLR024C
P39929,YLR025W
Q01590,YLR026C
P23542,YLR027C
P54113,YLR028C
Q07967,YLR030W
Q07978,YLR031W
Q12078,YLR034C
Q07980,YLR035C
Q07987,YLR037C
Q01519,YLR038C
P40395,YLR039C
Q07990,YLR042C
P06169,YLR044C
P46675,YLR045C
Q12110,YLR049C
Q12155,YLR050C
Q12035,YLR051C
Q12345,YLR052W
Q12026,YLR053C
Q12202,YLR054C
P38915,YLR055C
P32353,YLR056W
Q12205,YLR057W
P37291,YLR058C
P54964,YLR059C
Q12144,YLR064W
Q12133,YLR066W
P32522,YLR067C
Q07993,YLR070C
P19263,YLR071C
Q08001,YLR072W
Q08003,YLR073C
Q08004,YLR074C
Q08018,YLR076C
Q08023,YLR077W
P25385,YLR078C
P38634,YLR079W
Q12396,YLR080W
P13181,YLR081W
Q12020,YLR082C
P32802,YLR083C
Q12267,YLR086W
Q12150,YLR087C
P39102,YLR090W
Q12255,YLR093C
Q12418,YLR094C
P13186,YLR096W
Q12347,YLR097C
P43634,YLR098C
Q12107,YLR102C
Q08032,YLR103C
Q08045,YLR104W
P16658,YLR105C
Q12019,YLR106C
Q12259,YLR108C
P38013,YLR109W
Q12127,YLR110C
P32485,YLR113W
Q12102,YLR115W
Q12186,YLR116W
Q12309,YLR117C
Q99176,YLR119W
Q12303,YLR121C
Q12327,YLR124W
Q12138,YLR125W
Q12440,YLR127C
Q12395,YLR128W
Q12220,YLR129W
P21192,YLR131C
P20485,YLR133W
P16467,YLR134W
Q12098,YLR135W
P47977,YLR136C
Q02983,YLR141W
Q12429,YLR143W
Q12168,YLR144C
Q12455,YLR146C
P43321,YLR147C
P27801,YLR148W
P39015,YLR150W
Q12524,YLR151C
P52910,YLR153C
Q12338,YLR154C
P0CX78,YLR158C
P10507,YLR163C
Q06245,YLR166C
P35200,YLR168C
P35181,YLR170C
O13562,YLR171W
P32469,YLR172C
P41939,YLR174W
P33322,YLR175W
P48743,YLR176C
Q06251,YLR177W
P10659,YLR180W
Q06263,YLR181C
P09959,YLR182W
Q06287,YLR186W
Q06324,YLR190W
P80667,YLR191W
Q05775,YLR192C
P21304,YLR196W
Q12460,YLR197W
O13530,YLR198C
Q05778,YLR199C
P52553,YLR200W
Q05779,YLR201C
O13531,YLR202C
P32335,YLR203C
P32344,YLR204W
Q05787,YLR207W
Q04491,YLR208W
Q05788,YLR209C
Q05789,YLR211C
P53378,YLR212C
P32791,YLR214W
Q05791,YLR215C
P53691,YLR216C
Q05812,YLR219W
P47818,YLR220W
Q05942,YLR221C
Q05946,YLR222C
P39520,YLR223C
Q05947,YLR224W
Q05948,YLR225C
Q05949,YLR226W
Q05955,YLR227C
P19073,YLR229C
P17214,YLR233C
P13099,YLR234W
Q06001,YLR238W
Q06005,YLR239C
P22543,YLR240W
Q06538,YLR241W
Q06549,YLR245C
Q06551,YLR246W
Q06554,YLR247C
P38623,YLR248W
P16521,YLR249W
Q06563,YLR251W
O13573,YLR252W
Q06568,YLR254C
P27472,YLR258W
P19882,YLR259C
O13549,YLR261C
Q99260,YLR262C
P0C0X0,YLR264W
Q06148,YLR265C
Q06149,YLR266C
Q06150,YLR267W
P22214,YLR268W
Q06152,YLR271W
Q06216,YLR273C
P29496,YLR274W
Q06217,YLR275W
Q06218,YLR276C
Q06224,YLR277C
Q05863,YLR281C
Q05871,YLR284C
Q05881,YLR287C
Q02574,YLR288C
P46943,YLR289W
P32502,YLR291C
P39742,YLR292C
P32835,YLR293C
O13543,YLR294C
Q12349,YLR295C
Q05899,YLR297W
Q05900,YLR298C
Q05902,YLR299W
P23776,YLR300W
Q05905,YLR301W
P06106,YLR303W
P19414,YLR304C
P37297,YLR305C
P52491,YLR306W
P04821,YLR310C
Q06159,YLR312C
Q06160,YLR313C
P32457,YLR314C
Q06162,YLR315W
O13553,YLR317W
P41697,YLR319C
Q06164,YLR320W
Q06168,YLR321C
O13554,YLR322W
Q06169,YLR324W
P49167,YLR325C
Q06170,YLR326W
Q06177,YLR327C
Q06178,YLR328W
Q02721,YLR329W
P36027,YLR332W
Q06127,YLR334C
P32499,YLR335W
P37370,YLR337C
O94085,YLR339C
P05317,YLR340W
P38631,YLR342W
Q06135,YLR343W
Q06137,YLR345W
Q06142,YLR347C
Q06144,YLR350W
P49954,YLR351C
Q06479,YLR352W
P41698,YLR353W
P15019,YLR354C
P06168,YLR355C
O13565,YLR358C
Q05911,YLR359W
P23561,YLR362W
Q12129,YLR363C
Q7LIF1,YLR366W
Q05930,YLR368W
Q05931,YLR369W
Q05933,YLR370C
P51862,YLR371W
P40319,YLR372W
Q05934,YLR373C
P09201,YLR377C
P32915,YLR378C
Q12749,YLR383W
Q06706,YLR384C
Q06707,YLR385C
Q06708,YLR386W
Q06709,YLR387C
O13547,YLR390W-A
P18634,YLR392C
P18496,YLR393W
Q06032,YLR394W
P20795,YLR396C
P32794,YLR397C
P35207,YLR398C
P35817,YLR399C
Q06053,YLR401C
P32432,YLR403W
Q06686,YLR411W
Q06688,YLR412W
Q06695,YLR416C
Q06696,YLR417W
Q06697,YLR418C
O13563,YLR421C
Q06409,YLR422W
Q06410,YLR423C
Q06411,YLR424W
Q06412,YLR425W
Q06417,YLR426W
Q06436,YLR427W
O13564,YLR428C
Q06440,YLR429W
Q00416,YLR430W
P50095,YLR432W
P23287,YLR433C
O13576,YLR434C
Q06672,YLR435W
Q06673,YLR436C
P57743,YLR438C-A
P07991,YLR438W
P36517,YLR439W
Q12745,YLR440C
P33442,YLR441C
P06701,YLR442C
Q06204,YLR446W
P32366,YLR447C
Q06205,YLR449W
P12684,YLR450W
P08638,YLR451W
P11972,YLR452C
Q06208,YLR453C
Q06179,YLR454W
Q06188,YLR455W
Q06199,YLR456W
P52919,YLR457C
P41733,YLR459W
O13558,YLR465C
P32939,YML001W
Q04233,YML006C
P19880,YML007W
P25087,YML008C
P36533,YML009C
P27692,YML010W
Q04231,YML011C
P54837,YML012W
P49957,YML014W
Q04226,YML015C
P26570,YML016C
Q03723,YML019W
Q03722,YML020W
P49435,YML022W
Q03718,YML023C
P51998,YML025C
P34760,YML028W
Q03714,YML029W
P32500,YML031W
P06778,YML032C
Q03705,YML036W
Q03703,YML037C
Q03697,YML038C
Q03433,YML041C
P32796,YML042W
P39682,YML046W
Q04697,YML048W
Q04693,YML049C
P04387,YML051W
P00175,YML054C
Q04969,YML055W
P50094,YML056C
P14747,YML057W
Q04964,YML058W
Q04958,YML059C
P53397,YML060W
P07271,YML061C
P33441,YML062C
P38987,YML064C
P54784,YML065W
Q04651,YML067C
Q04636,YML069W
P54838,YML070W
Q04632,YML071C
P38911,YML074C
P12683,YML075C
P81450,YML081C-A
P09733,YML085C
Q02773,YML091C
P23639,YML092C
P06838,YML095C
P11747,YML098W
P05085,YML099C
P38427,YML100W
Q04199,YML102W
P52593,YML103C
Q01846,YML104C
P29478,YML105C
Q03759,YML108W
P54786,YML109W
Q03758,YML111W
P46963,YML112W
P23642,YML115C
Q03735,YML117W
Q00582,YML121W
P25297,YML123C
P09734,YML124C
Q12746,YML125C
P54839,YML126C
P39103,YML129C
P32562,YMR001C
Q03667,YMR002W
Q03673,YMR003W
Q03677,YMR009W
Q03690,YMR012W
Q04347,YMR014W
Q04359,YMR017W
P50104,YMR019W
P50264,YMR020W
P35192,YMR021C
Q02159,YMR022W
P36516,YMR024W
Q04368,YMR025W
Q04370,YMR026C
Q05080,YMR032W
Q05123,YMR033W
P23748,YMR036C
Q04212,YMR041C
P07249,YMR042W
P11746,YMR043W
Q02630,YMR047C
Q04659,YMR048W
Q04660,YMR049C
P46671,YMR052W
P46679,YMR053C
P37296,YMR054W
P26448,YMR055C
P04710,YMR056C
P38993,YMR058W
Q04675,YMR059W
P25298,YMR061W
P32493,YMR064W
Q04746,YMR065W
Q04748,YMR066W
Q04749,YMR068W
Q02486,YMR072W
Q04779,YMR075W
Q04272,YMR077C
P49956,YMR078C
P30771,YMR080C
Q04299,YMR087W
Q04301,YMR088C
P46680,YMR092C
P35203,YMR094W
Q03144,YMR095C
Q03148,YMR096W
Q03151,YMR097C
Q03177,YMR102C
P18961,YMR104C
P37012,YMR105C
Q04437,YMR106C
P07342,YMR108W
Q04439,YMR109W
Q99278,YMR112C
P38011,YMR116C
Q04477,YMR117C
Q04487,YMR118C
P38009,YMR120C
Q03880,YMR123W
P39523,YMR124W
P34160,YMR125W
P40963,YMR127C
Q04217,YMR128W
P39685,YMR129W
Q04225,YMR131C
P32841,YMR133W
P40207,YMR134W
P40208,YMR135C
P30620,YMR137C
P39110,YMR138W
P38615,YMR139W
P40217,YMR146C
P40218,YMR147W
Q02795,YMR149W
P28626,YMR151W
Q03790,YMR153W
Q03792,YMR154C
Q03818,YMR159C
Q12674,YMR162C
P38920,YMR167W
P40969,YMR168C
Q03213,YMR172W
P18899,YMR173W
Q03214,YMR176W
Q03219,YMR178W
P35209,YMR179W
Q03220,YMR180C
Q03231,YMR181C
Q03233,YMR184W
P15108,YMR186W
P35187,YMR190C
Q04322,YMR192W
P36525,YMR193W
Q04329,YMR195W
Q04338,YMR197C
Q01649,YMR198W
P20437,YMR199W
P28519,YMR201C
P23644,YMR203W
P16862,YMR205C
Q03654,YMR213W
P25303,YMR214W
Q03655,YMR215W
Q03656,YMR216C
P50102,YMR223W
P32829,YMR224C
P19956,YMR225C
Q05016,YMR226C
P14908,YMR228W
Q05022,YMR229C
P46784,YMR230W
P12868,YMR231W
Q05670,YMR232W
Q05024,YMR233W
P11745,YMR235C
Q05027,YMR236W
Q05031,YMR238W
Q02555,YMR239C
Q02554,YMR240C
Q04013,YMR241W
P20107,YMR243C
P47912,YMR246W
Q04839,YMR255W
P08468,YMR257C
P38429,YMR263W
P38428,YMR264W
P28239,YMR267W
P49960,YMR268C
P30402,YMR271C
P50111,YMR273C
Q03530,YMR274C
P48524,YMR275C
P48510,YMR276W
P39113,YMR280C
P22136,YMR282C
P32807,YMR284W
Q03264,YMR285C
P49955,YMR288W
Q03532,YMR290C
Q03533,YMR291W
Q03557,YMR293C
P36224,YMR294W
Q03559,YMR295C
P00331,YMR303C
P50101,YMR304W
Q04951,YMR305C
Q04952,YMR306W
P22146,YMR307W
P32337,YMR308C
P32497,YMR309C
P41818,YMR311C
Q04868,YMR312W
P40302,YMR314W
Q04869,YMR315W
Q04893,YMR317W
P40988,YMR319C
Q04902,YMR322C
P42222,YMR323W
P33309,YNL001W
P40693,YNL002C
P38922,YNL004W
P12687,YNL005C
P41318,YNL006W
P25294,YNL007C
P53983,YNL008C
P53541,YNL012W
P0CT04,YNL015W
P32588,YNL016W
P53976,YNL018C
P53974,YNL020C
P53973,YNL021W
P53971,YNL023C
P47821,YNL025C
P53968,YNL027W
P53967,YNL028W
P53966,YNL029C
P02309,YBR009C; YNL030W
P53965,YNL032W
P53615,YNL036W
P28834,YNL037C
P46678,YNL039W
P53958,YNL042W
P53633,YNL044W
P53955,YNL047C
P53954,YNL048W
P53953,YNL049C
P38590,YNL053W
P04840,YNL055C
P53949,YNL056W
P53947,YNL058C
P40991,YNL061W
P41814,YNL062C
P25491,YNL064C
P41813,YNL068C
P12695,YNL071W
P32047,YNL074C
P34072,YNL076W
P53939,YNL078W
P14242,YNL082W
P39013,YNL084C
P40850,YNL085W
P48232,YNL086W
P06786,YNL088W
P06781,YNL090W
P53935,YNL091W
P53934,YNL092W
P36019,YNL093W
P53933,YNL094W
P53932,YNL095C
P48164,YNL096C
P50947,YNL097C
P01120,YNL098C
P50946,YNL099C
P50944,YNL101W
P13382,YNL102W
P32389,YNL103W
P50942,YNL106C
P53930,YNL107W
P53927,YNL110C
P28000,YNL113W
P53924,YNL116W
P53550,YNL118C
P07213,YNL121C
P53918,YNL125C
P53917,YNL127W
P53916,YNL128W
P53915,YNL129W
P17898,YNL130C
P53914,YNL132W
P20081,YNL135C
P17555,YNL138W
P53552,YNL139C
P53905,YNL147W
P17890,YNL151C
P53901,YNL152W
P23292,YNL154C
P53899,YNL155W
P53895,YNL159C
P38616,YNL160W
P53894,YNL161W
P53886,YNL172W
P53885,YNL173C
P53883,YNL175C
P53877,YNL182C
P22211,YNL183C
P53873,YNL187W
P11927,YNL188W
Q02821,YNL189W
P53871,YNL191W
P40169,YNL194C
P34761,YNL197C
Q01722,YNL199C
P40164,YNL201C
P40160,YNL207W
P40159,YNL208W
P40155,YNL214W
P40154,YNL215W
P11938,YNL216W
P40152,YNL217W
P53538,YNL222W
P53865,YNL225C
P53864,YNL226W
P23202,YNL229C
P53861,YNL230C
P53859,YNL232W
P32259,YNL236W
P13134,YNL238W
P33338,YNL243W
P32911,YNL244C
P53853,YNL246W
Q01080,YNL248C
P12753,YNL250W
P53617,YNL251C
P36528,YNL252C
P53851,YNL253W
P50874,YNL261W
P21951,YNL262W
P53845,YNL263C
P53843,YNL265C
P53842,YNL266W
P41832,YNL271C
P17065,YNL272C
P53840,YNL273W
P08465,YNL277W
P53835,YNL279W
P36520,YNL284C
P53831,YNL285W
P53829,YNL288W
P24867,YNL289W
P38629,YNL290W
P48567,YNL292W
P48562,YNL298W
P48560,YNL300W
P48559,YNL304W
P21965,YNL307C
P42846,YNL308C
P42845,YNL309W
P42843,YNL311C
P26754,YNL312W
P42842,YNL313C
P21705,YNL314W
P42841,YNL317W
P42840,YNL320W
P42838,YNL323W
P32561,YNL330C
P42884,YNL331C
P53824,YNL333W
P53823,YNL334C
P00890,YNR001C
P32907,YNR002C
P32910,YNR003C
P40342,YNR004W
P40344,YNR007C
P33308,YNR010W
P20095,YNR011C
P53720,YNR015W
Q00955,YNR016C
P32897,YNR017W
P53629,YNR019W
P53724,YNR022C
P53628,YNR023W
P53599,YNR031C
P32838,YNR032W
P37254,YNR033W
P53735,YNR039C
P53736,YNR040W
P53737,YNR042W
P53738,YNR046W
P53739,YNR047W
P38999,YNR050C
P39008,YNR052C
P53742,YNR053C
P53749,YNR063W
P53750,YNR064C
P53751,YNR065C
P53754,YNR068C
P53755,YNR069C
P20052,YOL001W
Q12006,YOL003C
P22579,YOL004W
P38902,YOL005C
P04786,YOL006C
Q92328,YOL009C
Q08096,YOL010W
Q08108,YOL011W
Q12692,YOL012C
Q08110,YOL014W
Q08118,YOL015W
P22517,YOL016C
Q08119,YOL017W
Q08144,YOL018C
Q08162,YOL021C
Q08204,YOL034W
Q08207,YOL035C
P40303,YOL038W
Q08208,YOL041C
Q08214,YOL043C
Q08215,YOL044W
P19659,YOL051W
Q12161,YOL054W
Q08224,YOL055C
P41911,YOL059W
Q12265,YOL061W
Q08226,YOL063C
P32179,YOL064C
Q12362,YOL066C
P32607,YOL067C
P53685,YOL068C
P33895,YOL069W
Q08229,YOL070C
Q08232,YOL073C
Q08235,YOL077C
Q08236,YOL078W
P19158,YOL081W
P35193,YOL082W
Q12292,YOL083W
P00330,YOL086C
P25847,YOL090W
P40339,YOL094C
Q12039,YOL095C
Q12236,YOL100W
Q12273,YOL103W-B
Q08241,YOL106W
P13902,YOL108C
Q12285,YOL111C
Q12469,YOL113W
P53632,YOL115W
Q12348,YOL117W
Q99383,YOL123W
Q12222,YOL128C
Q08270,YOL131W
Q08271,YOL132W
Q08273,YOL133W
Q08278,YOL135C
P07260,YOL139C
P89105,YOL145C
Q12462,YOL147C
P50875,YOL148C
Q12517,YOL149W
Q08293,YOL150C
Q12333,YOL152W
P54862,YOL156W
Q12149,YOR001W
Q08387,YOR005C
Q12118,YOR007C
P38903,YOR014W
Q12450,YOR016C
P15705,YOR027W
Q12243,YOR029W
Q12013,YOR034C
P51534,YOR035C
P32854,YOR036W
P38909,YOR037W
P32480,YOR038C
P38930,YOR039W
Q08412,YOR042W
P12611,YOR043W
P33448,YOR045W
P20449,YOR046C
Q02794,YOR047C
Q08417,YOR049C
Q08421,YOR051C
Q08438,YOR054C
Q08446,YOR057W
P19454,YOR061W
P14126,YOR063W
Q08465,YOR064C
Q08471,YOR066W
Q92331,YOR069W
P06785,YOR074C
P41834,YOR075W
Q12067,YOR079C
Q08496,YOR080W
Q08498,YOR082C
Q12416,YOR083W
Q12405,YOR084W
P48439,YOR085W
P36017,YOR089C
Q12511,YOR090C
Q12274,YOR097C
P20676,YOR098C
P01119,YOR101W
Q12241,YOR106W
Q12415,YOR110W
Q12219,YOR114W
P04051,YOR116C
P33297,YOR117W
Q12196,YOR119C
P07274,YOR122C
P39083,YOR127W
P21264,YOR128C
Q12486,YOR131C
P32324,YOR133W; YDR385W
P28241,YOR136W
Q08533,YOR146W
P08518,YOR151C
Q12232,YOR154W
Q99312,YOR155C
Q12216,YOR156C
P25043,YOR157C
Q12330,YOR159C
Q12412,YOR161C
Q12125,YOR164C
Q99287,YOR165W
Q12246,YOR171C
Q12340,YOR172W
Q12123,YOR173W
Q08550,YOR177C
P28006,YOR178C
Q12446,YOR181W
P02992,YOR187W
P32603,YOR190W
Q08562,YOR191W
P32773,YOR194C
Q08601,YOR197W
P38934,YOR198C
P25270,YOR201C
P06633,YOR202W
P39744,YOR206W
P22276,YOR207C
P22139,YOR210W
P18851,YOR212W
Q99314,YOR213C
Q12032,YOR215C
P20436,YOR224C
Q12056,YOR226C
Q12206,YOR229W
Q12363,YOR230W
P38523,YOR232W
Q01919,YOR233W
Q08647,YOR243C
Q08649,YOR244W
Q08687,YOR252W
P14906,YOR254C
P06704,YOR257W
P53549,YOR259C
P09032,YOR260W
Q08723,YOR261C
Q08729,YOR264W
Q08732,YOR267C
P32563,YOR270C
Q12029,YOR271C
Q12024,YOR272W
Q12033,YOR275C
Q12134,YOR284W
Q12305,YOR285W
Q12404,YOR288C
P22082,YOR290C
Q08745,YOR293W
Q08746,YOR294W
Q08754,YOR299W
Q12420,YOR308C
Q12499,YOR310C
Q12382,YOR311C
P0CX24,YOR312C
Q99181,YOR319W
Q99332,YOR324C
Q12261,YOR325W
P33328,YOR327C
P34758,YOR329C
Q08786,YOR331C
P22203,YOR332W
P40825,YOR335C
P52492,YOR339C
P46669,YOR340C
P10964,YOR341W
P41913,YOR355W
Q02516,YOR358W
P06103,YOR361C
P21242,YOR362C
P48581,YOR368W
P46367,YOR374W
Q08904,YOR380W
P05066,YOR386W
Q12483,YPL002C
Q12059,YPL003W
Q12230,YPL004C
Q12297,YPL011C
Q12754,YPL012W
P09547,YPL016W
Q02725,YPL019C
P06777,YPL022W
Q12505,YPL026C
P32580,YPL029W
P17157,YPL031C
Q03083,YPL034W
P19657,YPL036W
Q03081,YPL038W
P39073,YPL042C
P37838,YPL043W
Q03063,YPL049C
P39107,YPL050C
Q02804,YPL051W
P54115,YPL061W
Q12194,YPL066W
Q02866,YPL070W
P46961,YPL076W
P05626,YPL078C
P32333,YPL082C
P48582,YPL084W
P48415,YPL085W
Q02908,YPL086C
Q02892,YPL093W
P21825,YPL094C
P48527,YPL097W
P00812,YPL111W
Q02969,YPL112C
P32873,YPL115C
P33419,YPL124W
P53551,YPL127C
Q02457,YPL128C
P35189,YPL129W
P26321,YPL131W
Q03010,YPL139C
P32491,YPL140C
P41909,YPL147W
Q12152,YPL150W
Q12417,YPL151C
P26637,YPL160W
P39011,YPL161C
Q12042,YPL162C
Q12083,YPL164C
P33420,YPL174C
Q08920,YPL178W
P01149,YPL187W
P06245,YPL203W
P29295,YPL204W
P38688,YPL210C
Q08963,YPL213W
P40350,YPL227C
P32842,YPL234C
Q12464,YPL235W
P09064,YPL237W
P02829,YPL240C
P38687,YPL243W
P04386,YPL248C
Q12344,YPL249C
O14455,YPL249C-A
Q12045,YPL253C
Q12414,YPL257W-B
Q08975,YPL258C
Q00776,YPL259C
Q08980,YPL264C
P32526,YPL269W
P22138,YPR010C
Q12522,YPR016C
P30665,YPR019W
Q12233,YPR020W
Q12038,YPR032W
Q12284,YPR037C
P38431,YPR041W
Q12181,YPR048W
P41808,YPR054W
Q99344,YPR066W
Q12425,YPR067W
Q12346,YPR071W
Q06815,YPR079W
Q06817,YPR081C
Q06819,YPR082C
P29055,YPR086W
Q06835,YPR094W
Q06091,YPR101W
Q06096,YPR105C
Q06098,YPR106W
P07703,YPR110C
P32328,YPR111W
Q06106,YPR112C
P30283,YPR120C
Q06449,YPR154W
P20053,YPR178W
P24719,YOR351C
Q03308,YPL045W
P53940,YNL077W
Q99189,YOR160W
Q08962,YPL211W
Q06598,YPR201W
P38757,YHR004C
P40574,YIR018W
P39946,YOR269W
Q03175,YMR101C
P04046,YMR300C
Q12380,YPL149W
Q12461,YPL152W
Q08217,YOL045W
P06738,YPR160W
P43569,YFL028C
Q12514,YPR072W
P47111,YJR044C
Q12080,YPL146C
O94084,YLR338W
P47152,YJR115W
Q02606,YPL014W
P53175,YGL052W
P50078,YGR221C
Q05785,YLR206W
Q06488,YLR357W
Q03579,YMR298W
P45978,YPR129W
Q03103,YML130C
Q00453,YMR182C
Q08553,YOR179C
Q06102,YPR107C
P53540,YNL126W
P52960,YOR363C
Q03640,YML072C
P33302,YOR153W
P07807,YOR236W
Q02209,YKR011C
O13567,YPR126C
P40961,YGR132C
Q03012,YPL138C
Q04740,YMR234W
Q02825,YPL083C
P43638,YJL042W
P36155,YKR075C
P54003,YML052W
Q04364,YMR018W
Q04767,YMR071C
Q04847,YMR258C
P40161,YNL206C
P48525,YOL033W
Q12512,YOL154W
P36025,YOR062C
Q3E7X9,YOR167C
P53867,YNL223W
P25596,YCL073C
Q04182,YDR406W
P36172,YKR105C
Q03263,YMR279C
Q08193,YOL030W
Q12256,YOR273C
Q06497,YPR128C
P33335,YPR198W
P53245,YGR069W
Q12748,YLR381W
Q12530,YLR145W
P21560,YPL215W
Q02749,YPL068C
P32832,YMR091C
P53897,YNL157W
Q99247,YOL087C
Q08773,YOR304W
P24482,YPR175W
P32349,YPR190C
P22216,YPL153C
Q06506,YPR137W
Q12424,YDL206W
P40012,YER014W
P33413,YHL016C
P47008,YJL145W
P32525,YJL201W
P39012,YLR088W
Q12072,YLR095C
Q3E747,YLR363W-A
P54787,YML097C
P13090,YML116W
Q04835,YMR253C
P40308,YMR313C
P53907,YNL144C
P53882,YNL176C
P32378,YNR041C
Q08182,YOL028C
Q12271,YOR109W
P32266,YOR211C
Q12502,YOR322C
Q08911,YOR388C
Q02651,YPL027W
Q12052,YPL157W
Q12270,YPL246C
Q12734,YPR030W
Q06833,YPR091C
P32486,YPR159W
Q06604,YPR171W
P32606,YOR017W
P17558,YOR158W
Q08269,YOL130W
Q06108,YPR115W
P32875,YOR196C
Q12341,YPL001W
P40461,YIL141W
P53437,YMR270C
Q04089,YDR440W
P53248,YGR077C
P32329,YLR120C
Q12288,YLR126C
P32874,YMR207C
Q05029,YMR237W
P53844,YNL264C
P32074,YNL287W
Q12272,YOL102C
P24784,YPL119C
P0CX30,YPR132W
Q06625,YPR184W
Q08949,YPL194W
P43595,YFR012W
Q04867,YMR310C
P24783,YNL112W
P50943,YNL105W
Q06608,YPR172W
Q06682,YDR330W
P38630,YOR217W
Q99186,YOL062C
P22353,YJL063C
P22354,YKR085C
Q06321,YLR189C
Q12487,YOR150W
Q06090,YPR100W
P22133,YOL126C
P38967,YOL020W
Q06451,YPR156C
P30656,YPR103W
P41735,YOR125C
P07257,YPR191W
P40547,YIL017C
P39945,YER101C
Q12287,YLL009C
Q12436,YLR130C
P32572,YNL204C
Q08202,YOL032W
Q08206,YOL036W
Q08650,YOR245C
P22215,YOR307C
Q08931,YPL192C
P53847,YNL258C
P06780,YPR165W
P38910,YOR020C
Q12466,YOR086C
P53858,YNL233W
Q12077,YLR140W
Q08685,YOR250C
Q12289,YOR100C
Q08683,YOR249C
Q12027,YDL176W
P38746,YHL014C
P32604,YJL155C
Q04018,YMR244W
P53857,YNL234W
Q08157,YOL019W
Q99299,YPL158C
Q02979,YPL110C
P20134,YOR140W
Q12343,YOR174W
Q12321,YPR070W
Q06213,YPR168W
P32453,YNL315C
P21306,YPL271W
P40361,YJL070C
P0CX64,YGR161W-B
P38925,YOL122C
P43534,YFL058W
P53950,YNL054W
P32490,YOR231W
Q06143,YLR348C
P38991,YPL209C
P53879,YNL180C
Q08967,YPL221W
P32611,YEL050C
P36139,YKR046C
P40215,YMR145C
P53962,YNL035C
P53919,YNL124W
P39006,YNL169C
Q12386,YOR141C
P16622,YOR176W
P32836,YOR185C
P30624,YOR317W
P07262,YOR375C
P41819,YPL266W
P12962,YOR276W
Q06834,YPR093C
Q06541,YLR242C
P24869,YPR119W
P53862,YNL228W
Q03787,YDR249C
Q02724,YPL020C
P20438,YPL256C
P05374,YGR157W
P33421,YKL141W
Q00711,YKL148C
P21801,YLL041C
P19145,YKR039W
Q12320,YOR040W
P32419,YDL078C
P29952,YER003C
P14065,YOR120W
P41338,YPL028W
P54999,YPR182W
P43591,YFR007W
P38439,YOR123C
P25045,YMR296C
P40214,YMR144W
P07263,YPR033C
P54791,YPR162C
P38362,YBR300C
P42936,YGR201C
P53307,YGR219W
P50087,YGR235C
P47072,YJL016W
P40857,YJL097W
P53584,YNL237W
P53390,YPR138C
Q08245,YOL109W
Q12143,YPL233W
Q99257,YPL169C
P07246,YMR083W
P40959,YMR004W
Q12060,YPL254W
P37366,YPR025C
P38702,YHR002W
Q06011,YLR390W
Q12050,YOR144C
P38766,YHR031C
P12887,YML021C
Q07979,YLR033W
Q08749,YOR297C
P36173,YKR106W
Q03630,YML077W
Q05777,YLR194C
O13519,YPL136W
P32855,YPR055W
Q06078,YLR409C
Q03795,YMR155W
P13586,YGL167C
P47159,YJR124C
P53838,YNL275W
P42839,YNL321W
P27514,YNR013C
P53389,YNR055C
Q08929,YPL189W
Q08986,YPL274W
P49573,YPR124W
Q06593,YPR194C
Q02732,YPL018W
Q04935,YDR231C
P32450,YFL010W-A
P43622,YFR054C
P53167,YGL063W
P53231,YGR050C
P18962,YHR028C
P05375,YJR073C
Q12473,YLL051C
Q06200,YLR443W
Q12744,YML094C-A
Q04461,YMR111C
Q03691,YMR200W
Q04792,YMR250W
P53616,YNL066W
P17536,YNL079C
P32573,YNL202W
P53834,YNL281W
P53731,YNR035C
P19524,YOR326W
Q12280,YPL242C
P41806,YGR105W
Q03067,YPL047W
P53032,YGL162W
Q02100,YNL167C
Q08923,YPL181W
Q12109,YOL097C
P07267,YPL154C
P23254,YPR074C
P08459,YDR522C
P29547,YPL048W
Q12003,YPL236C
P32601,YPR017C
P53863,YNL227C
Q12308,YPL007C
Q04007,YDR186C
P40434,YIL177C
P32459,YIR032C
Q04806,YMR251W
P38426,YMR261C
P32288,YPR035W
Q04305,YMR093W
Q02948,YPL120W
P40360,YJL071W
Q12325,YLR092W
P39965,YER087W
P24871,YLR210W
Q08905,YOR381W
Q03824,YMR163C
Q03002,YPL141C
Q12121,YDL211C
P47187,YJR161C
P53756,YNR070W
P53394,YPR003C
P25364,YCR065W
Q04930,YDR223W
Q04383,YDR501W
P39980,YEL065W
P43618,YFR046C
P53071,YGL235W
P38721,YHL050C
P40537,YIL031W
P40489,YIL101C
P21826,YIR031C
P47114,YJR054W
P36093,YKL043W
P34233,YKL185W
P36158,YKR078W
P36165,YKR089C
Q06266,YLR183C
Q06315,YLR187W
Q05854,YLR278C
P34161,YML027W
Q03707,YML034W
Q03208,YML119W
P50105,YMR005W
P38717,YNL257C
P53836,YNL278W
P53819,YNL339C
P22768,YOL058W
P50275,YOR058C
Q12043,YOR081C
Q12057,YOR104W
P21339,YOR188W
Q08581,YOR195W
Q12507,YOR315W
Q08887,YOR372C
P28743,YPL155C
Q12048,YPL250C
Q12365,YPL255W
Q08981,YPL267W
Q12495,YPR018W
P17119,YPR141C
Q06616,YPR174C
Q12374,YPR155C
P40540,YIL027C
P38336,YBR257W
P53218,YGR030C
P41812,YNL221C
P53833,YNL282W
P25375,YCL057W
P27796,YIL160C
Q06525,YPR152C
P53846,YNL260C
Q08817,YOR353C
P40328,YPL074W
P08417,YPL262W
P53733,YNR037C
P22580,YDR242W
P32860,YKL040C
Q06163,YLR318W
Q05924,YLR361C
Q03653,YMR212C
Q04781,YMR247C
P39112,YMR287C
P53753,YNR067C
P53757,YNR071C
Q12400,YOL093W
Q12166,YOR108W
Q99222,YOR129C
Q02875,YPL105C
Q02890,YPL096W
P39993,YEL022W
Q08474,YOR068C
Q03695,YMR206W
P20447,YGL078C
Q07879,YLL042C
Q12527,YPR049C
Q06103,YPR108W
Q05809,YLR218C
P53730,YNR030W
P53960,YNL040W
P36136,YKR043C
P19541,YPL133C
Q02206,YKR008W
P53941,YNL075W
Q08444,YOR056C
Q06512,YPR144C
P32614,YEL047C
Q08419,YOR050C
O75012,YDL045W-A
P48237,YGR150C
P47141,YJR101W
P28778,YKL003C
P36056,YKL155C
P27929,YNL137C
P53874,YNL186W
P42847,YNL306W
Q08622,YOR205C
Q02608,YPL013C
Q02950,YPL118W
Q07865,YLL037W
P33336,YGR143W
Q03660,YMR218C
Q99394,YOR115C
Q03730,YML018C
P32864,YOR370C
O13574,YLR255C
Q12311,YPR031W
P54072,YLR152C
A5Z2X5,YPR010C-A
P29461,YOR208W
P40556,YIL006W
P53909,YNL141W
Q06158,YLR311C
Q12402,YPR028W
Q07729,YDL238C
Q08955,YPL200W
Q08951,YPL195W
Q12406,YPR034W
Q02896,YPL087W
P19516,YPL132W
Q12367,YLR137W
Q04502,YML089C
Q05998,YLR237W
Q08579,YOR192C
Q12160,YPR063C
Q02767,YPL065W
P23293,YPR161C
Q12174,YLR123C
Q03020,YPL135W
Q07791,YDR261W-B
P38876,YHR189W
P33303,YJR095W
P53388,YPL265W
P34250,YKL105C
P36042,YKL202W
P36119,YKR023W
P36141,YKR049C
Q04436,YMR103C
P40210,YMR140W
Q03796,YMR156C
Q03508,YMR265C
P39104,YNL267W
P41821,YNL291C
Q08216,YOL046C
Q12498,YPL156C
Q08970,YPL224C
Q12753,YPR008W
Q12432,YPR023C
Q8TGK8,YPR160C-A
Q12115,YDL016C
Q03503,YPR051W
Q06810,YPR075C
O13582,YPR076W
Q06592,YPR193C
P14291,YLR263W
P20424,YPR088C
Q02931,YPL126W
P40104,YER189W
Q08961,YPL208W
P47144,YJR106W
P40167,YNL196C
Q12082,YDL157C
P50945,YNL100W
P36144,YKR060W
Q08965,YPL217C
P40092,YER150W
P47053,YJL043W
Q12089,YPL005W
O13545,YLR374C
P39683,YOR209C
Q08645,YOR241W
P53890,YNL166C
P40583,YIR039C
Q06567,YLR253W
Q12179,YPL245W
Q99345,YOL085C
Q07660,YDL231C
P36033,YKL220C
Q6B0Y7,YMR075C-A
P47161,YJR126C
P40206,YMR132C
Q03750,YML114C
P15380,YOR348C
P53276,YGR128C
P34247,YKL099C
P32377,YNR043W
P53743,YNR054C
Q08492,YOR078W
Q04179,YDR400W
P46999,YJL160C
P39106,YER001W
P40464,YIL134W
Q99271,YLR138W
P42833,YNL318C
P53752,YNR066C
P38969,YOR266W
P32331,YPR058W
P32849,YLR032W
P53887,YNL171C
P30775,YGL143C
P53727,YNR027W
Q03254,YMR277W
P53978,YNL014W
P54885,YOR323C
Q12433,YOR023C
P47002,YJL156C
P0CX43,YPL220W
P36081,YKL077W
Q12017,YOR281C
Q07830,YLL031C
Q12180,YOL089C
Q08873,YOR367W
P22516,YPL008W
P50277,YNR058W
P38738,YHL029C
P0CY11,YCR097W
P53306,YGR216C
P24280,YMR079W
P47976,YDR151C
P38767,YHR032W
P0CW40,YIL172C
P43625,YFR057W
P40531,YIL041W
P32857,YKL039W
Q05979,YLR231C
O13555,YLR331C
P53740,YNR048W
Q12411,YOL091W
Q12094,YOR006C
Q12282,YOR214C
P09937,YOR313C
P20606,YPL218W
P35201,YKL089W
P32336,YOR373W
Q06704,YLR309C
Q04052,YDR421W
Q06340,YDR363W
P46958,YJL146W
Q12431,YLL014W
P32843,YMR302C
P53830,YNL286W
Q06490,YPR121W
P36046,YKL195W
Q04372,YMR028W
Q04336,YMR196W
Q03266,YMR289W
P20048,YMR013C
Q99216,YOR145C
Q12291,YLR063W
Q02981,YPL109C
P00424,YNL052W
P53900,YNL153C
Q02796,YPL055C
P32896,YDR081C
Q06813,YPR078C
P35176,YDR304C
Q04069,YDR431W
P17695,YDR513W
P53192,YGL020C
Q04201,YML101C
Q08300,YOL159C
Q12184,YPL252C
Q99288,YDR051C
Q05050,YMR031C
Q04279,YMR086W
Q05541,YDR288W
P25502,YKL015W
Q07988,YLR040C
Q08558,YOR180C
P41921,YPL091W
P38994,YDR208W
P09368,YLR142W
Q06685,YLR410W
Q3E7Z0,YNL277W-A
Q12532,YPL009C
Q04311,YDR049W
Q04638,YML068W
Q12531,YPR015C
P34249,YKL102C
P47087,YJR012C
P47146,YJR108W
P87283,YDR274C
P22438,YGR171C
P47005,YJL149W
Q12452,YLR100W
Q04511,YML088W
P00729,YMR297W
Q12199,YPR040W
P46982,YJL186W
P46972,YMR035W
P35844,YPL145C
O13583,YPR077C
O13297,YPL228W
P20435,YPR187W
P53600,YPL010W
Q08968,YPL222W
P36087,YKL070W
Q99382,YLR065C
P31115,YFL001W
P46991,YJL175W
P32462,YNL280C
Q08259,YOL118C
Q12444,YOR309C
Q12506,YOR314W
P47190,YOR321W
Q12028,YPR029C
Q99210,YOR111W
Q08902,YOR378W
P06634,YOR204W
P20133,YPR176C
P53239,YGR062C
P26449,YOR026W
P15303,YPR181C
P08067,YEL024W
Q04458,YMR110C
Q08227,YOL065C
P43607,YFR032C
P03874,YHL038C
P47108,YJR041C
Q07921,YLR010C
Q12016,YOL129W
P06197,YPR113W
P14020,YPR183W
P46964,YOR103C
Q12509,YLR085C
Q06523,YPR148C
P27515,YNR012W
Q06151,YLR270W
Q08646,YOR242C
P43623,YFR055W
P53128,YGL125W
Q03236,YMR187C
Q12218,YOR009W
O13517,YPL102C
O13518,YPL114W
O13569,YPR136C
Q03246,YMR188C
Q12004,YPR056W
Q06689,YLR413W
Q01589,YDR077W
Q02685,YPL024W
P53069,YGL239C
Q12318,YLR376C
Q02939,YPL122C
P87270,YDR442W
P33411,YGR006W
P48566,YNL293W
O14467,YOR298C-A
Q02891,YPL095C
P53959,YNL041C
P53875,YNL185C
P34230,YKL188C
P53741,YNR051C
P40098,YER182W
P38838,YHR134W
Q08972,YPL226W
Q02961,YPL113C
P32489,YPL121C
P0C2J3,YLR410W-B
Q6Q572,YMR031W-A
P53604,YNR049C
P32867,YPL232W
Q05958,YLR228C
Q12224,YPL089C
P38996,YPL190C
P39521,YPR104C
P12383,YGL013C
P54005,YMR316W
Q01532,YNL239W
P47119,YJR069C
Q12128,YOR134W
Q05040,YMR029C
Q08921,YPL180W
P21182,YOL052C
P32363,YPL175W
P38754,YHL001W
Q03661,YMR219W
P40099,YER183C
P16523,YNL210W
P48564,YNL295W
P22148,YOL116W
P40917,YOR028C
P33300,YPL057C
P07258,YOR303W
P0CX61,YFL002W-B
P15454,YDR454C
P39967,YER098W
P38636,YNL259C
P87272,YDR509W
Q08457,YOR060C
Q08285,YOL142W
Q08491,YOR076C
P17883,YPR189W
P40156,YNL213C
P38858,YHR163W
P53273,YGR125W
Q12192,YOR279C
Q12091,YPL170W
P53769,YLR323C
P43550,YFL053W
P40993,YDR478W
P40023,YER035W
P43578,YFL015C
P53223,YGR036C
P53099,YGL186C
P39531,YJL204C
Q12496,YOL098C
P41807,YPR036W
P47185,YJR158W
Q04773,YMR074C
Q08831,YOR359W
Q06821,YPR084W
Q12385,YLR099C
P53507,YNL070W
P39526,YJL207C
P26725,YJL139C
Q04991,YMR221C
Q12096,YOR320C
Q08906,YOR382W
Q12366,YOL104C
P53746,YNR060W
P53970,YNL024C
Q02872,YPL108W
Q08743,YOR292C
P10566,YJL133W
P39541,YJL195C
Q06543,YLR243W
Q12339,YOR004W
Q8TGK9,YPL135C-A
Q06836,YPR095C
Q06624,YPR180W
P53160,YGL074C
Q06132,YLR336C
Q08964,YPL216W
P23501,YKR053C
P39542,YJL193W
Q12177,YLL056C
Q03554,YMR292W
P42836,YNL326C
P11655,YNR026C
Q08234,YOL075C
Q08774,YOR305W
Q02831,YPL077C
Q08992,YPL280W
P53745,YNR059W
Q01766,YPR005C
P41546,YFL031W
P41902,YOR031W
P32385,YLL046C
Q06247,YLR173W
P53744,YNR056C
P41930,YPL092W
P40151,YNL218W
P40463,YIL135C
O13559,YLR466W
Q02932,YPL125W
P52923,YNR074C
Q03652,YMR211W
P53294,YGR169C
Q03687,YMR010W
Q12251,YPR011C
Q04493,YML094W
P53263,YGR107W
Q06628,YPR185W
Q04949,YMR299C
P35725,YKL063C
Q12520,YPL244C
P38800,YHR080C
P39931,YLR250W
P80210,YNL220W
P16547,YIL136W
P05319,YOL039W
P47164,YJR130C
Q12242,YOR138C
Q08811,YOR345C
P47020,YJL120W
P40987,YOR349W
P07884,YOR274W
P40341,YMR089C
P25042,YPR065W
Q08886,YOR371C
P43610,YFR038W
P38752,YHL005C
P38824,YHR116W
P47010,YJL142C
P47176,YJR148W
P35735,YKL051W
Q99339,YLL065W
Q04533,YML082W
P54000,YMR039C
Q04471,YMR114C
P32048,YNL073W
P53869,YNL211C
P53856,YNL235C
P0CX50,YNL301C
P53725,YNR024W
P25040,YOL022C
Q08213,YOL042W
Q08486,YOR072W
P35202,YOR143C
Q01926,YOR334W
P22023,YOR336W
P54070,YPL053C
Q02889,YPL098C
P53906,YNL146W
Q08484,YOR070C
P42939,YGR206W
P41948,YNL142W
Q08448,YOR059C
Q08958,YPL205C
P36159,YKR079C
P32567,YMR165C
Q08915,YOR392W
P40323,YPL073C
Q08956,YPL201C
Q08789,YOR333C
P21592,YPL172C
Q12211,YPL212C
Q06493,YPR125W
Q03088,YPL032C
Q08974,YPL257W
P53183,YGL039W
P53137,YGL110C
P53342,YGR293C
P40529,YIL044C
P36153,YKR073C
Q08561,YOR189W
Q99297,YOR222W
Q08651,YOR246C
Q08702,YOR258W
Q08728,YOR263C
Q08756,YOR300W
Q99318,YOR318C
Q08910,YOR387C
Q99395,YPL229W
Q12262,YPR046W
P08593,YPR134W
P0C2I9,YPR137C-B
Q12207,YPR149W
P47012,YJL135W
P40202,YMR038C
Q08907,YOR383C
Q99401,YPL238C
P43636,YGL065C
P43635,YPR001W
P38750,YHL008C
P04456,YOL127W
P40538,YIL029C
O13550,YLR269C
P33894,YOR219C
Q08984,YPL272C
P53320,YGR257C
P38844,YHR143W
P35731,YKL055C
P32644,YER176W
P36114,YKR018C
Q03212,YMR171C
Q02805,YOR018W
Q08909,YOR385W
P52917,YPR173C
P20051,YLR420W
P38812,YHR100C
Q12276,YOR227W
Q03016,YPL137C
P40522,YIL056W
P0CX37,YPL090C
P36096,YKL034W
P46993,YJL170C
Q08521,YOR121C
Q06010,YLR389C
P05759,YLR167W
P53849,YNL255C
Q02864,YPL071C
P53598,YOR142W
P40539,YIL028W
P32343,YKL124W
P46959,YJL125C
P53979,YNL013C
Q02784,YPL059W
Q99177,YPR057W
P21375,YJR051W
Q12247,YLR068W
P15624,YLR060W
P48606,YOR265W
P40414,YIL138C
O94086,YLR349W
Q03516,YMR266W
P36014,YKL026C
P32452,YNL316C
Q08872,YOR366W
Q08485,YOR071C
Q99252,YOR092W
O13578,YLR415C
P14306,YLR178C
P40516,YIL064W
Q12171,YOR147W
P32945,YPL179W
P04039,YLR395C
Q08966,YPL219W
P33890,YOR010C
P40897,YJL212C
P53855,YNL242W
P53943,YNL065W
Q12239,YOL107W
Q08673,YOR247W
Q06839,YPR097W
Q04264,YMR076C
Q12398,YOR032C
Q12275,YOR093C
Q12221,YPR042C
Q12074,YPR069C
Q03124,YML127W
P53726,YNR025C
P36148,YKR067W
P42834,YNL328C
Q12245,YPL144W
P53860,YNL231C
P48231,YNL087W
Q02659,YPL025C
P23585,YMR011W
P47013,YJL134W
Q08237,YOL080C
P40564,YIR004W
P46986,YJL182C
P0C0W1,YJL190C
Q06703,YLR308W
Q12044,YOR220W
P38770,YHR036W
Q08842,YOR364W
P33311,YPL270W
P0CL24,YJL222W-B
Q05021,YMR227C
P47023,YJL114W
P49017,YML110C
P53866,YNL224C
P47059,YJL032W
Q03099,YML133C
P32352,YMR202W
P53728,YNR028W
Q12172,YOR162C
Q12012,YOR289W
P40353,YOR377W
Q02770,YPL064C
P36143,YKR058W
P53878,YNL181W
Q12215,YOL105C
P40525,YIL052C
P40188,YIL057C
Q08908,YOR384W
Q06892,YPL188W
P53283,YGR138C
Q03648,YMR209C
P32589,YPL106C
P50085,YGR231C
Q07825,YLL029W
P46989,YJL178C
P40898,YJL211C
Q08750,YOR298W
P32559,YMR023C
P53944,YNL063W
Q12092,YPL166W
Q06822,YPR085C
Q02792,YOR048C
P39926,YMR183C
P54007,YLR460C
Q99219,YIL082W
P36078,YKL084W
Q12108,YOR118W
Q12058,YPL251W
Q06146,YLR257W
P47028,YJL086C
Q02783,YPL060W
P12685,YJL129C
P39532,YJL202C
P24309,YKL149C
P53937,YNL081C
P0C074,YNL138W-A
P38921,YNL003C
P49334,YNL131W
P53317,YGR251W
P35996,YKL170W
P11412,YNL241C
P40896,YJL213W
Q06511,YPR143W
Q12068,YOL151W
Q12049,YPR045C
Q06505,YPR133C
Q06820,YPR083W
P39105,YMR008C
P53980,YNL011C
Q99296,YLR149C
Q08172,YOL024W
P41696,YOR113W
P40474,YIL121W
P53868,YNL219C
P38912,YMR260C
P53296,YGR177C
P30606,YOL103W
P41817,YPL177C
Q05867,YLR283W
Q02884,YPL101W
P34238,YKL177W
Q12390,YLL060C
P32340,YML120C
P53892,YNL164C
P33330,YOR184W
Q02786,YPL056C
P32388,YKL167C
Q02204,YKR006C
O14464,YPL183W-A
P07390,YNR045W
Q08912,YOR389W
Q10740,YNL045W
Q12225,YOR225W
P53732,YNR036C
P28627,YMR150C
Q08490,YOR073W
Q01476,YOR124C
P08521,YOR302W
Q12482,YPR021C
Q02207,YKR009C
P49095,YMR189W
P53717,YNR005C
P40343,YNR006W
P40351,YOR067C
Q03799,YMR158W
Q12253,YLR046C
P24720,YOR350C
Q99188,YOR107W
P34167,YPR163C
P33760,YNL329C
P36129,YKR035C
Q08240,YOL099C
Q04751,YMR069W
Q12480,YPR004C
P11632,YPR052C
Q06580,YPR188C
P40501,YIL088C
Q06139,YLR346C
P08425,YPR047W
Q06236,YLR164W
P05743,YLR344W
Q08994,YPR203W
P08004,YNL192W
Q06485,YLR356W
Q99316,YOL088C
P53911,YNL136W
Q7LIF2,YLR365W
P46670,YPL241C
P49089,YPR145W
P07266,YIR021W
P36127,YKR032W
Q12244,YLL054C
Q12130,YLR112W
P53427,YLR461W
Q03102,YML131W
Q12442,YOL002C
Q08548,YOR175C
Q02776,YPL063W
Q08989,YPL277C
P47085,YJR008W
P41816,YPL171C
P28625,YMR152W
P47015,YJL131C
P32798,YOR316C
P05739,YLR448W
P53870,YNL193W
Q12208,YLR132C
P47158,YJR122W
P36137,YKR044W
P40157,YNL212W
P40498,YIL091C
P49166,YLR185W
P07143,YOR065W
P41805,YLR075W
P40212,YMR142C
P53963,YNL034W
P06776,YOR360C
Q05015,YMR222C
Q08816,YOR352W
Q08747,YOR295W
Q02642,YPL037C
P19097,YPL231W
P53854,YNL245C
Q12324,YOR087W
Q07938,YLR017W
Q05790,YLR213C
Q04213,YMR044W
P12689,YOR346W
P53912,YNL134C
P32461,YKL191W
Q12500,YLR114C
Q08930,YPL191C
P39538,YJL197W
Q08977,YPL260W
P0CX59,YOR142W-A
P42835,YNL327W
P36035,YKL217W
Q04674,YMR057C
P53891,YNL165W
Q08409,YOR011W
P20840,YJR004C
O13577,YLR437C
Q06211,YPR164W
P54074,YMR119W
P46971,YJR143C
P47022,YJL118W
P19211,YJR047C
P47177,YJR149W
Q08957,YPL202C
Q9URQ3,YLR316C
P36523,YLR312W-A
Q08960,YPL207W
P32913,YOR132W
P53729,YNR029C
Q04500,YML093W
Q05776,YLR193C
P07252,YJL209W
P48526,YPL040C
Q03162,YMR100W
P27810,YOR099W
P53893,YNL163C
P53837,YNL276C
P0C2I8,YLR256W-A
Q12523,YPL247C
Q03694,YMR204C
Q12471,YOL136C
P35995,YKL222C
P52924,YNR075W
Q04978,YML053C
P53952,YNL050C
Q08199,YOL031C
P18544,YOL140W
Q04894,YMR318C
Q03071,YPL046C
Q08932,YPL193W
P53904,YNL148C
P0C2H9,YLR406C
Q08726,YOR262W
O13532,YLR217W
P53951,YNL051W
Q08818,YOR354C
O13587,YPR096C
P26783,YJR123W
P36082,YKL076C
P36074,YKL111C
P14063,YKL138C
P36053,YKL160W
P36133,YKR040C
P36163,YKR087C
Q12354,YLR118C
P32339,YLR205C
P0C0T4,YLR333C
O13579,YLR379W
Q04228,YML013W
P54730,YMR067C
Q03823,YMR160W
Q03262,YMR278W
P53928,YNL109W
Q08231,YOL072W
Q99393,YOL101C
P54867,YOR008C
P39875,YOR033C
Q08903,YOR379C
Q02803,YPL052W
Q02895,YPL088W
Q99373,YPL159C
Q06107,YPR114W
O13568,YPR130C
Q03713,YML030W
P36097,YKL033W
P53631,YNR072W
P40851,YPR122W
Q04304,YMR090W
Q03029,YPL130W
Q05874,YLR285W
P33122,YOR344C
P53921,YNL122C
Q02521,YOR148C
Q08641,YOR239W
P13298,YML106W
Q04712,YML043C
Q03649,YMR210W
P05750,YNL178W
Q07927,YLR012C
P06208,YNL104C
Q12254,YPL163C
P25036,YOR003W
P50278,YNR034W
Q12283,YOR221C
P41057,YLR388W
Q03525,YMR269W
Q07986,YLR036C
O13556,YLR462W
P46151,YPL023C
Q02754,YPL067C
O13575,YPR177C
Q12453,YOR112W
Q12189,YOR095C
Q08741,YOR282W
Q12317,YOL112W
P50861,YOL143C
P53975,YNL019C
P53961,YNL038W
Q03218,YMR177W
Q08281,YOL138C
P0CX58,YPR137C-A
Q05043,YMR030W
Q08913,YOR390W
Q6B0W2,YPR014C
Q12114,YLR330W
P15274,YML035C
Q06466,YPR157W
Q08109,YOL013C
P41912,YOL110W
Q05892,YLR290C
P53896,YNL158W
P53872,YNL190W
Q03629,YML079W
P40211,YMR141C
P53982,YNL009W
P40162,YNL205C
P53825,YNL324W
Q08058,YOL008W
Q08222,YOL050C
Q06489,YPR118W
Q08280,YOL137W
Q12479,YOR013W
Q02887,YPL100W
P53910,YNL140C
P34166,YNL145W
Q02873,YPL107W
Q12326,YOL056W
Q99326,YOR338W
P53687,YOR025W
Q01454,YPR135W
Q06623,YPR179C
Q08428,YOR053W
Q03760,YML107C
P26786,YOR096W
Q12031,YPR006C
P53942,YNL072W
P53913,YNL133C
P53718,YNR009W
P53956,YNL046W
Q04734,YMR063W
P25719,YML078W
Q08503,YOR102W
O13548,YPR099C
Q08287,YOL144W
P53923,YNL119W
Q12188,YPR007C
Q04214,YMR045C
Q12112,YNL284C-B
Q03798,YMR157C
P53826,YNL319W
P53747,YNR061C
Q12146,YOL146W
Q08686,YOR251C
Q08742,YOR286W
P41835,YPL214C
P40345,YNR008W
Q08979,YPL263C
P18408,YPR167C
Q03028,YPL134C
P53721,YNR018W
P53822,YNL336W
Q12178,YPR062W
P07261,YPL075W
Q12375,YOR130C
Q12463,YOL124C
Q08952,YPL196W
Q02959,YPL116W
Q12214,YPR068C
Q06214,YPR169W
P0CX10,YOR393W
Q12040,YOR283W
Q08822,YOR356W
P0C0W9,YPR102C
P15179,YPL104W
O13566,YPR123C
P40347,YPR073C
